PGE2, M
1E-10,           2
3.16228E-10,    10
0.000000001,    20
3.16228E-09,    40
0.00000001,     55
3.16228E-08,    65
0.0000001,      75
