orig_index,Isomeric Smiles,Molecular Weight,AlogP,H_donors,H_acceptors,#RO5 Violations,MW,LogP,RO5_violations
0,C#N,27.025999999999996,0.13978,0.0,1.0,0.0,,,
1,[N]=O,30.006,-0.44710000000000005,0.0,1.0,0.0,,,
2,C=O,30.026,-0.1849,0.0,1.0,0.0,,,
3,[Ca],40.078,-0.3808,0.0,0.0,0.0,,,
4,C(#N)O,43.025000000000006,-0.16002,1.0,2.0,0.0,,,
5,N(=O)[O-],46.005,0.25060000000000004,0.0,3.0,0.0,,,
6,CCO,46.069,-0.0014000000000000123,1.0,1.0,0.0,,,
7,CS,48.11000000000001,0.546,1.0,1.0,0.0,,,
8,CC(=O)C,58.08,0.5952999999999999,0.0,1.0,0.0,,,
9,CC(=O)[O-],59.044000000000004,-1.2438,0.0,2.0,0.0,,,
10,C(=O)([O-])[O-],60.008,-2.447,0.0,3.0,0.0,,,
11,C(=O)(N)N,60.05599999999999,-0.9762,2.0,1.0,0.0,,,
12,C(=[NH2+])(N)N,60.07999999999999,-2.9811000000000005,3.0,0.0,0.0,,,
13,O=[Si]=O,60.084,-0.6184000000000001,0.0,2.0,0.0,,,
14,CC(C)O,60.096000000000004,0.38710000000000006,1.0,1.0,0.0,,,
15,B(O)(O)O,61.833000000000006,-2.0518,3.0,3.0,0.0,,,
16,[N+](=O)([O-])[O-],62.004000000000005,-0.23910000000000006,0.0,3.0,0.0,,,
17,c1ccoc1,68.07499999999999,1.2795999999999998,0.0,1.0,0.0,,,
18,c1cnoc1,69.06299999999999,0.6746,0.0,2.0,0.0,,,
19,C=CC(=O)[O-],71.05499999999999,-1.0777,0.0,2.0,0.0,,,
20,C1COC1=O,72.06299999999999,-0.06669999999999998,0.0,2.0,0.0,,,
21,C1CC[NH2+]C1,72.131,-0.6564000000000001,1.0,0.0,0.0,,,
22,CCC(=O)[O-],73.071,-0.8537000000000001,0.0,2.0,0.0,,,
23,CCCCO,74.12299999999999,0.7787999999999999,1.0,1.0,0.0,,,
24,CCCC[NH3+],74.14699999999999,0.028400000000000147,1.0,0.0,0.0,,,
25,C(C(=O)[O-])O,75.04299999999999,-2.2714000000000003,1.0,3.0,0.0,,,
26,C(C(=O)[O-])[NH3+],75.06700000000001,-3.0218,1.0,2.0,0.0,,,
27,CC(=O)NO,75.067,-0.4882999999999999,2.0,2.0,0.0,,,
28,C(=O)(N)NO,76.05499999999999,-0.9561000000000002,3.0,2.0,0.0,,,
29,CC(CO)O,76.095,-0.6405,2.0,2.0,0.0,,,
30,COCCO,76.095,-0.37489999999999996,1.0,2.0,0.0,,,
31,O[Si](=O)O,78.099,-1.6136000000000001,2.0,1.0,0.0,,,
32,CS(=O)C,78.13600000000001,-0.005299999999999971,0.0,1.0,0.0,,,
33,C(CS)[NH3+],78.16,-0.8419000000000001,2.0,1.0,0.0,,,
34,c1ccncc1,79.10199999999998,1.0816,0.0,1.0,0.0,,,
35,O=[Ti]=O,79.865,-0.2401,0.0,2.0,0.0,,,
36,C1C=CNC=C1,81.11799999999998,1.0070999999999999,1.0,1.0,0.0,,,
37,O=[Zn],81.389,-0.1213,0.0,1.0,0.0,,,
38,Cc1c[nH]nc1,82.106,0.7181199999999999,1.0,1.0,0.0,,,
39,C/C=C/C(=O)[O-],85.082,-0.6876,0.0,2.0,0.0,,,
40,CCCCC=O,86.13399999999999,1.3755,0.0,1.0,0.0,,,
41,CC(C)CC=O,86.13399999999999,1.2314,0.0,1.0,0.0,,,
42,C1CC[NH2+]CC1,86.158,-0.2663000000000002,1.0,0.0,0.0,,,
43,C1CNCC[NH2+]1,87.14600000000002,-1.8469999999999986,2.0,1.0,0.0,,,
44,C(=O)(C(=O)[O-])[O-],88.018,-3.5138000000000003,0.0,4.0,0.0,,,
45,CC(C(=O)[O-])O,89.07,-1.8829000000000002,1.0,3.0,0.0,,,
46,C[C@@H](C(=O)[O-])[NH3+],89.09400000000001,-2.6332999999999993,1.0,2.0,0.0,,,
47,C(C[NH3+])C(=O)[O-],89.09399999999998,-2.6316999999999995,1.0,2.0,0.0,,,
48,C(CC[NH3+])C[NH3+],90.17,-1.7495999999999983,2.0,0.0,0.0,,,
49,C(C(CO)O)O,92.09399999999998,-1.6681000000000001,3.0,3.0,0.0,,,
50,C1C(O1)CCl,92.525,0.624,0.0,1.0,0.0,,,
51,c1ccc(cc1)N,93.12899999999999,1.2687999999999997,1.0,1.0,0.0,,,
52,c1ccc(cc1)O,94.11299999999997,1.3921999999999997,1.0,1.0,0.0,,,
53,c1c[nH+]ccc1N,95.125,0.08290000000000008,1.0,1.0,0.0,,,
54,O[32P](=O)([O-])[O-],96.97790726999999,-2.1926,1.0,3.0,0.0,,,
55,[O-]S(=O)(=O)[O-],96.06299999999999,-1.3379999999999996,0.0,4.0,0.0,,,
56,C=C1C=CC(=O)O1,96.085,0.6131,0.0,2.0,0.0,,,
57,c1cc(oc1)C=O,96.08499999999998,1.0920999999999998,0.0,2.0,0.0,,,
58,[O-]P(=O)([O-])F,97.96900000000001,-1.2154000000000003,0.0,3.0,0.0,,,
59,CCC/C=C/C=O,98.14499999999998,1.5416,0.0,1.0,0.0,,,
60,C/C=C(\C)/C(=O)[O-],99.10899999999998,-0.2975000000000001,0.0,2.0,0.0,,,
61,C/C=C(/C)\C(=O)[O-],99.10899999999998,-0.2975000000000001,0.0,2.0,0.0,,,
62,C=CCN=C=S,99.15799999999999,1.2752,0.0,2.0,0.0,,,
63,C(=C(F)F)(F)F,100.01400000000001,1.9909999999999997,0.0,0.0,0.0,,,
64,C(CC=O)CC=O,100.11699999999999,0.5545,0.0,2.0,0.0,,,
65,CC(C)CC(=O)C,100.16099999999999,1.6215,0.0,1.0,0.0,,,
66,OCl(=O)(=O)=O,100.457,-4.124,1.0,4.0,0.0,,,
67,C=C(CO)C(=O)[O-],101.08099999999999,-1.7152,1.0,3.0,0.0,,,
68,CCCCC(=O)[O-],101.12499999999999,-0.07350000000000012,0.0,2.0,0.0,,,
69,O=[Al]O[Al]=O,101.961,-1.0676,0.0,3.0,0.0,,,
70,C[NH+]1CCOCC1,102.157,-1.4686999999999986,1.0,1.0,0.0,,,
71,CCCCCCO,102.17699999999999,1.559,1.0,1.0,0.0,,,
72,CC(C)[NH2+]C(C)C,102.20099999999998,0.36659999999999965,1.0,0.0,0.0,,,
73,C(CC(=O)[O-])CO,103.097,-1.4912,1.0,3.0,0.0,,,
74,C1[C@H](C(=O)NO1)[NH3+],103.101,-2.3416999999999994,2.0,2.0,0.0,,,
75,C(CC(=O)[O-])C[NH3+],103.12100000000001,-2.241599999999999,1.0,2.0,0.0,,,
76,CC(=O)OCCO,104.105,-0.4581999999999999,1.0,3.0,0.0,,,
77,C=Cc1ccccc1,104.15199999999997,2.3296,0.0,0.0,0.0,,,
78,C[N+](C)(C)CCO,104.17299999999999,-0.3150999999999999,1.0,1.0,0.0,,,
79,C([C@@H](C(=O)[O-])[NH3+])O,105.09299999999999,-3.6608999999999994,2.0,3.0,0.0,,,
80,CN(C(=O)NO)O,106.08099999999997,-0.5938000000000001,3.0,3.0,0.0,,,
81,C1=CC(=O)C=CC1=O,108.09599999999998,0.25059999999999993,0.0,2.0,0.0,,,
82,Cc1ccc(cc1)O,108.13999999999999,1.7006199999999996,1.0,1.0,0.0,,,
83,COc1cccnc1,109.12799999999999,1.0901999999999998,0.0,2.0,0.0,,,
84,CC(=O)c1ccc[nH]1,109.12799999999997,1.2173,1.0,1.0,0.0,,,
85,c1cc(ccc1O)O,110.11199999999997,1.0977999999999999,2.0,2.0,0.0,,,
86,c1cc(cc(c1)O)O,110.11199999999997,1.0977999999999994,2.0,2.0,0.0,,,
87,c1ccc(c(c1)O)O,110.11199999999997,1.0977999999999994,2.0,2.0,0.0,,,
88,S=[Se],111.02699999999999,0.26739999999999997,0.0,1.0,0.0,,,
89,C/C=C/C=C/C(=O)[O-],111.11999999999999,-0.13139999999999996,0.0,2.0,0.0,,,
90,C=CN1CCCC1=O,111.14399999999999,0.7523,0.0,1.0,0.0,,,
91,c1c[nH]c(=O)[nH]c1=O,112.08799999999998,-0.9368000000000001,2.0,2.0,0.0,,,
92,C1C2N1C(=O)[NH+]=C2N,112.112,-2.757999999999999,2.0,2.0,0.0,,,
93,CC1CC=CC(=O)O1,112.12799999999999,0.8779999999999999,0.0,2.0,0.0,,,
94,[O-]S(=O)(=S)[O-],112.131,-1.0065,0.0,4.0,0.0,,,
95,c1c[nH]nc1CC[NH3+],112.156,-0.8059000000000003,2.0,1.0,0.0,,,
96,c1c([nH]cn1)CC[NH3+],112.156,-0.8059000000000005,2.0,1.0,0.0,,,
97,C(=C/C(=O)[O-])\C(=O)[O-],114.05599999999998,-2.9576000000000002,0.0,4.0,0.0,,,
98,CC1CCCC(=O)O1,114.14399999999999,1.1019999999999999,0.0,2.0,0.0,,,
99,C=CCOCC1CO1,114.14399999999999,0.5878,0.0,2.0,0.0,,,
100,Cn1cc[nH]c1=S,114.173,1.08269,1.0,2.0,0.0,,,
101,C=CCSCC=C,114.21299999999998,2.0916,0.0,1.0,0.0,,,
102,CC(=O)CCC(=O)[O-],115.10799999999999,-0.8945000000000001,0.0,3.0,0.0,,,
103,C1C[C@H]([NH2+]C1)C(=O)[O-],115.13199999999999,-2.5378999999999987,1.0,2.0,0.0,,,
104,CCCCCC(=O)[O-],115.15199999999999,0.3166,0.0,2.0,0.0,,,
105,C1CC[C@H]([C@@H](C1)[NH3+])N,115.20000000000002,-0.5017999999999985,2.0,1.0,0.0,,,
106,C(CC(=O)[O-])C(=O)[O-],116.07199999999999,-2.733599999999999,0.0,4.0,0.0,,,
107,C=CCNC(=S)N,116.18900000000001,0.005600000000000216,2.0,1.0,0.0,,,
108,C[SiH]1CCCCO1,116.236,1.1504,0.0,1.0,0.0,,,
109,CC(C)[C@@H](C(=O)[O-])[NH3+],117.148,-1.9971999999999985,1.0,2.0,0.0,,,
110,CC(C)CCON=O,117.148,1.7305,0.0,3.0,0.0,,,
111,C[N+](C)(C)CC(=O)[O-],117.14799999999998,-1.5574999999999983,0.0,2.0,0.0,,,
112,c1ccc2c(c1)cc[nH]2,117.15099999999997,2.1678999999999995,1.0,0.0,0.0,,,
113,[O-][Mn](=O)(=O)=O,118.93399999999998,-1.5479,0.0,4.0,0.0,,,
114,C[C@H]([C@@H](C(=O)[O-])[NH3+])O,119.11999999999999,-3.272399999999999,2.0,3.0,0.0,,,
115,C(C(C[NH3+])O)C(=O)[O-],119.11999999999998,-3.270799999999999,2.0,3.0,0.0,,,
116,C(Cl)(Cl)Cl,119.37800000000001,1.9864,0.0,0.0,0.0,,,
117,C=Cc1ccc(cc1)O,120.15099999999997,2.0352,1.0,1.0,0.0,,,
118,CNS#CNCO,120.17699999999999,-0.6899000000000004,3.0,3.0,0.0,,,
119,CSSCC=C,120.242,2.1836,0.0,2.0,0.0,,,
120,c1ccc(cc1)C(=O)[O-],121.11499999999997,0.05009999999999992,0.0,2.0,0.0,,,
121,C([C@@H](C(=O)[O-])[NH3+])S,121.16099999999999,-2.7233999999999994,2.0,3.0,0.0,,,
122,c1ccnc(c1)C(=O)[O-],122.10299999999997,-0.5549000000000002,0.0,3.0,0.0,,,
123,c1cc(cnc1)C(=O)[O-],122.10299999999997,-0.5549000000000002,0.0,3.0,0.0,,,
124,c1cc(cnc1)C(=O)N,122.12699999999998,0.1805,1.0,2.0,0.0,,,
125,C(C(CO)(CO)[NH3+])O,122.14399999999999,-3.055999999999999,4.0,3.0,0.0,,,
126,CCOc1ccccc1,122.16699999999996,2.0853,0.0,1.0,0.0,,,
127,c1ccc(cc1)CCO,122.16699999999997,1.2213999999999998,1.0,1.0,0.0,,,
128,c1ccc(cc1)CC[NH3+],122.19099999999999,0.47100000000000003,1.0,0.0,0.0,,,
129,CC1=C(C2CCC1C2)C,122.211,2.752700000000001,0.0,0.0,0.0,,,
130,C(=O)([O-])P(=O)([O-])[O-],122.97999999999999,-2.7566,0.0,5.0,0.0,,,
131,C1=CC(=O)C(=CC1=O)[O-],123.08699999999997,-1.0614000000000001,0.0,3.0,0.0,,,
132,c1cnc(cn1)C(=O)N,123.115,-0.42450000000000004,1.0,3.0,0.0,,,
133,c1ccc(c(c1)CO)O,124.13899999999997,0.8844999999999996,2.0,2.0,0.0,,,
134,COc1ccc(cc1)O,124.13899999999997,1.4008,1.0,2.0,0.0,,,
135,COc1ccccc1O,124.13899999999997,1.4008,1.0,2.0,0.0,,,
136,C(C(CS)S)O,124.22999999999996,0.20689999999999997,3.0,3.0,0.0,,,
137,Cc1c(c(=O)cco1)[O-],125.10299999999997,0.02181999999999984,0.0,3.0,0.0,,,
138,C(CS(=O)(=O)[O-])[NH3+],125.14899999999999,-2.226499999999999,1.0,3.0,0.0,,,
139,Cl[Mn]Cl,125.84400000000001,1.3765,0.0,0.0,0.0,,,
140,c1c(cc(cc1O)O)O,126.11099999999998,0.8034000000000001,3.0,3.0,0.0,,,
141,c1cc(c(c(c1)O)O)O,126.11099999999995,0.8034000000000001,3.0,3.0,0.0,,,
142,Cc1c[nH]c(=O)[nH]c1=O,126.115,-0.6283800000000002,2.0,2.0,0.0,,,
143,c1ccn(c(=S)c1)[O-],126.15999999999998,1.56349,0.0,3.0,0.0,,,
144,CC(=CCCC(=O)C)C,126.199,2.3218000000000005,0.0,1.0,0.0,,,
145,[123I-],122.905589,-2.996,0.0,0.0,0.0,,,
146,C1C[NH2+]CC(=C1)C(=O)[O-],127.14299999999997,-2.3701999999999988,1.0,2.0,0.0,,,
147,C1CC(=O)N[C@@H]1C(=O)[O-],128.10699999999997,-1.9850999999999994,1.0,3.0,0.0,,,
148,c1ccc-2cccc2cc1,128.17399999999995,2.7914000000000003,0.0,0.0,0.0,,,
149,CCCCCCCC=O,128.215,2.5458000000000007,0.0,1.0,0.0,,,
150,c1cc(ccc1O)Cl,128.558,2.0456000000000008,1.0,1.0,0.0,,,
151,c1c(c([nH]c(=O)n1)N)F,129.094,-0.5088000000000001,2.0,3.0,0.0,,,
152,C1CC(=O)N(C1=O)CO,129.115,-0.9148000000000001,1.0,3.0,0.0,,,
153,C1CC[NH2+]C(C1)C(=O)[O-],129.159,-2.1477999999999984,1.0,2.0,0.0,,,
154,C=CC(CCC(=O)[O-])[NH3+],129.159,-1.6869999999999985,1.0,2.0,0.0,,,
155,c1c(c(=O)[nH]c(=O)[nH]1)F,130.07799999999997,-0.7977000000000001,2.0,2.0,0.0,,,
156,C1C[NH2+]C[C@]1(C(=O)[O-])N,130.14699999999996,-3.599099999999999,2.0,3.0,0.0,,,
157,CCCCCCCCO,130.23100000000002,2.3392000000000013,1.0,1.0,0.0,,,
158,C(CC(=O)[O-])C(=O)C[NH3+],131.131,-2.6724999999999985,1.0,3.0,0.0,,,
159,CC[C@H](C)[C@@H](C(=O)[O-])[NH3+],131.17499999999998,-1.6070999999999982,1.0,2.0,0.0,,,
160,C(CCC(=O)[O-])CC[NH3+],131.17499999999998,-1.4613999999999976,1.0,2.0,0.0,,,
161,CC(C)C[C@@H](C(=O)[O-])[NH3+],131.17499999999998,-1.6070999999999982,1.0,2.0,0.0,,,
162,CC(C)CC(C(=O)[O-])[NH3+],131.17499999999998,-1.6070999999999982,1.0,2.0,0.0,,,
163,CN(C)C(=[NH2+])NC(=[NH2+])N,131.183,-4.673499999999999,4.0,0.0,0.0,,,
164,C(C(C(=O)[O-])O)C(=O)[O-],132.07099999999997,-3.7628,1.0,5.0,0.0,,,
165,C([C@@H](C(=O)[O-])[NH3+])C(=O)[O-],132.095,-4.5131999999999985,1.0,4.0,0.0,,,
166,C([C@@H](C(=O)[O-])[NH3+])C(=O)N,132.11899999999997,-3.777799999999999,2.0,3.0,0.0,,,
167,CC1OC(OC(O1)C)C,132.159,1.0877999999999999,0.0,3.0,0.0,,,
168,c1ccc(cc1)/C=C/C=O,132.16199999999995,1.8987,0.0,1.0,0.0,,,
169,CCCCCO[N+](=O)[O-],133.147,1.3849,0.0,3.0,0.0,,,
170,c1ccc(cc1)C(C#N)O,133.14999999999998,1.2435800000000001,1.0,2.0,0.0,,,
171,C(C[C@@H](C(=O)[O-])[NH3+])C[NH3+],133.171,-3.631099999999999,2.0,2.0,0.0,,,
172,c1ccc(c(c1)C=O)C=O,134.13399999999996,1.3115999999999999,0.0,2.0,0.0,,,
173,c1ccc2c(c1)COC2=O,134.134,1.357,0.0,2.0,0.0,,,
174,C(CON)[C@@H](C(=O)[O-])[NH3+],134.13499999999996,-3.372799999999999,2.0,4.0,0.0,,,
175,Cn1ccc(=O)c(c1)C#N,134.13799999999998,0.25697999999999993,0.0,3.0,0.0,,,
176,c1ccc(cc1)CCC=O,134.17799999999997,1.8181,0.0,1.0,0.0,,,
177,C=CCc1ccc(cc1)O,134.17799999999997,2.1207,1.0,1.0,0.0,,,
178,CC(=O)Cc1ccccc1,134.17799999999997,1.8181,0.0,1.0,0.0,,,
179,c1ccc(cc1)C2C[C@H]2[NH3+],134.20199999999997,0.7844000000000002,1.0,0.0,0.0,,,
180,Cc1ccc(cc1)C(C)C,134.22199999999998,3.118420000000002,0.0,0.0,0.0,,,
181,Cl[Cu]Cl,134.452,1.3765,0.0,0.0,0.0,,,
182,c1[nH]c2c(n1)c(ncn2)N,135.13,-0.06490000000000007,2.0,4.0,0.0,,,
183,c1ccc(cc1)CC(=O)[O-],135.14199999999997,-0.02100000000000013,0.0,2.0,0.0,,,
184,Cc1ccc(cc1)N(C)C,135.21,2.06102,0.0,1.0,0.0,,,
185,C[C@H]1[C@H](O1)P(=O)([O-])[O-],136.043,-1.3551000000000002,0.0,4.0,0.0,,,
186,c1c2c([nH]n1)ncnc2O,136.114,0.058499999999999885,2.0,4.0,0.0,,,
187,c1ccc(c(c1)C(=O)[O-])N,136.12999999999997,-0.3677000000000001,1.0,3.0,0.0,,,
188,c1cc(ccc1C(=O)[O-])N,136.12999999999997,-0.36769999999999986,1.0,3.0,0.0,,,
189,CC(=O)c1ccc(cc1)O,136.14999999999998,1.5948,1.0,2.0,0.0,,,
190,COC(=O)[C@H](CS)[NH3+],136.196,-1.3003000000000002,2.0,3.0,0.0,,,
191,c1ccc(cc1)CCNN,136.19799999999998,0.6924000000000001,2.0,2.0,0.0,,,
192,Cc1c(nc(c(n1)C)C)C,136.198,1.71028,0.0,2.0,0.0,,,
193,C[C@@H](Cc1ccccc1)[NH3+],136.21799999999996,0.8595000000000002,1.0,0.0,0.0,,,
194,CC(Cc1ccccc1)[NH3+],136.21799999999996,0.8595000000000002,1.0,0.0,0.0,,,
195,C[C@H](Cc1ccccc1)[NH3+],136.21799999999996,0.8595000000000002,1.0,0.0,0.0,,,
196,CC1(C2CCC1C(=C)C2)C,136.238,2.9987000000000013,0.0,0.0,0.0,,,
197,CC(C)C1CCC(=C)C=C1,136.238,3.1648000000000023,0.0,0.0,0.0,,,
198,CC1(C2CCC(C2)C1=C)C,136.238,2.9987000000000013,0.0,0.0,0.0,,,
199,CC1=CC[C@@H](CC1)C(=C)C,136.238,3.308900000000002,0.0,0.0,0.0,,,
200,CC1=CC=C(CC1)C(C)C,136.238,3.308900000000002,0.0,0.0,0.0,,,
201,CC1=CCC2CC1C2(C)C,136.238,2.9987000000000013,0.0,0.0,0.0,,,
202,CC1=CCC(=CC1)C(C)C,136.238,3.308900000000002,0.0,0.0,0.0,,,
203,CC1=CCC2C(C1)C2(C)C,136.238,2.9987000000000013,0.0,0.0,0.0,,,
204,CC(=CC/C=C(\C)/C=C)C,136.238,3.4750000000000023,0.0,0.0,0.0,,,
205,CC1=CCC(C=C1)C(C)C,136.23799999999997,3.1648000000000023,0.0,0.0,0.0,,,
206,Cl[Zn]Cl,136.296,1.3765,0.0,0.0,0.0,,,
207,c1ccc(c(c1)C(=O)[O-])O,137.11399999999998,-0.24430000000000024,1.0,3.0,0.0,,,
208,c1cc(ccc1C(=O)[O-])O,137.11399999999998,-0.24430000000000046,1.0,3.0,0.0,,,
209,COC(=O)c1cccnc1,137.138,0.8681999999999999,0.0,3.0,0.0,,,
210,c1ccc(c(c1)C(=O)N)O,137.138,0.4910999999999999,2.0,2.0,0.0,,,
211,c1cnccc1C(=O)NN,137.14199999999997,-0.3149000000000001,2.0,3.0,0.0,,,
212,C[n+]1ccccc1/C=N/O,137.162,0.3191999999999999,1.0,2.0,0.0,,,
213,C[NH2+]CCc1ccccn1,137.20599999999996,-0.18270000000000008,1.0,1.0,0.0,,,
214,Cc1c(c(=O)ccn1C)[O-],138.146,-0.23268000000000022,0.0,3.0,0.0,,,
215,c1cc(ccc1CCO)O,138.166,0.9269999999999994,2.0,2.0,0.0,,,
216,c1ccc(cc1)OCCO,138.166,1.0576999999999996,1.0,2.0,0.0,,,
217,C1CCc2nnnn2CC1,138.174,0.39949999999999997,0.0,4.0,0.0,,,
218,c1cc(ccc1CC[NH3+])O,138.19,0.17659999999999942,2.0,1.0,0.0,,,
219,CC(C)C1CCC(=O)C=C1,138.21,2.1776999999999997,0.0,1.0,0.0,,,
220,CC1=CCC(CC1)C(C)C,138.254,3.3888000000000025,0.0,0.0,0.0,,,
221,C1CC2C(O2)CC1C3CO3,140.182,0.9527,0.0,2.0,0.0,,,
222,c1c(occ(c1=O)[O-])CO,141.102,-0.7943000000000002,1.0,4.0,0.0,,,
223,Cc1cc(no1)C(=O)OC,141.126,0.76962,0.0,4.0,0.0,,,
224,CCC1(CC(=O)NC1=O)C,141.17,0.4492,1.0,2.0,0.0,,,
225,C(CS(=O)(=O)[O-])S,141.19299999999998,-0.5385999999999997,1.0,4.0,0.0,,,
226,C1[NH+]2CN3CN1CN(C2)C3,141.198,-2.436899999999997,1.0,3.0,0.0,,,
227,C1CC(=O)N(C1)CC(=O)N,142.158,-0.9058999999999995,1.0,2.0,0.0,,,
228,COC(=O)C1=CCC[NH2+]C1,142.178,-0.9470999999999994,1.0,2.0,0.0,,,
229,CCCC1CCCC(=O)O1,142.198,1.8822,0.0,2.0,0.0,,,
230,CC(=O)CC1CCCC[NH2+]1,142.22199999999998,0.08140000000000003,1.0,1.0,0.0,,,
231,CCCCCCCCC=O,142.242,2.935900000000001,0.0,1.0,0.0,,,
232,CC(CC1CCCC1)[NH2+]C,142.26600000000002,1.1484,1.0,0.0,0.0,,,
233,CC(CCC=C(C)C)[NH2+]C,142.266,1.3144999999999998,1.0,0.0,0.0,,,
234,Cc1cc(ccc1Cl)O,142.585,2.3540200000000016,1.0,1.0,0.0,,,
235,[O-][Se](=O)(=O)[O-],142.956,-2.9964000000000004,0.0,4.0,0.0,,,
236,S=[Se]=S,143.094,0.9156,0.0,2.0,0.0,,,
237,CC1(C(=O)N(C(=O)O1)C)C,143.14199999999997,0.37360000000000004,0.0,3.0,0.0,,,
238,C[N+]1(CCCC1C(=O)[O-])C,143.18599999999998,-1.0248999999999988,0.0,2.0,0.0,,,
239,CCCCCCCC(=O)[O-],143.206,1.0968,0.0,2.0,0.0,,,
240,CCCC(CCC)C(=O)[O-],143.206,0.9526999999999999,0.0,2.0,0.0,,,
241,C(CC(=O)[O-])C(=O)C(=O)[O-],144.082,-3.1644999999999994,0.0,5.0,0.0,,,
242,C(CCC(=O)[O-])CC(=O)[O-],144.12599999999998,-1.9533999999999987,0.0,4.0,0.0,,,
243,c1c(c(c[nH]c1=O)Cl)[O-],144.53699999999998,0.10189999999999982,1.0,2.0,0.0,,,
244,c1cc(c(cc1O)Cl)O,144.557,1.7512000000000008,2.0,2.0,0.0,,,
245,CCC(/C=C/Cl)(C#C)O,144.601,1.5131999999999999,1.0,1.0,0.0,,,
246,c1cc2cccnc2c(c1)O,145.16099999999997,1.9404,1.0,2.0,0.0,,,
247,c1ccc2c(c1)ccc(=O)[nH]2,145.16099999999997,1.5280999999999996,1.0,1.0,0.0,,,
248,C(CC(=O)[O-])[C@@H](C(=O)[O-])[NH3+],146.12199999999999,-4.123099999999999,1.0,4.0,0.0,,,
249,C1[C@H]([C@@H]2[C@H](O1)[C@H](CO2)O)O,146.142,-1.4942000000000002,2.0,4.0,0.0,,,
250,c1ccc2c(c1)ccc(=O)o2,146.14499999999995,1.7929999999999997,0.0,2.0,0.0,,,
251,C(CC(=O)N)[C@@H](C(=O)[O-])[NH3+],146.146,-3.3876999999999997,2.0,3.0,0.0,,,
252,COC(=O)CCC(=O)C[NH3+],146.166,-1.249399999999999,1.0,3.0,0.0,,,
253,CC(=O)OCC[N+](C)(C)C,146.21,0.25570000000000004,0.0,2.0,0.0,,,
254,CCCC(C(CC)CO)O,146.23000000000002,1.1659,2.0,2.0,0.0,,,
255,CC=CSSCC=C,146.28,3.0874000000000015,0.0,2.0,0.0,,,
256,c1cc(ccc1Cl)Cl,147.004,2.9934000000000003,0.0,0.0,0.0,,,
257,c1ccc(cc1)/C=C/C(=O)[O-],147.15299999999996,0.4497,0.0,2.0,0.0,,,
258,C(CC[NH3+])C[C@@H](C(=O)[O-])[NH3+],147.19799999999998,-3.2409999999999988,2.0,2.0,0.0,,,
259,C[N+](C)(C)CCOC(=O)N,147.19799999999998,-0.2120999999999994,1.0,2.0,0.0,,,
260,Cc1cncc2c1CC[C@@H]2C,147.221,2.4397200000000003,0.0,1.0,0.0,,,
261,C(C(C(=O)[O-])O)(C(=O)[O-])O,148.07,-4.791999999999999,2.0,6.0,0.0,,,
262,C(C(C(=O)[O-])S)C(=O)[O-],148.13899999999998,-2.8253,1.0,5.0,0.0,,,
263,C1C[NH2+][C@@H]([C@H]([C@@H]1O)O)CO,148.18199999999996,-2.9637999999999978,4.0,3.0,0.0,,,
264,CC(C)c1ccc(cc1)C=O,148.20499999999996,2.6225000000000014,0.0,1.0,0.0,,,
265,COc1ccc(cc1)CC=C,148.20499999999998,2.4237,0.0,1.0,0.0,,,
266,C/C=C/c1ccc(cc1)OC,148.20499999999996,2.728300000000001,0.0,1.0,0.0,,,
267,C(CNCC[NH2+]CCN)[NH3+],148.25400000000002,-3.6599999999999984,4.0,2.0,0.0,,,
268,c1c[nH]c2c1cc(c(c2)O)O,149.14899999999997,1.5790999999999995,3.0,2.0,0.0,,,
269,C=Cc1cnccc1CCO,149.19299999999998,1.2593999999999999,1.0,2.0,0.0,,,
270,CC1c2cnccc2CC1O,149.19299999999998,1.1020999999999999,1.0,2.0,0.0,,,
271,CC(C)([C@H](C(=O)[O-])[NH3+])S,149.215,-1.9447999999999985,2.0,3.0,0.0,,,
272,CSCC[C@@H](C(=O)[O-])[NH3+],149.215,-1.9000999999999983,1.0,3.0,0.0,,,
273,CSCCC(C(=O)[O-])[NH3+],149.215,-1.9000999999999983,1.0,3.0,0.0,,,
274,CCN(CC)C(=S)S,149.28400000000002,1.5429,1.0,1.0,0.0,,,
275,Cn1c(=O)cc(s1)Cl,149.602,1.1002,0.0,3.0,0.0,,,
276,C(C(C(C(C=O)O)O)O)O,150.13,-2.7396999999999996,4.0,5.0,0.0,,,
277,C([C@H]([C@H]([C@@H](C=O)O)O)O)O,150.13,-2.7396999999999996,4.0,5.0,0.0,,,
278,C([C@H]([C@@H]([C@H](C=O)O)O)O)O,150.13,-2.7396999999999996,4.0,5.0,0.0,,,
279,C([C@@H]([C@@H]([C@H](C=O)O)O)O)O,150.13,-2.7396999999999996,4.0,5.0,0.0,,,
280,C(C(CO)(C(C=O)O)O)O,150.13,-2.7380999999999998,4.0,5.0,0.0,,,
281,c1cc2c(cc1C=O)OCO2,150.13299999999995,1.2277999999999998,0.0,3.0,0.0,,,
282,CNc1ccccc1C(=O)[O-],150.15699999999998,0.09179999999999983,1.0,3.0,0.0,,,
283,CCC(=O)c1ccc(cc1)O,150.177,1.9849,1.0,2.0,0.0,,,
284,Cc1cccc(c1)OC(=O)C,150.177,1.9203199999999996,0.0,2.0,0.0,,,
285,COc1cc(ccc1O)C=C,150.17699999999996,2.0438,1.0,2.0,0.0,,,
286,C(CO)[NH+](CCO)CCO,150.198,-3.1517999999999984,4.0,3.0,0.0,,,
287,C[C@@H](C(=O)c1ccccc1)[NH3+],150.201,0.4997000000000002,1.0,1.0,0.0,,,
288,CC1=CC[C@@H](CC1=O)C(=C)C,150.22099999999998,2.4879000000000007,0.0,1.0,0.0,,,
289,Cc1ccoc1CCC(=C)C,150.221,3.0967200000000012,0.0,1.0,0.0,,,
290,Cc1ccc(c(c1)O)C(C)C,150.22099999999998,2.824020000000001,1.0,1.0,0.0,,,
291,Cc1ccoc1CC=C(C)C,150.221,3.0967200000000012,0.0,1.0,0.0,,,
292,Cc1ccc(cc1O)C(C)C,150.22099999999998,2.824020000000001,1.0,1.0,0.0,,,
293,CC(C)(C)c1ccc(cc1)O,150.22099999999998,2.6897000000000015,1.0,1.0,0.0,,,
294,CC(=C)C1CCC(=CC1)C=O,150.221,2.4879000000000007,0.0,1.0,0.0,,,
295,CCOC(=O)[C@H](CS)[NH3+],150.223,-0.9101999999999997,2.0,3.0,0.0,,,
296,CC(C)(Cc1ccccc1)[NH3+],150.24499999999998,1.2496,1.0,0.0,0.0,,,
297,CC(Cc1ccccc1)[NH2+]C,150.24499999999995,0.8108000000000001,1.0,0.0,0.0,,,
298,c1ccc(cc1)C(C(=O)[O-])O,151.14099999999996,-0.5301,1.0,3.0,0.0,,,
299,c1ccc(cc1)OCC(=O)[O-],151.14099999999996,-0.18470000000000053,0.0,3.0,0.0,,,
300,COc1ccc(cc1)C(=O)[O-],151.14099999999996,0.05869999999999986,0.0,3.0,0.0,,,
301,CC(=O)Nc1ccc(cc1)O,151.165,1.3505999999999998,2.0,2.0,0.0,,,
302,CS(=O)CC(C(=O)[O-])[NH3+],151.187,-3.2746999999999993,1.0,3.0,0.0,,,
303,c1cc(c(cc1N)C(=O)[O-])O,152.129,-0.6621000000000002,2.0,4.0,0.0,,,
304,c1cc(c(cc1N)O)C(=O)[O-],152.129,-0.6621000000000002,2.0,4.0,0.0,,,
305,C([C@H]([C@@H]([C@H](CO)O)O)O)O,152.146,-2.9462999999999995,5.0,5.0,0.0,,,
306,CC(=O)Oc1cccc(c1)O,152.149,1.3175,1.0,3.0,0.0,,,
307,COC(=O)c1ccccc1O,152.14899999999997,1.1787999999999998,1.0,3.0,0.0,,,
308,CC(=O)c1ccc(c(c1)O)O,152.14899999999997,1.3003999999999998,2.0,3.0,0.0,,,
309,COc1cc(ccc1O)C=O,152.14899999999997,1.2133,1.0,3.0,0.0,,,
310,COC(=O)c1ccc(cc1)O,152.149,1.1788,1.0,3.0,0.0,,,
311,c1[nH]c2c(n1)[nH]cnc2=S,152.182,1.0154899999999998,2.0,3.0,0.0,,,
312,CC(Cc1ccc(cc1)O)[NH3+],152.21699999999998,0.5650999999999999,2.0,1.0,0.0,,,
313,C[C@@H]([C@H](c1ccccc1)O)[NH3+],152.21699999999998,0.35040000000000027,2.0,1.0,0.0,,,
314,C[C@H]([C@H](c1ccccc1)O)[NH3+],152.21699999999998,0.35040000000000027,2.0,1.0,0.0,,,
315,C[C@@H]([C@@H](c1ccccc1)O)[NH3+],152.21699999999998,0.35040000000000027,2.0,1.0,0.0,,,
316,C[NH2+]CCc1ccc(cc1)O,152.21699999999998,0.12790000000000018,2.0,1.0,0.0,,,
317,C[C@]12CC[C@H](C1)C(C2=O)(C)C,152.237,2.401700000000001,0.0,1.0,0.0,,,
318,C[C@@H]1[C@H]2C[C@H](C2(C)C)CC1=O,152.237,2.2576,0.0,1.0,0.0,,,
319,CC1(C2CC=C(C1C2)CO)C,152.237,1.9710999999999999,1.0,1.0,0.0,,,
320,CC1(C2CCC1(C(=O)C2)C)C,152.237,2.401700000000001,0.0,1.0,0.0,,,
321,CC(C)CC(=O)C=C(C)C=C,152.23699999999997,2.733900000000001,0.0,1.0,0.0,,,
322,CC1(C2CC1C(=C)C(C2)O)C,152.237,1.9695,1.0,1.0,0.0,,,
323,CC1(C2CCC(C2)(C1=O)C)C,152.237,2.401700000000001,0.0,1.0,0.0,,,
324,CC1=CCC(CC1O)C(=C)C,152.23699999999997,2.2797,1.0,1.0,0.0,,,
325,CC(=CCC/C(=C\C=O)/C)C,152.237,2.878000000000001,0.0,1.0,0.0,,,
326,CC(=CCC/C(=C/C=O)/C)C,152.237,2.878000000000001,0.0,1.0,0.0,,,
327,C[C@H]1CCC(=C(C)C)C(=O)C1,152.23699999999997,2.711900000000001,0.0,1.0,0.0,,,
328,CC1CCC(CC1=O)C(=C)C,152.23699999999997,2.567800000000001,0.0,1.0,0.0,,,
329,C[C@H]1C2CC(C2(C)C)CC1=O,152.237,2.2576,0.0,1.0,0.0,,,
330,C[C@@]12CC[C@H](C1(C)C)CC2=O,152.237,2.401700000000001,0.0,1.0,0.0,,,
331,C1C2CC3CC1CC(C2)(C3)[NH3+],152.261,1.1971,1.0,0.0,0.0,,,
332,c1cc(c(cc1O)C(=O)[O-])O,153.11299999999997,-0.5387000000000002,2.0,4.0,0.0,,,
333,c1cc(c(cc1C(=O)[O-])O)O,153.113,-0.5387000000000003,2.0,4.0,0.0,,,
334,Cc1cnc(c[n+]1[O-])C(=O)[O-],153.117,-1.61308,0.0,4.0,0.0,,,
335,CCCCOC(=O)C(=C)C#N,153.18099999999998,1.40948,0.0,3.0,0.0,,,
336,COc1cc(ccc1O)CO,154.16499999999996,0.8930999999999998,2.0,3.0,0.0,,,
337,c1cc(ccc1C(C[NH3+])O)O,154.189,-0.3325000000000004,3.0,2.0,0.0,,,
338,c1cc(cc(c1)O)C(C[NH3+])O,154.18899999999996,-0.33250000000000046,3.0,2.0,0.0,,,
339,c1cc(c(cc1CC[NH3+])O)O,154.18900000000002,-0.1178000000000003,3.0,2.0,0.0,,,
340,C[C@@H]1CC[C@H]2[C@@H]1COC(=O)C2,154.20899999999997,1.5956000000000001,0.0,2.0,0.0,,,
341,C[NH+]1C2CCCC1CC(=O)C2,154.23299999999998,-0.2149000000000003,1.0,1.0,0.0,,,
342,C[C@@]12CC[C@@H](C1(C)C)C[C@@H]2O,154.25300000000001,2.1935000000000007,1.0,1.0,0.0,,,
343,C[C@]12CC[C@H](C1(C)C)C[C@H]2O,154.25300000000001,2.1935000000000007,1.0,1.0,0.0,,,
344,C[C@@H]1CC[C@H](C(=O)C1)C(C)C,154.253,2.6477000000000013,0.0,1.0,0.0,,,
345,CC1CCOC(C1)C=C(C)C,154.253,2.7677000000000014,0.0,1.0,0.0,,,
346,CC(=CCC/C(=C/CO)/C)C,154.253,2.671400000000001,1.0,1.0,0.0,,,
347,CC1(C2CCC(O1)(CC2)C)C,154.25300000000001,2.7441000000000013,0.0,1.0,0.0,,,
348,CC(=CCCC(=CCO)C)C,154.253,2.671400000000001,1.0,1.0,0.0,,,
349,CC1=CCC(CC1)(C(C)C)O,154.25300000000001,2.5037000000000016,1.0,1.0,0.0,,,
350,CC(=CCCC(C)(C=C)O)C,154.25300000000001,2.6698000000000013,1.0,1.0,0.0,,,
351,CC(=CCC/C(=C\CO)/C)C,154.253,2.671400000000001,1.0,1.0,0.0,,,
352,CC1CCC(C(=O)C1)C(C)C,154.253,2.6477000000000013,0.0,1.0,0.0,,,
353,CC(=CCC[C@](C)(C=C)O)C,154.25300000000001,2.6698000000000013,1.0,1.0,0.0,,,
354,CC1(C2CCC1(C(C2)O)C)C,154.253,2.1935000000000002,1.0,1.0,0.0,,,
355,CC1CCC(CC1O)C(=C)C,154.25299999999996,2.3596000000000004,1.0,1.0,0.0,,,
356,CC1=CCC(CC1)C(C)(C)O,154.25300000000001,2.5037000000000007,1.0,1.0,0.0,,,
357,CC1=CC[C@@H](CC1)C(C)(C)O,154.25300000000001,2.5037000000000007,1.0,1.0,0.0,,,
358,CC(=CCC[C@@](C)(C=C)O)C,154.25300000000001,2.6698000000000013,1.0,1.0,0.0,,,
359,c1c([nH]c(=O)[nH]c1=O)C(=O)[O-],155.08899999999997,-2.5732999999999997,2.0,4.0,0.0,,,
360,c1c(c(=O)[nH]c(=O)[nH]1)C(=O)[O-],155.08899999999997,-2.5732999999999997,2.0,4.0,0.0,,,
361,c1c([nH]cn1)CC(C(=O)[O-])[NH3+],155.15699999999998,-2.6873999999999993,2.0,3.0,0.0,,,
362,CCC1(CC(=O)NC(=O)C1)C,155.19699999999997,0.8392999999999999,1.0,2.0,0.0,,,
363,C[NH+]1CCC=C(C1)C(=O)OC,156.20499999999998,-0.9957999999999994,1.0,2.0,0.0,,,
364,C[NH+]1C2CC3CC1C([C@H]2O)O3,156.20499999999998,-1.8259999999999974,2.0,2.0,0.0,,,
365,C[NH+]1C2CC(CC1C3C2O3)O,156.20499999999998,-1.8259999999999974,2.0,2.0,0.0,,,
366,C1CCCCOC(=O)CCC1,156.22499999999997,2.2739000000000003,0.0,2.0,0.0,,,
367,CC(=O)CC1CCCC[NH+]1C,156.249,0.03270000000000045,1.0,1.0,0.0,,,
368,CCCCCCCCCC=O,156.269,3.3260000000000023,0.0,1.0,0.0,,,
369,CC(CCC=C(C)C)CCO,156.26899999999998,2.751300000000001,1.0,1.0,0.0,,,
370,C[C@@H](CCC=C(C)C)CCO,156.26899999999998,2.751300000000001,1.0,1.0,0.0,,,
371,C[C@@H]1CC[C@H]([C@@H](C1)O)C(C)C,156.26899999999998,2.4395000000000007,1.0,1.0,0.0,,,
372,C[C@@H](CC1CCCCC1)[NH2+]C,156.293,1.5385,1.0,0.0,0.0,,,
373,Cc1cc(cc(c1Cl)C)O,156.612,2.6624400000000015,1.0,1.0,0.0,,,
374,C[NH+](CCCl)CCCl,157.064,-0.021299999999999653,1.0,0.0,0.0,,,
375,CCC1(C(=O)N(C(=O)O1)C)C,157.16899999999998,0.7637,0.0,3.0,0.0,,,
376,C1[C@@H](CC[C@H](C1)C(=O)[O-])C[NH3+],157.21299999999997,-1.2153999999999985,1.0,2.0,0.0,,,
377,C1(C(=O)NC(=O)N1)NC(=O)N,158.117,-2.1798,4.0,3.0,0.0,,,
378,c1ccc2c(c1)C=CC(=O)C2=O,158.15599999999995,1.4652,0.0,2.0,0.0,,,
379,C1C[NH+]2CC[C@H]([C@@H]2[C@H]1CO)O,158.221,-1.9832999999999983,3.0,2.0,0.0,,,
380,CC(CC1CCCC[NH+]1C)O,158.26500000000001,-0.17549999999999988,2.0,1.0,0.0,,,
381,CCCCCCCCCCO,158.285,3.119400000000002,1.0,1.0,0.0,,,
382,Cl[Cr](Cl)Cl,158.35500000000002,2.066,0.0,0.0,0.0,,,
383,CCCCOC(=O)[N-]C(=O)N,159.165,1.3755000000000002,1.0,3.0,0.0,,,
384,C[N+]1(CC(CC1C(=O)[O-])O)C,159.185,-2.0540999999999983,1.0,3.0,0.0,,,
385,COC(CNC(=O)C=C)OC,159.18499999999997,-0.09250000000000003,1.0,3.0,0.0,,,
386,C[N+]1(C[C@@H](C[C@H]1C(=O)[O-])O)C,159.185,-2.0540999999999983,1.0,3.0,0.0,,,
387,CC(C)C[C@@H](CC(=O)[O-])C[NH3+],159.22899999999998,-0.9693999999999985,1.0,2.0,0.0,,,
388,CCCC/[NH+]=C(\N)/[NH+]=C(N)N,159.23699999999997,-4.464199999999998,5.0,0.0,0.0,,,
389,C(CC(C(=O)[O-])[NH3+])CC(=O)[O-],160.149,-3.7329999999999988,1.0,4.0,0.0,,,
390,c1ccc2c(c1)cnnc2NN,160.18,0.9153999999999995,2.0,4.0,0.0,,,
391,C[N+](C)(C)CCCC(=O)OC,160.237,0.6457999999999999,0.0,2.0,0.0,,,
392,CC(C[N+](C)(C)C)OC(=O)C,160.23699999999997,0.6442000000000001,0.0,2.0,0.0,,,
393,C[NH+](CC#C)Cc1ccccc1,160.23999999999998,0.3345,1.0,0.0,0.0,,,
394,C[N+](C)(C)CC(CC(=O)[O-])O,161.201,-1.8064999999999976,1.0,3.0,0.0,,,
395,C[N+](C)(C)C[C@@H](CC(=O)[O-])O,161.201,-1.8064999999999976,1.0,3.0,0.0,,,
396,C[C@@H]1CCc2c1cncc2C=O,161.20399999999998,1.9438000000000002,0.0,2.0,0.0,,,
397,CC(C[N+](C)(C)C)OC(=O)N,161.22499999999997,0.17640000000000045,1.0,2.0,0.0,,,
398,c1ccc(cc1)CC2=[NH+]CCN2,161.22799999999998,-0.6885999999999992,2.0,1.0,0.0,,,
399,Cc1c(scn1)CCCl,161.65699999999998,2.2328200000000002,0.0,2.0,0.0,,,
400,[O-][99Tc](=O)(=O)=O,162.9022547,-1.5479,0.0,4.0,0.0,,,
401,C1=C([C@@H]([C@H]([C@@H](O1)CO)O)O)O,162.141,-1.5013,4.0,5.0,0.0,,,
402,C1[C@@H]2[C@H]([C@@H]([C@H]([C@H](O1)O2)O)O)O,162.141,-2.1757999999999997,3.0,5.0,0.0,,,
403,c1cc(cc2c1ccc(=O)o2)O,162.14399999999998,1.4986,1.0,3.0,0.0,,,
404,CC1=CC(=O)[N-]S(=O)(=O)O1,162.146,0.06550000000000006,0.0,4.0,0.0,,,
405,C[C@@H]1[C@H]([C@H](C[C@@H](O1)O)OC)O,162.185,-0.5105,2.0,4.0,0.0,,,
406,C[C@@H]([C@@H]([C@H](CC=O)OC)O)O,162.185,-0.6678999999999998,2.0,4.0,0.0,,,
407,COC(=O)/C=C/c1ccccc1,162.188,1.8728,0.0,2.0,0.0,,,
408,CC(=O)CC(=O)c1ccccc1,162.188,1.8484,0.0,2.0,0.0,,,
409,COc1ccc(cc1)/C=C/C=O,162.188,1.9072999999999998,0.0,2.0,0.0,,,
410,CCCC=C=C=C1C=CC(=O)O1,162.18799999999996,2.0936,0.0,2.0,0.0,,,
411,CC(C(=O)NCC(=O)[O-])S,162.19,-1.8291999999999993,2.0,4.0,0.0,,,
412,CC(=O)N[C@@H](CS)C(=O)[O-],162.19,-1.8291999999999995,2.0,4.0,0.0,,,
413,CO[Si](C)(C)[Si](C)(C)C,162.381,2.2545,0.0,1.0,0.0,,,
414,C[Si](C)(C)O[Si](C)(C)C,162.38099999999997,2.6728000000000005,0.0,1.0,0.0,,,
415,C(=O)(C(Cl)(Cl)Cl)[O-],162.379,0.10650000000000004,0.0,2.0,0.0,,,
416,c1ccc(c(c1)/C=C/C(=O)[O-])O,163.15199999999996,0.15529999999999972,1.0,3.0,0.0,,,
417,c1cc(ccc1/C=C/C(=O)[O-])O,163.15199999999996,0.1552999999999995,1.0,3.0,0.0,,,
418,Cc1cc2c(cn1)C(=O)OCC2,163.17599999999996,1.10292,0.0,3.0,0.0,,,
419,c1ccc(cc1)CCCC(=O)[O-],163.19599999999997,0.7591999999999999,0.0,2.0,0.0,,,
420,c1ccc(cc1)C(=O)N=C=S,163.201,1.9296,0.0,2.0,0.0,,,
421,c1ccc(cc1)C2C[NH+]=C(O2)N,163.19999999999996,-0.8467999999999993,2.0,2.0,0.0,,,
422,C[NH+]1CCC[C@H]1c2cccnc2,163.244,0.4311999999999996,1.0,1.0,0.0,,,
423,Cn1ccc(c(c1=O)C#N)OC,164.164,0.2655799999999999,0.0,4.0,0.0,,,
424,CC(c1ccccc1)OC(=O)C,164.20399999999995,2.3106999999999998,0.0,2.0,0.0,,,
425,CC1=CC(=O)C(=CC1=O)C(C)C,164.20399999999998,1.6669,0.0,2.0,0.0,,,
426,CCCOC(=O)c1ccccc1,164.20399999999998,2.2534,0.0,2.0,0.0,,,
427,CC(C)/C=C/C(=O)c1ccoc1,164.20399999999998,2.674500000000001,0.0,2.0,0.0,,,
428,CC(=O)Cc1ccc(cc1)OC,164.20399999999998,1.8267,0.0,2.0,0.0,,,
429,COc1cc(ccc1O)CC=C,164.20399999999995,2.1292999999999997,1.0,2.0,0.0,,,
430,C/C=C/c1ccc(c(c1)OC)O,164.20399999999998,2.433900000000001,1.0,2.0,0.0,,,
431,COCC1CNc2c1cccn2,164.20800000000003,1.2371,1.0,3.0,0.0,,,
432,CC(C(=O)c1ccccc1)[NH2+]C,164.22799999999998,0.4510000000000002,1.0,1.0,0.0,,,
433,CC/C=C\CC1=C(CCC1=O)C,164.248,3.022100000000002,0.0,1.0,0.0,,,
434,CCCCC(c1ccccc1)O,164.248,2.910200000000001,1.0,1.0,0.0,,,
435,Cc1cc(ccc1C(C)(C)C)O,164.248,2.9981200000000023,1.0,1.0,0.0,,,
436,C[S+](C)CC[C@@H](C(=O)[O-])[NH3+],164.25,-2.3851999999999975,1.0,2.0,0.0,,,
437,CC[NH2+]C(C)Cc1ccccc1,164.272,1.2008999999999996,1.0,0.0,0.0,,,
438,CC(Cc1ccccc1)[NH+](C)C,164.27199999999996,0.7621,1.0,0.0,0.0,,,
439,CC(C)(Cc1ccccc1)[NH2+]C,164.27199999999996,1.2009,1.0,0.0,0.0,,,
440,COC(C(Cl)Cl)(F)F,164.96599999999998,2.0293,0.0,1.0,0.0,,,
441,c1ccc(c(c1)CCC(=O)[O-])O,165.16799999999998,0.07469999999999971,1.0,3.0,0.0,,,
442,c1ccc(cc1)C[C@@H](C(=O)[O-])[NH3+],165.19199999999998,-1.410499999999999,1.0,2.0,0.0,,,
443,CCOc1ccccc1C(=O)N,165.19199999999995,1.1842,1.0,2.0,0.0,,,
444,Cc1c2c(ccn1)CCOC2O,165.192,0.9536199999999999,1.0,3.0,0.0,,,
445,CCOC(=O)c1ccc(cc1)N,165.19199999999998,1.4455,1.0,3.0,0.0,,,
446,CCOC(=O)c1cccc(c1)N,165.19199999999998,1.4455,1.0,3.0,0.0,,,
447,C(C(Cl)(Cl)Cl)(O)O,165.40300000000002,0.6673000000000002,2.0,2.0,0.0,,,
448,CC(=O)c1ccc(c(c1)OC)O,166.17599999999996,1.6034,1.0,3.0,0.0,,,
449,CC(=O)c1ccc(cc1O)OC,166.17599999999996,1.6034000000000002,1.0,3.0,0.0,,,
450,CC1COC(=O)C2=C(CCC12)C,166.21999999999997,1.9058,0.0,2.0,0.0,,,
451,Cc1ccoc1C(=O)CC(C)C,166.22,2.8168200000000008,0.0,2.0,0.0,,,
452,CC(Cc1ccc(cc1)OC)[NH3+],166.24399999999997,0.8680999999999999,1.0,1.0,0.0,,,
453,C[NH+](C)CC(c1ccccc1)O,166.244,-0.1354999999999999,2.0,1.0,0.0,,,
454,CC[N+](C)(C)c1cccc(c1)O,166.24399999999997,1.9790000000000005,1.0,1.0,0.0,,,
455,C[C@@H]([C@@H](c1ccccc1)O)[NH2+]C,166.24399999999997,0.30170000000000025,2.0,1.0,0.0,,,
456,C[C@@H]([C@H](c1ccccc1)O)[NH2+]C,166.24399999999997,0.30170000000000025,2.0,1.0,0.0,,,
457,c1ccc2c(c1)nc(s2)[S-],166.25,2.2020999999999997,0.0,3.0,0.0,,,
458,CCc1cc(ccn1)C(=S)N,166.24899999999997,1.2782,1.0,2.0,0.0,,,
459,CC1COC2(CCCC1C2=C)C,166.26399999999998,2.7677000000000014,0.0,1.0,0.0,,,
460,c1[nH]c2c(n1)[nH]c(nc2=S)N,167.197,0.5976899999999999,3.0,4.0,0.0,,,
461,C#CC1(CCCCC1)OC(=O)N,167.208,1.4178,1.0,2.0,0.0,,,
462,CC(=CCC/C(=C/C(=O)[O-])/C)C,167.22799999999998,1.4289999999999998,0.0,2.0,0.0,,,
463,C(C(F)(F)F)(OC(F)F)F,168.03599999999997,2.0835,0.0,1.0,0.0,,,
464,c12c([nH]c(=O)[nH]1)[nH]c(=O)[nH]c2=O,168.112,-1.7672000000000008,4.0,3.0,0.0,,,
465,C(C(C(=O)[O-])[NH3+])S(=O)(=O)[O-],168.14999999999998,-4.107999999999999,1.0,5.0,0.0,,,
466,COc1cc(cc(c1)OC)OC,168.19199999999998,1.7124,0.0,3.0,0.0,,,
467,CC#CC#CC(=O)c1ccccc1,168.195,1.8960000000000001,0.0,1.0,0.0,,,
468,C[C@@H]([C@@H](c1cccc(c1)O)O)[NH3+],168.21599999999998,0.05599999999999966,3.0,2.0,0.0,,,
469,C[NH2+]C[C@@H](c1cccc(c1)O)O,168.216,-0.3812000000000001,3.0,2.0,0.0,,,
470,C[NH2+]CC(c1ccc(cc1)O)O,168.216,-0.3812000000000001,3.0,2.0,0.0,,,
471,CC(C)C12CCC(C=C1)(OO2)C,168.23599999999996,2.4517000000000007,0.0,2.0,0.0,,,
472,CC1CCC2C1COC(=O)C2C,168.236,1.8416000000000001,0.0,2.0,0.0,,,
473,CC1COCC2=C(C(CC12)O)C,168.236,1.3499999999999999,1.0,2.0,0.0,,,
474,CC/C=C\CCC1CCC(=O)O1,168.236,2.4384000000000006,0.0,2.0,0.0,,,
475,CC1(C2CCC(C2)C1(C)[NH2+]C)C,168.30399999999997,1.3944000000000003,1.0,0.0,0.0,,,
476,Cc1c(c(c(cn1)CO)CO)O,169.17999999999998,0.08021999999999985,3.0,4.0,0.0,,,
477,CC(CCC=C(C)C)CC(=O)[O-],169.24399999999997,1.5088999999999997,0.0,2.0,0.0,,,
478,c1cc2c(cc1Cl)[nH]c(=O)o2,169.56699999999998,1.7744999999999997,1.0,2.0,0.0,,,
479,C(C(COP(=O)([O-])[O-])O)O,170.057,-2.8150999999999993,2.0,6.0,0.0,,,
480,c1cc(c(cc1[C@H](C[NH3+])O)O)O,170.18800000000002,-0.6269000000000001,4.0,3.0,0.0,,,
481,CC[C@@H](C(=O)N)N1CCCC1=O,170.212,-0.12729999999999997,1.0,2.0,0.0,,,
482,CCCc1cc(=O)[nH]c(=S)[nH]1,170.237,1.38499,2.0,2.0,0.0,,,
483,C[C@@H]1COC(C2C1CCC2C)O,170.25199999999998,1.6334,1.0,2.0,0.0,,,
484,CCCCCCC1CCC(=O)O1,170.25199999999998,2.6624000000000008,0.0,2.0,0.0,,,
485,C1CC[NH+]2CCC[C@H]([C@H]2C1)CO,170.27599999999998,-0.1739000000000001,2.0,1.0,0.0,,,
486,CCCCCCCCCC(=O)C,170.296,3.7161000000000026,0.0,1.0,0.0,,,
487,C(/C(=C\C(=O)[O-])/C(=O)[O-])C(=O)[O-],171.08399999999997,-4.447399999999999,0.0,6.0,0.0,,,
488,C(C(=CC(=O)[O-])C(=O)[O-])C(=O)[O-],171.08399999999997,-4.447399999999999,0.0,6.0,0.0,,,
489,Cc1ncc(n1CCO)[N+](=O)[O-],171.15599999999998,0.09201999999999982,1.0,5.0,0.0,,,
490,Cc1ccc(cc1)S(=O)(=O)[O-],171.19699999999997,0.89912,0.0,3.0,0.0,,,
491,C1CCC(CC1)(CC(=O)[O-])C[NH3+],171.23999999999998,-0.6811999999999983,1.0,2.0,0.0,,,
492,CCCCCCCCCC(=O)[O-],171.26,1.8769999999999998,0.0,2.0,0.0,,,
493,C(P(=O)([O-])[O-])P(=O)([O-])[O-],171.969,-3.2287,0.0,6.0,0.0,,,
494,CC1=CC(=O)c2ccccc2C1=O,172.18299999999996,2.0119000000000002,0.0,2.0,0.0,,,
495,CC#CC#CC#C/C=C/C(=O)OC,172.18299999999996,0.7457,0.0,2.0,0.0,,,
496,c1cc(ccc1N)S(=O)(=O)N,172.20899999999997,-0.08379999999999999,2.0,3.0,0.0,,,
497,C#CC[NH2+][C@@H]1CCc2c1cccc2,172.251,0.8704999999999995,1.0,0.0,0.0,,,
498,CC(CCCC(C)(C)O)CC=O,172.268,2.1527000000000003,1.0,2.0,0.0,,,
499,CC(C)CCCC(C)[NH2+]C(C)C,172.33599999999998,2.173,1.0,0.0,0.0,,,
500,C1[C@H]([C@@H]([C@@H](C=C1C(=O)[O-])O)O)O,173.144,-2.850899999999999,3.0,5.0,0.0,,,
501,CC1=NN(C(=O)C1)c2ccccc2,174.203,1.7992,0.0,2.0,0.0,,,
502,CC(CC#CCc1ccccc1)O,174.243,2.0034000000000005,1.0,1.0,0.0,,,
503,C[C@H]1[C@@H](C[C@H](O1)C[N+](C)(C)C)O,174.264,0.23089999999999994,1.0,2.0,0.0,,,
504,C([C@@H]([C@@H]1C(=C(C(=O)O1)O)[O-])O)O,175.11599999999999,-2.6050999999999993,3.0,6.0,0.0,,,
505,C(C(C(=O)[O-])[NH3+])NC(=O)C(=O)[O-],175.11999999999998,-5.787099999999998,2.0,5.0,0.0,,,
506,C(C[C@@H](C(=O)[O-])[NH3+])CNC(=O)N,175.188,-3.204699999999999,3.0,3.0,0.0,,,
507,C(CC(C(=O)[O-])[NH3+])CNC(=[NH2+])N,175.212,-5.209599999999999,4.0,2.0,0.0,,,
508,C(C[C@@H](C(=O)[O-])[NH3+])C[NH+]=C(N)N,175.212,-5.518999999999999,4.0,2.0,0.0,,,
509,CC(Cc1c[nH]c2c1cccc2)[NH3+],175.255,1.3407999999999998,2.0,0.0,0.0,,,
510,CS(=O)/C=C/CCN=C=S,175.278,1.3715,0.0,3.0,0.0,,,
511,C(=O)[C@@H]([C@@H]1[C@@H]([C@@H](C(=O)O1)O)O)O,176.124,-2.806599999999999,3.0,6.0,0.0,,,
512,[O-]S(=O)(=O)OS(=O)(=O)[O-],176.12699999999998,-2.0765999999999996,0.0,7.0,0.0,,,
513,Cc1cc(=O)oc2c1ccc(c2)O,176.171,1.80702,1.0,3.0,0.0,,,
514,COc1ccc2ccc(=O)oc2c1,176.17099999999996,1.8016,0.0,3.0,0.0,,,
515,CC(=O)OC/C=C/c1ccccc1,176.215,2.2629,0.0,2.0,0.0,,,
516,c1ccc(cc1)C2(CCCCC2)[NH3+],176.28299999999996,2.0878999999999994,1.0,0.0,0.0,,,
517,C[N+](C)(C)CC(C[N+](C)(C)C)O,176.30399999999997,-0.24029999999999924,1.0,1.0,0.0,,,
518,c1cc(c(cc1Cl)Cl)CO,177.02999999999997,2.485700000000001,1.0,1.0,0.0,,,
519,COc1ccc(cc1)/C=C/C(=O)[O-],177.17899999999997,0.4582999999999997,0.0,3.0,0.0,,,
520,c1ccc(cc1)C2C(=O)[NH+]=C(O2)N,177.18299999999996,-1.3201999999999992,2.0,3.0,0.0,,,
521,C(CO[NH+]=C(N)N)[C@@H](C(=O)[O-])[NH3+],177.184,-5.9775,4.0,3.0,0.0,,,
522,c1cc2c(cc1O)c(c[nH]2)CC[NH3+],177.22699999999995,0.6578999999999999,3.0,1.0,0.0,,,
523,c1ccc(cc1)C[NH+]2CCNCC2,177.27099999999996,-0.32529999999999926,2.0,1.0,0.0,,,
524,CC(C)(C(Cl)(Cl)Cl)O,177.45800000000003,2.127500000000001,1.0,1.0,0.0,,,
525,C([C@@H]1[C@H]([C@@H]([C@H](C(=O)O1)O)O)O)O,178.14,-3.0131999999999985,4.0,6.0,0.0,,,
526,c1cc(=O)oc2c1cc(c(c2)O)O,178.143,1.2041999999999997,2.0,4.0,0.0,,,
527,c1ccc(cc1)C(=O)NCC(=O)[O-],178.16699999999994,-0.8337000000000001,1.0,3.0,0.0,,,
528,C([C@@H](C(=O)[O-])[NH3+])SCC(=O)[O-],178.18899999999996,-4.170099999999999,1.0,5.0,0.0,,,
529,c1ccc(cc1)CC(=O)NC(=O)N,178.19099999999997,0.4240000000000001,2.0,2.0,0.0,,,
530,COc1ccc(cc1OC)CC=C,178.23099999999997,2.4323000000000006,0.0,2.0,0.0,,,
531,CC(=O)CCc1ccc(cc1)OC,178.231,2.2168,0.0,2.0,0.0,,,
532,C/C=C/c1ccc(c(c1)OC)OC,178.23099999999997,2.736900000000001,0.0,2.0,0.0,,,
533,C/C=C/c1ccc(cc1OC)OC,178.23099999999997,2.736900000000001,0.0,2.0,0.0,,,
534,CC1C(OCC[NH2+]1)c2ccccc2,178.25500000000002,0.7098000000000001,1.0,1.0,0.0,,,
535,CN/C(=[NH+]\C)/NCc1ccccc1,178.25900000000001,-0.9379999999999977,3.0,0.0,0.0,,,
536,CC(C)c1cccc(c1O)C(C)C,178.27499999999998,3.639000000000002,1.0,1.0,0.0,,,
537,CCCCCc1ccc(cc1O)C,178.27499999999998,3.433320000000002,1.0,1.0,0.0,,,
538,CO[Si](C)(C)O[Si](C)(C)C,178.37999999999997,2.1860999999999997,0.0,2.0,0.0,,,
539,c1cc(c(cc1/C=C/C(=O)[O-])O)O,179.15099999999998,-0.13910000000000056,2.0,4.0,0.0,,,
540,CC(=O)Oc1ccccc1C(=O)[O-],179.15099999999995,-0.024600000000000066,0.0,4.0,0.0,,,
541,Cn1c-2ncnc2c(nc1OC)N,179.183,-0.09430000000000016,1.0,6.0,0.0,,,
542,c1ccc(cc1)CCCOC(=O)N,179.21899999999997,1.7145000000000001,1.0,2.0,0.0,,,
543,C(CO)CSC[C@@H](C(=O)[O-])[NH3+],179.24099999999999,-2.5375999999999985,2.0,4.0,0.0,,,
544,c1cc2c(ccc(c2nc1)O)Cl,179.606,2.5938000000000003,1.0,2.0,0.0,,,
545,C([C@@H]1[C@H]([C@@H]([C@](O1)(CO)O)O)O)O,180.156,-3.219799999999999,5.0,6.0,0.0,,,
546,C([C@@H]([C@H]([C@@H](C(=O)CO)O)O)O)O,180.156,-3.377199999999999,5.0,6.0,0.0,,,
547,[C@@H]1([C@@H]([C@@H]([C@@H]([C@H]([C@@H]1O)O)O)O)O)O,180.156,-3.834599999999999,6.0,6.0,1.0,,,
548,C([C@H]([C@H]([C@@H](C(=O)CO)O)O)O)O,180.156,-3.377199999999999,5.0,6.0,0.0,,,
549,CC1C(C(C(C(O1)(O)O)O)O)O,180.156,-2.8737999999999997,5.0,6.0,0.0,,,
550,C([C@@H]1[C@@H]([C@@H]([C@H](C(O1)O)O)O)O)O,180.156,-3.2213999999999987,5.0,6.0,0.0,,,
551,C([C@@H]1[C@H]([C@@H]([C@H](C(O1)O)O)O)O)O,180.156,-3.2213999999999987,5.0,6.0,0.0,,,
552,C([C@H]([C@H]([C@@H]([C@H](C=O)O)O)O)O)O,180.156,-3.3787999999999987,5.0,6.0,0.0,,,
553,C([C@@H]1[C@H]([C@@H]([C@@H](C(O1)O)O)O)O)O,180.156,-3.2213999999999987,5.0,6.0,0.0,,,
554,Cn1c2c(c(=O)n(c1=O)C)[nH]cn2,180.167,-1.0397000000000005,1.0,5.0,0.0,,,
555,Cn1cnc2c1c(=O)[nH]c(=O)n2C,180.16699999999997,-1.0397,1.0,5.0,0.0,,,
556,C([C@@H]1[C@H]([C@@H]([C@H](C(O1)O)[NH3+])O)O)O,180.17999999999998,-3.971799999999998,5.0,5.0,0.0,,,
557,C[NH+]1CC(C2=CC(=O)C(=O)C=C21)O,180.183,-2.162299999999999,2.0,3.0,0.0,,,
558,COc1cc(ccc1O)/C=C/CO,180.20299999999997,1.4062999999999997,2.0,3.0,0.0,,,
559,CCCOC(=O)c1ccccc1O,180.20299999999997,1.959,1.0,3.0,0.0,,,
560,CCCOC(=O)c1ccc(cc1)O,180.20299999999997,1.959,1.0,3.0,0.0,,,
561,C(C(C(=O)[O-])S)(C(=O)[O-])S,180.20600000000002,-2.917,2.0,6.0,0.0,,,
562,CC(=O)NCCCS(=O)(=O)[O-],180.20499999999998,-0.9421999999999995,1.0,4.0,0.0,,,
563,CC(Cc1ccc2c(c1)OCO2)[NH3+],180.22699999999995,0.5882000000000001,1.0,2.0,0.0,,,
564,C[N+](C)(C)CCc1ccc(cc1)O,180.271,1.6409,1.0,1.0,0.0,,,
565,C[C@@H]([C@@H](c1ccccc1)O)[NH+](C)C,180.271,0.25300000000000017,2.0,1.0,0.0,,,
566,CC(Cc1ccccc1OC)[NH2+]C,180.27099999999996,0.8194,1.0,1.0,0.0,,,
567,Cc1cccc(c1OCC(C)[NH3+])C,180.27100000000002,1.3126399999999998,1.0,1.0,0.0,,,
568,CCCc1cc(ccn1)C(=S)N,180.27599999999998,1.6683000000000001,1.0,2.0,0.0,,,
569,CC(C12CC3CC(C1)CC(C3)C2)[NH3+],180.31499999999997,1.8332,1.0,0.0,0.0,,,
570,CC12CC3CC(C1)(CC(C3)(C2)[NH3+])C,180.315,1.9772999999999998,1.0,0.0,0.0,,,
571,COc1ccc(cc1OC)C(=O)[O-],181.16699999999997,0.06729999999999992,0.0,4.0,0.0,,,
572,c1cc(ccc1C[C@@H](C(=O)[O-])[NH3+])O,181.19099999999997,-1.704899999999999,2.0,3.0,0.0,,,
573,C[n+]1cccc(c1)OC(=O)N(C)C,181.21499999999997,0.5714999999999999,0.0,2.0,0.0,,,
574,C([C@@H]1[C@H]([C@@H]([C@H]([C@H](O1)O)F)O)O)O,182.147,-2.2441999999999998,4.0,5.0,0.0,,,
575,C([C@H]([C@@H]([C@@H]([C@H](CO)O)O)O)O)O,182.172,-3.585399999999998,6.0,6.0,1.0,,,
576,C([C@H]([C@H]([C@@H]([C@H](CO)O)O)O)O)O,182.172,-3.585399999999998,6.0,6.0,1.0,,,
577,C([C@H]([C@H]([C@@H]([C@@H](CO)O)O)O)O)O,182.172,-3.585399999999998,6.0,6.0,1.0,,,
578,COc1cc(cc(c1O)OC)C=O,182.17499999999998,1.2218999999999998,1.0,4.0,0.0,,,
579,c1ccc(c(c1)C(=O)OCCO)O,182.17499999999995,0.5412999999999997,2.0,4.0,0.0,,,
580,CN(C)/N=N/c1c(nc[nH]1)C(=O)N,182.18699999999998,0.06890000000000013,2.0,4.0,0.0,,,
581,Cc1ccccc1OCC(CO)O,182.219,0.7270199999999998,2.0,3.0,0.0,,,
582,c1ccc(cc1)C(=O)c2ccccc2,182.222,2.917600000000001,0.0,1.0,0.0,,,
583,Cc1c2c(ccn1)c3ccccc3[nH]2,182.226,3.0245200000000008,1.0,1.0,0.0,,,
584,CC[NH2+]CC(c1cccc(c1)O)O,182.24299999999997,0.008899999999999797,3.0,2.0,0.0,,,
585,CC(=CCC/C(=C/OC(=O)C)/C)C,182.26299999999998,3.1997000000000018,0.0,2.0,0.0,,,
586,C/C=C/C=C/CCCCCCCO,182.307,3.451600000000002,1.0,1.0,0.0,,,
587,C(C(C(=O)[O-])[NH3+])OP(=O)([O-])[O-],183.05599999999998,-4.807899999999999,1.0,6.0,0.0,,,
588,C(CC(C(F)F)(C(=O)[O-])[NH3+])C[NH3+],183.178,-2.995799999999999,2.0,2.0,0.0,,,
589,C=Cc1ccccc1S(=O)(=O)[O-],183.20799999999997,1.2337000000000002,0.0,3.0,0.0,,,
590,CCC1(C(=O)C(CNC1=O)C)CC,183.25099999999995,1.1277999999999997,1.0,2.0,0.0,,,
591,C=CCCCCCCCCC(=O)[O-],183.271,2.0430999999999995,0.0,2.0,0.0,,,
592,CC(C)OP(=O)(OC(C)C)F,184.147,2.9140000000000015,0.0,3.0,0.0,,,
593,COC(=O)[C@H](c1ccc(cc1)F)[NH3+],184.19,0.2817,1.0,2.0,0.0,,,
594,CCC1(C(=O)NC(=O)NC1=O)CC,184.19499999999996,0.15879999999999989,2.0,3.0,0.0,,,
595,C[NH2+]C[C@@H](c1ccc(c(c1)O)O)O,184.215,-0.6756000000000002,4.0,3.0,0.0,,,
596,C[C@@H]([C@@H](c1ccc(c(c1)O)O)O)[NH3+],184.215,-0.23840000000000006,4.0,3.0,0.0,,,
597,c1ccc2c(c1)c3ccccc3s2,184.26299999999998,4.054500000000001,0.0,1.0,0.0,,,
598,C(C(OC(F)F)(F)F)(F)Cl,184.49099999999999,2.3528000000000002,0.0,1.0,0.0,,,
599,C(C(F)(F)F)(OC(F)F)Cl,184.49099999999999,2.3528000000000002,0.0,1.0,0.0,,,
600,CC(C)(Cc1ccc(cc1)Cl)[NH3+],184.69,1.9029999999999998,1.0,0.0,0.0,,,
601,Cc1ncc(n1CC(C)O)[N+](=O)[O-],185.183,0.4805199999999999,1.0,5.0,0.0,,,
602,c1ccc2c(c1)cccc2CC(=O)[O-],185.20199999999994,1.1321999999999992,0.0,2.0,0.0,,,
603,C[NH+]1[C@H]2CC[C@@H]1[C@H]([C@H](C2)O)C(=O)[O-],185.22299999999998,-2.837199999999997,2.0,3.0,0.0,,,
604,Cc1ccc(=O)n(c1)c2ccccc2,185.22600000000003,2.1459200000000003,0.0,2.0,0.0,,,
605,c1cc(=O)oc2c1cc3ccoc3c2,186.166,2.539200000000001,0.0,3.0,0.0,,,
606,c1cc2c(cco2)c3c1ccc(=O)o3,186.16599999999997,2.539200000000001,0.0,3.0,0.0,,,
607,C(CCCC(=O)[O-])CCCC(=O)[O-],186.20699999999997,-0.7830999999999997,0.0,4.0,0.0,,,
608,Cc1ccc2c(c1)C(=O)C(=CC2=O)C,186.20999999999998,2.3203200000000006,0.0,2.0,0.0,,,
609,CCOC(=O)n1ccn(c1=S)C,186.236,1.5606900000000001,0.0,5.0,0.0,,,
610,CC1=CC(=O)c2c(cccc2[O-])C1=O,187.17399999999998,1.0855,0.0,3.0,0.0,,,
611,CC(=O)NC(CCC(=O)N)C(=O)[O-],187.17499999999995,-2.4934999999999983,2.0,4.0,0.0,,,
612,c1cnccc1c2cc(c(=O)[nH]c2)N,187.202,1.0191,2.0,3.0,0.0,,,
613,c1cc(ccc1C[NH3+])S(=O)(=O)N,187.24399999999997,-0.9240999999999986,2.0,2.0,0.0,,,
614,CC1c2c(c3ccccc3[nH]2)CC[NH2+]1,187.26599999999993,1.3483999999999996,2.0,0.0,0.0,,,
615,C[NH+]1CCc2c3ccccc3[nH]c2C1,187.26599999999996,0.7386999999999999,2.0,0.0,0.0,,,
616,CCCCCCCCCC(=O)NO,187.28300000000002,2.6324999999999994,2.0,2.0,0.0,,,
617,C(C(CS(=O)(=O)[O-])S)S,187.287,-0.24019999999999964,2.0,5.0,0.0,,,
618,C(C(F)(F)F)(C(F)(F)F)(F)F,188.01699999999997,2.7462999999999997,0.0,0.0,0.0,,,
619,C([C@@H](C(=O)[O-])[NH3+])n1c(=O)[n-]c(=O)o1,188.119,-4.8809000000000005,1.0,6.0,0.0,,,
620,Cc1cc(=O)n(n1C)c2ccccc2,188.23000000000005,1.4844199999999999,0.0,3.0,0.0,,,
621,CC(Cc1ccccc1)NCCC#N,188.27399999999994,2.1208799999999997,1.0,2.0,0.0,,,
622,C[C@H](Cc1ccccc1)[NH+](C)CC#C,188.29399999999995,0.7655000000000001,1.0,0.0,0.0,,,
623,C(C(=O)[O-])C(CC(=O)[O-])(C(=O)[O-])O,189.099,-5.252599999999998,1.0,7.0,0.0,,,
624,C(C(=O)[O-])[NH+](CC(=O)[O-])CC(=O)[O-],189.12299999999996,-6.878999999999998,1.0,6.0,0.0,,,
625,c1cc(c(cc1O)S(=O)(=O)[O-])O,189.16799999999998,0.0019000000000000128,2.0,5.0,0.0,,,
626,CN1C(=O)CC(C1=O)c2ccccc2,189.21400000000003,1.1589,0.0,2.0,0.0,,,
627,C1CN1P(=S)(N2CC2)N3CC3,189.22399999999996,0.15769999999999995,0.0,1.0,0.0,,,
628,c1ccc2c(c1)CN3CCC(C3=[NH+]2)O,189.238,-0.6225999999999999,2.0,2.0,0.0,,,
629,C[N+](C)(C)CCCCC(C(=O)[O-])[NH3+],189.279,-1.7766999999999964,1.0,2.0,0.0,,,
630,CCC(Cc1c[nH]c2c1cccc2)[NH3+],189.282,1.7308999999999997,2.0,0.0,0.0,,,
631,C[NH+](C)CCc1c[nH]c2c1cccc2,189.282,0.8549,2.0,0.0,0.0,,,
632,c1ccc2c(c1)c(nnc2NN)NN,190.21,0.20099999999999962,4.0,6.0,0.0,,,
633,CCCOC(=O)/C=C/c1ccccc1,190.242,2.6530000000000014,0.0,2.0,0.0,,,
634,CCC/C=C\1/C2=C(C=CCC2)C(=O)O1,190.24199999999993,2.873800000000001,0.0,2.0,0.0,,,
635,CCCCC1c2ccccc2C(=O)O1,190.24199999999996,3.088300000000001,0.0,2.0,0.0,,,
636,Cc1cc(c(c(c1Cl)C)Cl)O,191.05700000000002,3.315840000000002,1.0,1.0,0.0,,,
637,C1[C@@H]([C@@H]2[C@H](O1)[C@@H](CO2)O[N+](=O)[O-])O,191.13899999999998,-1.2782,1.0,6.0,0.0,,,
638,CC(C)Cc1ccc(cc1)CC(=O)[O-],191.24999999999994,1.1774999999999998,0.0,2.0,0.0,,,
639,c1cc2n(c(=O)c1)C[C@H]3C[C@@H]2C[NH2+]C3,191.25399999999993,-0.47119999999999895,1.0,2.0,0.0,,,
640,C(C[NH2+]CCNCC[NH2+]CCN)N,191.32299999999995,-4.379799999999998,5.0,3.0,0.0,,,
641,c1ccc(cc1)S(=O)(=O)NCl,191.63899999999998,1.1187,1.0,2.0,0.0,,,
642,Cc1c(c(=O)c(c([nH]1)C)Cl)Cl,192.045,2.29854,1.0,1.0,0.0,,,
643,C1C2C(C(C(C(O1)(O2)CO)O)O)O,192.167,-2.8132999999999986,4.0,6.0,0.0,,,
644,Cc1cc(=O)oc2c1cc(c(c2)O)O,192.17,1.5126199999999996,2.0,4.0,0.0,,,
645,C1CC2(C13C=CC(=O)O3)C=CC(=O)O2,192.16999999999996,0.4837999999999999,0.0,4.0,0.0,,,
646,c1ccc(cc1)C(=O)NCCC(=O)[O-],192.19399999999993,-0.4436000000000002,1.0,3.0,0.0,,,
647,CC(=O)Nc1ccc(cc1)CC(=O)[O-],192.19399999999996,-0.06260000000000021,1.0,3.0,0.0,,,
648,COCC(C(C(C=O)O)OC)OC,192.21099999999998,-0.7773999999999999,1.0,5.0,0.0,,,
649,COc1cc(cc2c1OCO2)CC=C,192.21399999999994,2.1524,0.0,3.0,0.0,,,
650,CC1C(OCC[NH+]1C)c2ccccc2,192.28200000000004,0.6611000000000002,1.0,1.0,0.0,,,
651,CC1=CCCC(C1/C=C/C(=O)C)(C)C,192.30199999999996,3.5141000000000027,0.0,1.0,0.0,,,
652,CC1=C(C(CCC1)(C)C)/C=C/C(=O)C,192.302,3.6582000000000026,0.0,1.0,0.0,,,
653,C1CCC(CC1)(C#N)N2CCCCC2,192.30599999999995,2.698780000000001,0.0,2.0,0.0,,,
654,[C@@H]1([C@H]([C@H](O[C@H]([C@@H]1O)O)C(=O)[O-])O)O,193.13099999999997,-4.463799999999998,4.0,7.0,0.0,,,
655,C(=O)[C@@H]([C@H]([C@@H]([C@@H](C(=O)[O-])O)O)O)O,193.131,-4.621199999999998,4.0,7.0,0.0,,,
656,C(=O)[C@@H]([C@H]([C@H]([C@@H](C(=O)[O-])O)O)O)O,193.131,-4.621199999999998,4.0,7.0,0.0,,,
657,COc1ccc(cc1O)/C=C/C(=O)[O-],193.17799999999997,0.16389999999999977,1.0,4.0,0.0,,,
658,COc1cc(ccc1O)/C=C/C(=O)[O-],193.17799999999997,0.16389999999999977,1.0,4.0,0.0,,,
659,c1cc(ccc1C(=O)NCC(=O)[O-])N,193.18199999999996,-1.2514999999999987,2.0,4.0,0.0,,,
660,CC1C2=C(CCO1)C(C(=O)N=C2)C=O,193.202,0.5179,0.0,3.0,0.0,,,
661,CCCCOC(=O)c1ccc(cc1)N,193.24599999999998,2.2257,1.0,3.0,0.0,,,
662,CCNc1ccc(cc1)C(=O)OCC,193.24599999999992,2.2951000000000006,1.0,3.0,0.0,,,
663,Cc1cccc(c1NC(=O)C(C)[NH3+])C,193.27,0.8723399999999999,2.0,1.0,0.0,,,
664,Cn1c(=O)n2cnc(c2nn1)C(=O)N,194.15399999999997,-2.0781,1.0,7.0,0.0,,,
665,CO[C@@H]1[C@@H]([C@H]([C@@H]([C@H](O1)CO)O)O)O,194.18300000000002,-2.5672999999999986,4.0,6.0,0.0,,,
666,CO[C@H]1[C@@H]([C@H]([C@@H]([C@@H]([C@@H]1O)O)O)O)O,194.183,-3.1804999999999986,5.0,6.0,0.0,,,
667,COC1C(C(C(C(O1)CO)O)O)O,194.18300000000002,-2.5672999999999986,4.0,6.0,0.0,,,
668,COC1C(C(C(C(C1O)O)O)O)O,194.183,-3.1804999999999986,5.0,6.0,0.0,,,
669,COc1ccc2c(c1OC)C(=O)OC2,194.18599999999995,1.3741999999999999,0.0,4.0,0.0,,,
670,Cn1cnc2c1c(=O)n(c(=O)n2C)C,194.194,-1.0293,0.0,6.0,0.0,,,
671,CC(Cc1ccc2c(c1)OCO2)N[O-],194.20999999999995,1.4336999999999998,1.0,4.0,0.0,,,
672,CCCCOC(=O)c1ccc(cc1)O,194.23,2.3491000000000004,1.0,3.0,0.0,,,
673,c1ccc2c(c1)cc3ccccc3c2O,194.23299999999998,3.698600000000001,1.0,1.0,0.0,,,
674,CC(Cc1ccc2c(c1)OCO2)[NH2+]C,194.25399999999993,0.5395,1.0,2.0,0.0,,,
675,CC1c2cc(c(cc2CC[NH2+]1)O)OC,194.25399999999996,0.5812999999999997,2.0,2.0,0.0,,,
676,C[NH+]1CCc2cc(c(cc2C1)O)OC,194.25399999999996,-0.028399999999999925,2.0,2.0,0.0,,,
677,CCCC[C@H]1[C@@H]2CCCC=C2C(=O)O1,194.27399999999997,2.828500000000001,0.0,2.0,0.0,,,
678,CCCC[C@H]1[C@H]2CCC=C[C@H]2C(=O)O1,194.27399999999997,2.684400000000001,0.0,2.0,0.0,,,
679,C([C@H]([C@H]([C@@H]([C@H](C(=O)[O-])O)O)O)O)O,195.147,-4.827799999999997,5.0,7.0,0.0,,,
680,C[C@](Cc1ccc(cc1)O)(C(=O)[O-])[NH3+],195.21799999999996,-1.3147999999999993,2.0,3.0,0.0,,,
681,Cc1cc(=O)nc([nH]1)N2CCOCC2,195.22199999999995,-0.08508000000000027,1.0,4.0,0.0,,,
682,c1ccc2c(c1)c(c3ccccc3[nH+]2)N,195.24499999999998,2.3893000000000004,1.0,1.0,0.0,,,
683,C[Se]CC[C@@H](C(=O)[O-])[NH3+],196.108,-2.0924999999999985,1.0,2.0,0.0,,,
684,C[C@]12C3CCC([C@]1(C(=O)OC2=O)C)O3,196.20199999999997,0.6435999999999998,0.0,4.0,0.0,,,
685,CC(=O)c1c(cc(cc1OC)OC)O,196.20199999999997,1.6119999999999999,1.0,4.0,0.0,,,
686,CC(C)(C(=O)c1ccc(c(c1)O)O)O,196.202,1.0513999999999997,3.0,4.0,0.0,,,
687,c1ccc2c(c1)c(=O)c3ccccc3o2,196.20499999999998,2.946200000000001,0.0,2.0,0.0,,,
688,C[NH2+]C[C@@H]([C@H]([C@@H]([C@@H](CO)O)O)O)O,196.223,-4.3844999999999965,6.0,5.0,1.0,,,
689,C[C@@]12C[C@H](CC(C1=CC(=O)O2)(C)C)O,196.24599999999998,1.4092,1.0,3.0,0.0,,,
690,C1CCN(CC1)C(=O)[C@H]2CCC(=O)N2,196.24999999999997,0.2774999999999999,1.0,2.0,0.0,,,
691,CC(Cc1cc(ccc1OC)OC)[NH3+],196.26999999999995,0.8766999999999998,1.0,2.0,0.0,,,
692,CC(=O)O[C@H]1CC2CCC1(C2(C)C)C,196.29,2.7643000000000013,0.0,2.0,0.0,,,
693,CC(=CCCC(C)(C=C)OC(=O)C)C,196.29,3.2406000000000024,0.0,2.0,0.0,,,
694,c1cn(cc(c1=O)[O-])C[C@@H](C(=O)[O-])[NH3+],197.17,-3.717699999999999,1.0,5.0,0.0,,,
695,c1cc(c(cc1C[C@@H](C(=O)[O-])[NH3+])O)O,197.19,-1.999299999999999,3.0,4.0,0.0,,,
696,CCCCCCC/C=C/CCC(=O)[O-],197.29799999999994,2.4332000000000003,0.0,2.0,0.0,,,
697,C(C(F)(F)F)(Cl)Br,197.381,2.5084999999999997,0.0,0.0,0.0,,,
698,O1[As]2O[As]1O2,197.84099999999998,-0.9668000000000001,0.0,3.0,0.0,,,
699,c1cc(oc1/C=N/NC(=O)N)[N+](=O)[O-],198.13799999999998,0.19000000000000022,2.0,5.0,0.0,,,
700,C1[C@@H]2N(C1=O)[C@H](/C(=C/CO)/O2)C(=O)[O-],198.15399999999997,-2.4302999999999986,1.0,5.0,0.0,,,
701,COc1ccccc1OCC(CO)O,198.21799999999996,0.4272000000000001,2.0,4.0,0.0,,,
702,c1ccc2c(c1)C(c3ccccc3O2)O,198.22099999999998,2.874000000000002,1.0,2.0,0.0,,,
703,CCC1(C(=O)NC(=O)N(C1=O)C)CC,198.22199999999995,0.5009999999999997,1.0,3.0,0.0,,,
704,CC1CCC(CC1OC(=O)C)C(C)C,198.30599999999998,3.0103000000000018,0.0,2.0,0.0,,,
705,CC1CCC(CC1)C(C)(C)OC(=O)C,198.30599999999998,3.1544000000000016,0.0,2.0,0.0,,,
706,Cc1ccc(cc-2c(ccc12)C)C(C)C,198.30899999999997,4.531640000000003,0.0,0.0,0.0,,,
707,c1ccc2c(c1)c(c3c([nH+]2)CCCC3)N,199.27699999999993,2.1149,1.0,1.0,0.0,,,
708,CCCCCCCCCCCC(=O)=O,,,,,,,,
709,C1CCCN(CCC1)CC[NH+]=C(N)N,199.322,-1.393499999999996,3.0,1.0,0.0,,,
710,C(C(CO)([N+](=O)[O-])Br)O,199.988,-0.6610999999999999,2.0,4.0,0.0,,,
711,C(OC(C(F)(F)F)C(F)(F)F)F,200.05299999999997,2.4232000000000005,0.0,1.0,0.0,,,
712,c1c(c(=O)[nH]c(=O)n1C2CCCO2)F,200.16899999999993,-0.015300000000000313,1.0,4.0,0.0,,,
713,c1ccc(cc1)COc2ccc(cc2)O,200.237,2.9712000000000027,1.0,2.0,0.0,,,
714,CCCCCCCC(=O)NCC(=O)[O-],200.25799999999998,0.2129999999999999,1.0,3.0,0.0,,,
715,Cc1cccc(c1C)[C@H](C)c2c[nH]cn2,200.28500000000003,3.1783400000000013,1.0,1.0,0.0,,,
716,C[C@@H]1C[C@H]2[C@@H]3CCC4=CC(=O)C=C[C@@]4([C@]3([C@H](C[C@@]2([C@]1(C(=O)COP(=O)([O-])[O-])O)C)O)F)C,470.4300000000002,0.7486999999999995,2.0,8.0,0.0,,,
717,CCN(CC)C(=O)N1CC[NH+](CC1)C,200.30599999999995,-0.7214999999999974,1.0,1.0,0.0,,,
718,C[C@@H]1O[C@]2(C[NH+]3CCC2CC3)CS1,200.32699999999997,0.14309999999999956,1.0,2.0,0.0,,,
719,C[N+](C)(C)CCCCCC[NH2+]CC=C,200.36999999999995,1.0024000000000006,1.0,0.0,0.0,,,
720,c1cc(ncc1Cl)C(=O)NCC[NH3+],200.64899999999997,-0.29330000000000006,2.0,2.0,0.0,,,
721,CNC(=O)Oc1cccc2c1cccc2,201.225,2.5580000000000007,1.0,2.0,0.0,,,
722,c1ccc2c(c1)[nH]c(n2)c3cscn3,201.25400000000002,2.686400000000001,1.0,3.0,0.0,,,
723,C[NH+]1CCC(CC1)(C#N)c2ccccc2,201.29300000000003,0.7564800000000003,1.0,1.0,0.0,,,
724,c1ccc2c(c1)CCCC2C3=[NH+]CCN3,201.293,0.1887999999999999,2.0,1.0,0.0,,,
725,CC(O)(P(=O)([O-])[O-])P(=O)([O-])[O-],201.99499999999998,-3.5201999999999996,1.0,7.0,0.0,,,
726,C(CS(=O)(=O)[O-])CS(=O)(=O)[O-],202.20899999999997,-1.5330999999999992,0.0,6.0,0.0,,,
727,c1ccc2c(c1)c(=O)n3c(n2)[C@H](CC3)O,202.21299999999997,0.8335999999999997,1.0,4.0,0.0,,,
728,COc1cc(cn[n+]1c2ccccc2)N,202.23700000000002,0.9491,1.0,3.0,0.0,,,
729,Cc1ccc(cc1)C(C)CCC=C(C)C,202.34099999999995,4.844920000000005,0.0,0.0,0.0,,,
730,C[N+](C)(C)CCCCCC[N+](C)(C)C,202.38599999999997,1.9591999999999998,0.0,0.0,0.0,,,
731,c1cc(c(cc1[N+](=O)[O-])[N+](=O)[O-])Cl,202.55299999999997,2.1564000000000005,0.0,4.0,0.0,,,
732,c1cc(ccc1OCC(CO)O)Cl,202.63699999999997,1.0719999999999998,2.0,3.0,0.0,,,
733,CC1(CC(=O)N(C1=O)C)c2ccccc2,203.241,1.3329999999999997,0.0,2.0,0.0,,,
734,CCN(c1ccccc1C)C(=O)/C=C/C,203.28499999999997,2.9240200000000014,0.0,1.0,0.0,,,
735,CCN1C(=O)C(NC1=O)c2ccccc2,204.229,1.2994,1.0,2.0,0.0,,,
736,c1ccc2c(c1)c(c[nH]2)C[C@@H](C(=O)[O-])[NH3+],204.22899999999996,-0.9291999999999996,2.0,2.0,0.0,,,
737,C1C[C@@H]2C34C[C@H]([NH+]2C1)C=CC3=CC(=O)O4,204.249,-0.40219999999999967,1.0,2.0,0.0,,,
738,C[N+](C)(CCc1c[nH]c2c1cccc2)[O-],204.273,2.2846,1.0,1.0,0.0,,,
739,CC(=O)/C=C/C=C\1/C2CCC(C2)C1(C)C,204.31299999999996,3.5141000000000027,0.0,1.0,0.0,,,
740,CC1=CC[C@H](CC1)C(=C)CCC=C(C)C,204.35699999999997,5.0354000000000045,0.0,0.0,1.0,,,
741,CC1=C[C@H]2[C@@H](CCC(=C2CC1)C)C(C)C,204.35699999999997,4.7252000000000045,0.0,0.0,0.0,,,
742,C/C/1=C\CCC(=C)[C@H]2CC([C@@H]2CC1)(C)C,204.35699999999997,4.7252000000000045,0.0,0.0,0.0,,,
743,CC1=CC[C@@H](C=C1)[C@@H](C)CCC=C(C)C,204.35699999999994,4.891300000000005,0.0,0.0,0.0,,,
744,CC(=C)[C@@H]1CC[C@]2(CCCC(=C)[C@@H]2C1)C,204.35699999999997,4.7252000000000045,0.0,0.0,0.0,,,
745,CC(=C)[C@@H]1CC[C@@]([C@@H](C1)C(=C)C)(C)C=C,204.35699999999997,4.747200000000005,0.0,0.0,0.0,,,
746,C[C@H]1CCC=C([C@]12CC[C@H](C2)C(=C)C)C,204.35699999999997,4.7252000000000045,0.0,0.0,0.0,,,
747,CC(=CCCC1(C2CCC(C2)C1=C)C)C,204.35699999999997,4.7252000000000045,0.0,0.0,0.0,,,
748,CC1CCC2C1CC3C=CC2(C3(C)C)C,204.35699999999997,4.270900000000004,0.0,0.0,0.0,,,
749,CC1=CCCC2(C1CC(CC2)C(=C)C)C,204.35699999999994,4.7252000000000045,0.0,0.0,0.0,,,
750,CC1=CCC2C3C1[C@]2(CC[C@H]3C(C)C)C,204.35699999999997,4.270900000000004,0.0,0.0,0.0,,,
751,CC1=CCC(=CC1)[C@H](C)CCC=C(C)C,204.35699999999997,5.0354000000000045,0.0,0.0,1.0,,,
752,CC1=CCC2CC1C2(C)CCC=C(C)C,204.35699999999997,4.7252000000000045,0.0,0.0,0.0,,,
753,CC1=CCC2C3C1C2(CCC3C(C)C)C,204.35699999999997,4.270900000000004,0.0,0.0,0.0,,,
754,CC(=C)C1CCC(C(C1)C(=C)C)(C)C=C,204.35699999999997,4.747200000000005,0.0,0.0,0.0,,,
755,CC(=CCCC1(C2CC3C1(C3C2)C)C)C,204.35699999999997,4.415000000000004,0.0,0.0,0.0,,,
756,CC1CCC2CC3=C(CCC13C2(C)C)C,204.35699999999997,4.5591000000000035,0.0,0.0,0.0,,,
757,CC1=CCC2C1CC3CCC2(C3(C)C)C,204.35699999999997,4.415000000000004,0.0,0.0,0.0,,,
758,CC(C)[C@@H]1CC[C@@]2([C@H]1[C@@H]3[C@H]2CCC3=C)C,204.35699999999994,4.270900000000004,0.0,0.0,0.0,,,
759,CC1(CCCC2(C3C1C(C2=C)CC3)C)C,204.35699999999994,4.415000000000004,0.0,0.0,0.0,,,
760,CC(=CCC/C(=C/CCC(=C)C=C)/C)C,204.35699999999997,5.201500000000005,0.0,0.0,1.0,,,
761,C/C/1=C\CC(/C=C/C/C(=C/CC1)/C)(C)C,204.35699999999997,5.0354000000000045,0.0,0.0,1.0,,,
762,C[C@@H]1CC[C@@H]2[C@@H](C2(C)C)[C@H]3[C@@H]1CCC3=C,204.35699999999994,4.270900000000004,0.0,0.0,0.0,,,
763,C[C@@H]1CC[C@@H]2[C@@H]1[C@H]3[C@H](C3(C)C)CCC2=C,204.3569999999999,4.270900000000004,0.0,0.0,0.0,,,
764,c1cc2c(cc1O)CN3CC[C@@H](C3=[NH+]2)O,205.237,-0.9170000000000003,3.0,3.0,0.0,,,
765,CC(C)(CO)C(C(=O)NCCCO)O,205.25399999999996,-1.1355999999999997,4.0,4.0,0.0,,,
766,CC(C)(CO)[C@H](C(=O)NCCCO)O,205.25399999999996,-1.1355999999999997,4.0,4.0,0.0,,,
767,CCN(CC)c1cc(nc2n1ncn2)C,205.26500000000001,1.2789199999999998,0.0,5.0,0.0,,,
768,CC(C)Cc1ccc(cc1)C(C)C(=O)[O-],205.27699999999996,1.7384999999999997,0.0,2.0,0.0,,,
769,C[C@@H](c1ccc(cc1)CC(C)C)C(=O)[O-],205.27699999999996,1.7384999999999997,0.0,2.0,0.0,,,
770,C[NH+]1CC2CC(C1)c3cccc(=O)n3C2,205.28099999999998,-0.5199,1.0,2.0,0.0,,,
771,C[NH+](C)CCc1c[nH]c2c1cc(cc2)O,205.281,0.5605000000000002,3.0,1.0,0.0,,,
772,C[NH+](C)CCc1c[nH]c2c1c(ccc2)O,205.281,0.5604999999999998,3.0,1.0,0.0,,,
773,Cc1ccc2n(c1=O)C[C@H]3C[C@@H]2C[NH2+]C3,205.28099999999998,-0.16277999999999965,1.0,2.0,0.0,,,
774,c1ccc(cc1)[C@H]2CN3CCSC3=[NH+]2,205.30599999999998,0.22670000000000018,1.0,2.0,0.0,,,
775,C1CSS[C@@H]1CCCCC(=O)[O-],205.32399999999993,1.4503999999999997,0.0,4.0,0.0,,,
776,C1CSSC1CCCCC(=O)[O-],205.32399999999993,1.4503999999999997,0.0,4.0,0.0,,,
777,CC[C@@H](CO)[NH2+]CCN[C@@H](CC)CO,205.322,-1.3187999999999982,4.0,3.0,0.0,,,
778,C/C(=N\NC(=O)c1ccncc1)/C(=O)[O-],206.18099999999995,-1.0627999999999997,1.0,5.0,0.0,,,
779,CC(=O)Oc1ccc(cc1OC)CC=C,206.24099999999996,2.349,0.0,3.0,0.0,,,
780,c1ccc(cc1)c2c(c2=O)c3ccccc3,206.244,3.256400000000002,0.0,1.0,0.0,,,
781,Cc1cc(n(c(=O)c1)[O-])C2CCCCC2,206.26499999999993,2.550320000000001,0.0,3.0,0.0,,,
782,CC[NH+](CC)C(C)C(=O)c1ccccc1,206.309,1.1824999999999994,1.0,1.0,0.0,,,
783,CC1([C@@H]2CCC3(CCC=C[C@]3(C2)O1)C)C,206.32899999999998,3.690400000000003,0.0,1.0,0.0,,,
784,CC(C)(C)CC(C)(C)c1ccc(cc1)O,206.329,4.106000000000004,1.0,1.0,0.0,,,
785,C[C@H]1CC[C@H]([C@H]2C1=CC[C@@H](C2)C)C(C)C,206.37299999999996,4.661000000000004,0.0,0.0,0.0,,,
786,CC(C(c1ccccc1)O)N(C)C(=O)C,207.27299999999997,1.5868000000000002,1.0,2.0,0.0,,,
787,c1ccc(cc1)CCNC(=[NH2+])NC(=[NH2+])N,207.28099999999998,-3.4027999999999983,5.0,0.0,0.0,,,
788,CN1CCC[NH+]=C1/C=C/c2cccs2,207.322,0.5759000000000007,1.0,2.0,0.0,,,
789,[C@@H]([C@@H]([C@H](C(=O)[O-])O)O)([C@@H](C(=O)[O-])O)O,208.12199999999999,-6.070199999999997,4.0,8.0,0.0,,,
790,[C@H]([C@@H]([C@@H](C(=O)[O-])O)O)([C@H](C(=O)[O-])O)O,208.12199999999999,-6.070199999999997,4.0,8.0,0.0,,,
791,CCO[C@]1([C@H]([C@@H]([C@@H](CO1)O)O)O)CO,208.20999999999998,-2.175599999999999,4.0,6.0,0.0,,,
792,CO[C@H]1[C@@H]([C@H]([C@@H]([C@H]([C@H]1O)OC)O)O)O,208.20999999999998,-2.526399999999999,4.0,6.0,0.0,,,
793,COc1cc(cc(c1O)OC)/C=C/C=O,208.213,1.6214999999999997,1.0,4.0,0.0,,,
794,C1[C@@H]([C@H]([C@@H]([C@H]([NH+]1CCO)CO)O)O)O,208.234,-4.679199999999997,6.0,5.0,1.0,,,
795,COc1cc(cc(c1OC)OC)CC=C,208.25699999999995,2.4409,0.0,3.0,0.0,,,
796,C/C=C/c1cc(c(cc1OC)OC)OC,208.25699999999995,2.7455000000000016,0.0,3.0,0.0,,,
797,CC[C@H]1[C@H](COC1=O)Cc2cncn2C,208.26100000000002,1.1618000000000002,0.0,4.0,0.0,,,
798,c1ccc(cc1)Cc2[nH]c3ccccc3n2,208.264,3.1537000000000006,1.0,1.0,0.0,,,
799,CC[NH2+]C(C)Cc1ccc2c(c1)OCO2,208.28099999999995,0.9295999999999998,1.0,2.0,0.0,,,
800,CC1c2cc(c(cc2CC[NH2+]1)OC)OC,208.28099999999995,0.8842999999999995,1.0,2.0,0.0,,,
801,CN(C)C(=S)SC(=S)N(C)C,208.377,1.4126,0.0,3.0,0.0,,,
802,CN(CC(=O)[O-])/C(=[NH+]/P(=O)([O-])[O-])/N,209.09799999999996,-6.1079,2.0,5.0,0.0,,,
803,c1cc(cc2c1cc3ccc(cc3n2)N)N,209.25199999999995,2.5524000000000004,2.0,3.0,0.0,,,
804,c1c([n+](c(nc1N2CCCCC2)N)[O-])N,209.25299999999996,-0.1302999999999993,2.0,5.0,0.0,,,
805,CC(C)C1(C(=O)NC(=O)NC1=O)CC=C,210.23299999999995,0.5709000000000001,2.0,3.0,0.0,,,
806,CC(Cc1cc2c(c(c1)OC)OCO2)[NH3+],210.25299999999996,0.5967999999999998,1.0,3.0,0.0,,,
807,CN(C)c1nc(nc(n1)N(C)C)N(C)C,210.285,0.0696000000000001,0.0,6.0,0.0,,,
808,C[N+](C)(C)CCc1ccc(c(c1)O)OC,210.29699999999997,1.6495,1.0,2.0,0.0,,,
809,CCCC[NH2+]CC(c1ccc(cc1)O)O,210.297,0.7890999999999995,3.0,2.0,0.0,,,
810,Cc1cc(c(cc1OC)CC(C)[NH3+])OC,210.29699999999997,1.1851199999999995,1.0,2.0,0.0,,,
811,c1ccc2c(c1)c(c[nH]2)OP(=O)([O-])[O-],211.11299999999994,0.3753999999999991,1.0,4.0,0.0,,,
812,CC(C)OC(=O)NP(=O)(OC)OC,211.15399999999997,1.5218999999999998,1.0,5.0,0.0,,,
813,c1cc(cnc1)C(=O)NCCO[N+](=O)[O-],211.17699999999994,0.019699999999999884,1.0,5.0,0.0,,,
814,C[C@](Cc1ccc(c(c1)O)O)(C(=O)[O-])[NH3+],211.21699999999998,-1.609199999999999,3.0,4.0,0.0,,,
815,c1cn(c(=O)nc1N)[C@H]2CC[C@H](O2)CO,211.22099999999998,-0.5046000000000004,2.0,6.0,0.0,,,
816,Cc1c(cc(c(=O)[nH]1)C#N)c2ccncc2,211.22400000000002,1.6169999999999998,1.0,3.0,0.0,,,
817,c1ccc(cc1)c2ccc(cc2)CC(=O)[O-],211.23999999999995,1.6459999999999995,0.0,2.0,0.0,,,
818,c1ccc2c(c1)cccc2CC3=[NH+]CCN3,211.28799999999995,0.46459999999999935,2.0,1.0,0.0,,,
819,C(#N)[Fe-4](C#N)(C#N)(C#N)(C#N)C#N,211.953,0.09817999999999998,0.0,6.0,0.0,,,
820,C=CC(C=O)C\1(CCOC(=O)/C1=C\[NH3+])O,212.225,-1.208699999999999,2.0,4.0,0.0,,,
821,CC(=C)[C@H]1C[NH2+][C@@H]([C@H]1CC(=O)[O-])C(=O)[O-],212.225,-3.3695999999999975,1.0,4.0,0.0,,,
822,c1ccc2c(c1)c(no2)CS(=O)(=O)N,212.22999999999996,0.6163,1.0,4.0,0.0,,,
823,c1ccc(cc1)COC(=O)c2ccccc2,212.248,3.0436000000000014,0.0,2.0,0.0,,,
824,c1ccc(cc1)C(C(=O)c2ccccc2)O,212.248,2.6029000000000004,1.0,2.0,0.0,,,
825,CCCCC1(C(=O)NC(=O)NC1=O)CC,212.24899999999997,0.9389999999999997,2.0,3.0,0.0,,,
826,CCC(C)C1(C(=O)NC(=O)NC1=O)CC,212.24899999999997,0.7948999999999998,2.0,3.0,0.0,,,
827,Cc1c2c(ccn1)c3ccc(cc3[nH]2)OC,212.25199999999998,3.0331200000000003,1.0,2.0,0.0,,,
828,CC(C)[NH2+]CC(c1ccc(c(c1)O)O)O,212.26899999999998,0.10300000000000009,4.0,3.0,0.0,,,
829,COc1cc(cc(c1OC)OC)CC[NH3+],212.26899999999995,0.49679999999999985,1.0,3.0,0.0,,,
830,CC(C)[NH2+]CC(c1cc(cc(c1)O)O)O,212.269,0.10300000000000031,4.0,3.0,0.0,,,
831,CC(C(c1cc(ccc1OC)OC)O)[NH3+],212.26899999999998,0.3675999999999997,2.0,3.0,0.0,,,
832,c1cnc2cc3c(cc2n1)[C@@H]4C[C@H]3C[NH2+]C4,212.27599999999993,0.7776999999999997,1.0,2.0,0.0,,,
833,CCC[NH2+][C@H]1CCc2c(sc(n2)N)C1,212.34199999999996,0.5560000000000002,2.0,3.0,0.0,,,
834,CC(Cc1ccccc1)[NH2+]CCCCl,212.74399999999991,1.8098999999999998,1.0,0.0,0.0,,,
835,c1cc(c(cc1[C@@H]([C@H](C(=O)[O-])[NH3+])O)O)O,213.189,-2.5083999999999995,4.0,5.0,0.0,,,
836,c1cn(c(=O)nc1N)[C@@H]2CO[C@@H](O2)CO,213.19299999999998,-1.3106999999999998,2.0,7.0,0.0,,,
837,c1ccc(cc1)COC(=O)c2cccnc2,213.236,2.4386,0.0,3.0,0.0,,,
838,CC(=O)[N-]S(=O)(=O)c1ccc(cc1)N,213.238,0.8777000000000001,1.0,4.0,0.0,,,
839,c1ccc(cc1)/N=N/c2ccc(nc2N)N,213.244,2.6614,2.0,5.0,0.0,,,
840,c1cc(ccc1C(CC(=O)[O-])C[NH3+])Cl,213.66399999999996,-0.19450000000000045,1.0,2.0,0.0,,,
841,c1cc2c(cc(c(c2nc1)O)Cl)Cl,214.051,3.2472,1.0,2.0,0.0,,,
842,C(CCl)NC(=O)N(CCCl)N=O,214.05199999999996,1.157,1.0,3.0,0.0,,,
843,c1ccc(cc1)OC(=O)c2ccccc2O,214.22,2.611400000000001,1.0,3.0,0.0,,,
844,C(C[NH3+])C[NH2+]CCSP(=O)([O-])[O-],214.22699999999998,-3.2562999999999978,2.0,4.0,0.0,,,
845,c1cc(ccc1N)S(=O)(=O)N=C(N)N,214.24999999999997,-0.769099999999999,3.0,3.0,0.0,,,
846,c1ccc(cc1)COOCc2ccccc2,214.26399999999998,3.3350000000000017,0.0,2.0,0.0,,,
847,C1CCC2(CC1)OCC(O2)C[NH+]=C(N)N,214.289,-1.5837999999999974,3.0,2.0,0.0,,,
848,Cc1coc2c1CC3C(=C)CC=C[C@@]3(C2)C,214.30799999999996,3.8252200000000025,0.0,1.0,0.0,,,
849,CC(C)[NH2+]CC(c1ccccc1Cl)O,214.71599999999998,1.3451999999999997,2.0,1.0,0.0,,,
850,c1cc(ccc1N)[As](=O)([O-])[O-],215.04,-2.4341999999999997,1.0,4.0,0.0,,,
851,c1cc(oc1)CNc2c3c(nc[nH]3)ncn2,215.21600000000004,1.5579999999999994,2.0,5.0,0.0,,,
852,C1N2CN3CN1C[N+](C2)(C3)C/C=C/Cl,215.708,0.24749999999999983,0.0,3.0,0.0,,,
853,C(#N)[Fe-2](C#N)(C#N)(C#N)(C#N)N=O,215.941,0.2985,0.0,7.0,0.0,,,
854,COc1c2ccc(=O)oc2cc3c1cco3,216.19199999999998,2.5478000000000005,0.0,4.0,0.0,,,
855,COc1c2c(ccc(=O)o2)cc3c1occ3,216.19199999999998,2.5478000000000005,0.0,4.0,0.0,,,
856,Cc1cc2cccc(c2c(c1C(=O)C)O)O,216.23599999999996,2.7620200000000024,2.0,3.0,0.0,,,
857,C[C@H](CS)C(=O)N1CCC[C@H]1C(=O)[O-],216.28199999999995,-0.7068000000000001,1.0,4.0,0.0,,,
858,CCCCCCOC(=O)CCC(=O)C[NH3+],216.30099999999996,0.7011000000000003,1.0,3.0,0.0,,,
859,c1cc2c(c(c1)NC3=[NH+]CCN3)CCCC2,216.3079999999999,0.017100000000000115,3.0,2.0,0.0,,,
860,Cc1coc2c1C/C=C(/CC/C=C(/C2)\C)\C,216.32399999999996,4.359420000000004,0.0,1.0,0.0,,,
861,CC1=CC(=O)C=C(C12CCC(C2)C(=C)C)C,216.32399999999996,3.8243000000000027,0.0,1.0,0.0,,,
862,CC1=CC(=O)C=C2C1(C[C@@H](C=C2)C(C)C)C,216.324,3.680200000000003,0.0,1.0,0.0,,,
863,Cc1ccc(cc1)[C@@H](C)CC(=O)C=C(C)C,216.32399999999996,4.023920000000003,0.0,1.0,0.0,,,
864,Cc1coc2c1C[C@H]3C(=C)CCC[C@@]3(C2)C,216.32399999999993,4.049220000000003,0.0,1.0,0.0,,,
865,CC[NH2+]C1C2CCC(C2)C1c3ccccc3,216.348,2.152,1.0,0.0,0.0,,,
866,O=[Hg],216.589,-0.1213,0.0,1.0,0.0,,,
867,c1cc(c2c(c1F)non2)S(=O)(=O)[O-],217.15699999999998,0.2659999999999997,0.0,6.0,0.0,,,
868,CCC1(CCC(=O)NC1=O)c2ccccc2,217.268,1.771,1.0,2.0,0.0,,,
869,CCOc1ccc2c(c1)C(=CC(N2)(C)C)C,217.31199999999998,3.692700000000002,1.0,2.0,0.0,,,
870,CC[NH+](CC)CCc1c[nH]c2c1cccc2,217.336,1.6350999999999998,2.0,0.0,0.0,,,
871,CC(C)(CO)[C@H](C(=O)NCCC(=O)[O-])O,218.22899999999996,-2.377999999999998,3.0,5.0,0.0,,,
872,CCCC(C)(COC(=O)N)COC(=O)N,218.25299999999996,0.9834000000000003,2.0,4.0,0.0,,,
873,C[C@H](C(=O)[O-])[NH2+][C@@H](CCCC[NH3+])C(=O)[O-],218.25299999999996,-4.781099999999998,2.0,4.0,0.0,,,
874,CCC1(C(=O)NCNC1=O)c2ccccc2,218.256,0.5378999999999994,2.0,2.0,0.0,,,
875,CCC1(C(=O)N(C(=O)N1)C)c2ccccc2,218.256,1.4735000000000003,1.0,2.0,0.0,,,
876,C[NH2+][C@@H](Cc1c[nH]c2c1cccc2)C(=O)[O-],218.256,-0.9778999999999989,2.0,2.0,0.0,,,
877,CC(c1ccc(cc1)NCC(=C)C)C(=O)[O-],218.27599999999993,1.5279999999999996,1.0,3.0,0.0,,,
878,C1CC[NH+]2C(C1)C34CC2C=CC3=CC(=O)O4,218.27599999999998,-0.012099999999999556,1.0,2.0,0.0,,,
879,C1CC[NH+]2[C@@H](C1)C34C[C@@H]2C=CC3=CC(=O)O4,218.27599999999998,-0.012099999999999556,1.0,2.0,0.0,,,
880,C1CC[NH+]2[C@H](C1)[C@]34C[C@H]2C=CC3=CC(=O)O4,218.27599999999998,-0.012099999999999556,1.0,2.0,0.0,,,
881,CCCCCCCC(=O)OCC(CO)O,218.29299999999998,1.2433,2.0,4.0,0.0,,,
882,C[C@@H]1CCCC2=CC(=O)[C@@H]3[C@H]([C@@]12C)C3(C)C,218.33999999999997,3.594000000000003,0.0,1.0,0.0,,,
883,C/C/1=C\CC(=C(C)C)C(=O)C/C(=C/CC1)/C,218.33999999999995,4.358500000000004,0.0,1.0,0.0,,,
884,Cc1coc2c1CC3(C(CCCC3C2)C)C,218.33999999999995,4.129120000000003,0.0,1.0,0.0,,,
885,C/C/1=C\CC(/C=C/C(=O)/C(=C/CC1)/C)(C)C,218.33999999999995,4.214400000000004,0.0,1.0,0.0,,,
886,CC1CCC2C(=O)C3=C(CCC13C2(C)C)C,218.33999999999995,3.738100000000003,0.0,1.0,0.0,,,
887,C[C@H]1CC[C@H](CC2=C1C(=O)C[C@@H]2C)C(=C)C,218.33999999999995,3.904200000000003,0.0,1.0,0.0,,,
888,CC1CCC(C2=C(CCC12)C)/C=C(/C)\C=O,218.34,3.904200000000003,0.0,1.0,0.0,,,
889,c1ccc(cc1)Cc2cc(ccc2O)Cl,218.683,3.6364000000000014,1.0,1.0,0.0,,,
890,COc1ccc(cc1)C(=O)N2CCCC2=O,219.23999999999992,1.4578,0.0,3.0,0.0,,,
891,C[NH+](C)CCc1c[nH]c2c1cc(cc2)OC,219.308,0.8635000000000002,2.0,1.0,0.0,,,
892,Cc1ncc(n1CC(CCl)O)[N+](=O)[O-],219.628,0.6994199999999999,1.0,5.0,0.0,,,
893,c1cc(c(cc1Cl)Cl)OCC(=O)[O-],220.03099999999995,1.1220999999999992,0.0,3.0,0.0,,,
894,C[C@H]1c2cncc(c2CC(=O)N1)C(=O)OC,220.22799999999998,0.6014999999999999,1.0,4.0,0.0,,,
895,c1ccc2c(c1)c3ccnc4c3n2c(=O)cc4,220.23099999999997,2.4387,0.0,3.0,0.0,,,
896,CC1(C=Cc2cc(c(cc2O1)OC)OC)C,220.26799999999997,2.888000000000001,0.0,3.0,0.0,,,
897,CC(=O)N(CC(=O)N(C)C)c1ccccc1,220.27200000000002,1.1277,0.0,2.0,0.0,,,
898,c1ccc(cc1)c2c(nc[nH]2)c3ccccc3,220.275,3.7437000000000014,1.0,1.0,0.0,,,
899,CCCC[NH+]1C[C@@H]([C@H]([C@@H]([C@H]1CO)O)O)O,220.289,-2.8713999999999964,5.0,4.0,0.0,,,
900,C1CC[NH+]2[C@@H](C1)C34CC2CC=C3CC(=O)O4,220.29199999999994,0.2119000000000002,1.0,2.0,0.0,,,
901,CC12CCCC(=C)[C@H]1C[C@@H](CC2)C(=C)CO,220.35599999999997,3.6976000000000027,1.0,1.0,0.0,,,
902,C/C(=C/CC[C@@]1([C@H]2CC[C@H](C2)C1=C)C)/CO,220.35599999999997,3.6976000000000027,1.0,1.0,0.0,,,
903,CC1(CC2C1CCC3(C(O3)CCC2=C)C)C,220.35599999999994,3.9364000000000035,0.0,1.0,0.0,,,
904,C/C(=C/CC[C@@]1(C2CC3C1(C3C2)C)C)/CO,220.35599999999997,3.3874000000000026,1.0,1.0,0.0,,,
905,CC1CCC2C3(C1(C4C(C4(C)C)CC3)C)O2,220.35599999999994,3.6262000000000025,0.0,1.0,0.0,,,
906,Cc1cc(c(c(c1)C(C)(C)C)O)C(C)(C)C,220.35599999999997,4.295620000000003,1.0,1.0,0.0,,,
907,CC(=CCC/C(=C/CC/C(=C/C=O)/C)/C)C,220.356,4.604500000000004,0.0,1.0,0.0,,,
908,COP(=O)(OC)OC=C(Cl)Cl,220.976,2.6804000000000006,0.0,4.0,0.0,,,
909,CC(=O)N[C@@H]1[C@H]([C@@H](C(O[C@H]1O)CO)O)O,221.20899999999997,-3.077599999999998,5.0,6.0,0.0,,,
910,CC(=O)N[C@@H]1[C@H]([C@H]([C@H](O[C@@H]1O)CO)O)O,221.20899999999997,-3.077599999999998,5.0,6.0,0.0,,,
911,Cc1cc(cc(c1)OCC2CNC(=O)O2)C,221.25599999999997,1.7906399999999996,1.0,3.0,0.0,,,
912,CCCCCCOc1ccccc1C(=O)N,221.29999999999998,2.7446,1.0,2.0,0.0,,,
913,CC(C)NC(=O)c1ccc(cc1)CNNC,221.304,1.0488,3.0,3.0,0.0,,,
914,CCC[NH2+]C(C)C(=O)Nc1ccccc1C,221.32399999999998,1.2954199999999998,2.0,1.0,0.0,,,
915,CCC(C)NC(=O)/C=C/C=C/CC/C=C/C,221.34399999999997,3.3698000000000023,1.0,1.0,0.0,,,
916,Cc1ccsc1/C=C/C2=[NH+]CCCN2C,221.34899999999996,0.8843199999999998,1.0,2.0,0.0,,,
917,CC1=C(C(=O)c2c(cccc2[O-])C1=O)Cl,221.61899999999997,1.652,0.0,3.0,0.0,,,
918,CC(=O)NC(Cc1ccc(cc1)O)C(=O)[O-],222.21999999999997,-0.8107000000000004,2.0,4.0,0.0,,,
919,CCOC(=O)c1ccccc1C(=O)OCC,222.23999999999995,2.04,0.0,4.0,0.0,,,
920,COc1c(cc2c(c1OC)OCO2)CC=C,222.23999999999992,2.1609999999999996,0.0,4.0,0.0,,,
921,c1ccc(cc1)c2cc(=O)c3ccccc3o2,222.24299999999997,3.4600000000000017,0.0,2.0,0.0,,,
922,c1ccc(cc1)c2coc3ccccc3c2=O,222.24299999999997,3.4600000000000026,0.0,2.0,0.0,,,
923,c1ccc(cc1)C2C(=O)c3ccccc3C2=O,222.24299999999997,2.849400000000001,0.0,2.0,0.0,,,
924,CC(=O)Nc1nnc(s1)S(=O)(=O)N,222.251,-0.8561000000000003,2.0,6.0,0.0,,,
925,C[NH+]1CCc2cc3c(c(c2C1)OC)OCO3,222.26399999999992,-0.00529999999999986,1.0,3.0,0.0,,,
926,CC(C)(C(=O)N[C@@H](CS)C(=O)[O-])S,222.311,-1.1407,3.0,5.0,0.0,,,
927,CC[C@@H](c1cccc(c1)O)[C@@H](C)C[NH+](C)C,222.35199999999998,1.6663999999999997,2.0,1.0,0.0,,,
928,CC(C)[C@H]1CC[C@]2(CCCC(=O)[C@]2(C1)C)C,222.37199999999996,4.2081000000000035,0.0,1.0,0.0,,,
929,C[C@@]12CCC[C@H]3C1[C@@](CCC2)(OC3(C)C)C,222.37199999999996,4.160400000000004,0.0,1.0,0.0,,,
930,C[C@]12CCCC(=C)[C@@H]1C[C@@H](CC2)C(C)(C)O,222.37199999999999,3.920000000000003,1.0,1.0,0.0,,,
931,CC1=CCC2(CC[C@@H](C2(CC1)O)C(C)C)C,222.37199999999999,3.9200000000000035,1.0,1.0,0.0,,,
932,CC(C)[C@@H]1CCC2(CCCC(=O)C2(C1)C)C,222.37199999999996,4.2081000000000035,0.0,1.0,0.0,,,
933,CC(=CCC/C(=C\CCC(C)(C=C)O)/C)C,222.37199999999999,4.396300000000004,1.0,1.0,0.0,,,
934,CC1CCC=C(C12CCC(C2)C(C)(C)O)C,222.37199999999999,3.9200000000000026,1.0,1.0,0.0,,,
935,CC(=CCC/C(=C/CCC(C)(C=C)O)/C)C,222.37199999999999,4.396300000000004,1.0,1.0,0.0,,,
936,C[C@H]1CCC[C@@]2(C13C[C@@H](CC2)C(O3)(C)C)C,222.37199999999996,4.160400000000004,0.0,1.0,0.0,,,
937,C[C@@H]1CC[C@@H]2[C@]13CC[C@@]([C@H](C3)C2(C)C)(C)O,222.37199999999999,3.609800000000003,1.0,1.0,0.0,,,
938,C[C@H]1CC[C@H](CC2=C1CC[C@@H]2C)C(C)(C)O,222.37199999999999,3.920000000000003,1.0,1.0,0.0,,,
939,C[C@@H]1CCC=C2[C@]1(C[C@@H](CC2)C(C)(C)O)C,222.37199999999996,3.9200000000000026,1.0,1.0,0.0,,,
940,CC1CCCC2C1(CC(CC2)C(=C)CO)C,222.37199999999993,3.7775000000000034,1.0,1.0,0.0,,,
941,C/C(=C\C(=O)NC)/OP(=O)(OC)OC,223.16499999999996,1.0536999999999999,1.0,5.0,0.0,,,
942,COc1cc(cc(c1O)OC)/C=C/C(=O)[O-],223.20399999999998,0.1724999999999997,1.0,5.0,0.0,,,
943,CCCCOCCOC(=O)c1cccnc1,223.27200000000002,2.0551,0.0,4.0,0.0,,,
944,CCOc1ccc(cc1)NC(=O)CC(C)O,223.27199999999996,1.7946999999999997,2.0,3.0,0.0,,,
945,CCCCOc1ccc(cc1)CC(=O)NO,223.272,1.9133999999999995,2.0,3.0,0.0,,,
946,CN(C)C(=O)Oc1cccc(c1)[N+](C)(C)C,223.29599999999996,1.9437,0.0,2.0,0.0,,,
947,CC[NH+](CC)CCOC(=O)c1cccnc1,223.29600000000002,0.1631000000000009,1.0,3.0,0.0,,,
948,c1cc2c(c(c1)[O-])C(=O)c3c(cccc3[O-])C2,224.21499999999995,0.9689999999999998,0.0,3.0,0.0,,,
949,Cc1cn(c(=O)[nH]c1=O)[C@H]2C=C[C@H](O2)CO,224.216,-0.7090800000000002,2.0,5.0,0.0,,,
950,CCc1nc2c(n1O)c(=O)n(c(=O)n2C)C,224.21999999999997,-0.7665999999999997,1.0,7.0,0.0,,,
951,CCCC(=O)c1c(cc(c(c1O)C)OC)O,224.25599999999997,2.397620000000001,2.0,4.0,0.0,,,
952,CCC(C)C1(C(=O)NC(=O)NC1=O)CC=C,224.25999999999996,0.961,2.0,3.0,0.0,,,
953,CC(C)CC1(C(=O)NC(=O)NC1=O)CC=C,224.25999999999996,0.961,2.0,3.0,0.0,,,
954,c1ccc(cc1)C(c2[nH]c3ccccc3n2)O,224.263,2.644600000000001,2.0,2.0,0.0,,,
955,C[n+]1c2cc(ccc2cc3c1cc(cc3)N)N,224.28699999999998,1.9818999999999993,2.0,2.0,0.0,,,
956,CC/C=C\C[C@@H]1[C@H](CCC1=O)CC(=O)OC,224.29999999999995,2.501100000000001,0.0,3.0,0.0,,,
957,C/C=C(/C)\C(=O)OC1C[C@H]2CC[C@H](C1)[NH+]2C,224.32399999999996,0.7039000000000002,1.0,2.0,0.0,,,
958,c1cc(ccc1CS(=O)(=O)Cl)Cl,225.09599999999998,2.4086000000000007,0.0,2.0,0.0,,,
959,c1cc(oc1/C=N/N2CCOC2=O)[N+](=O)[O-],225.15999999999997,0.9739000000000002,0.0,6.0,0.0,,,
960,Cc1c(cc(cc1[N+](=O)[O-])[N+](=O)[O-])C(=O)N,225.15999999999997,0.9103200000000002,1.0,5.0,0.0,,,
961,c1nc2c(n1COCCO)[nH]c(nc2=O)N,225.208,-1.3317999999999997,3.0,7.0,0.0,,,
962,C[C@](Cc1ccc(c(c1)O)O)(C(=O)[O-])NN,225.224,-1.3877999999999995,4.0,6.0,0.0,,,
963,C=CCOc1ccc(cc1Cl)CC(=O)[O-],225.65099999999995,1.1971999999999998,0.0,3.0,0.0,,,
964,CCCCOC(=O)C1=CC(=O)CC(O1)(C)C,226.27199999999993,1.9816,0.0,4.0,0.0,,,
965,CCC1(C(=O)NC(=O)NC1=O)CCC(C)C,226.27599999999995,1.1849999999999998,2.0,3.0,0.0,,,
966,CCCC(C)C1(C(=O)NC(=O)NC1=O)CC,226.27599999999998,1.1849999999999998,2.0,3.0,0.0,,,
967,CC(C)(c1cccnc1)C(=O)c2cccnc2,226.279,2.637100000000001,0.0,3.0,0.0,,,
968,CC(C)(C)[NH2+]CC(c1cc(cc(c1)O)O)O,226.29600000000002,0.4930999999999999,4.0,3.0,0.0,,,
969,C[NH+](C)[C@H](Cc1ccccc1)c2ccccc2,226.34300000000002,2.1148999999999996,1.0,0.0,0.0,,,
970,C(C(CO[N+](=O)[O-])O[N+](=O)[O-])O[N+](=O)[O-],227.08499999999995,-1.0200999999999996,0.0,9.0,0.0,,,
971,Cc1cccn2c1ncc(c2=O)c3[n-]nnn3,227.20700000000002,-0.18788000000000027,0.0,6.0,0.0,,,
972,c1cc(ccc1Cn2ccnc2)/C=C/C(=O)[O-],227.243,0.6944999999999997,0.0,4.0,0.0,,,
973,CCCCCCCCCCCCCC(=O)[O-],227.36799999999994,3.437400000000002,0.0,2.0,0.0,,,
974,C(C(Cl)(Cl)Cl)OP(=O)([O-])[O-],227.36699999999996,0.2019000000000002,0.0,4.0,0.0,,,
975,Cc1ccc2c(cc(c(c2n1)O)Cl)Cl,228.078,3.5556200000000007,1.0,2.0,0.0,,,
976,c1c(cc(c(c1[N+](=O)[O-])[O-])[N+](=O)[O-])[N+](=O)[O-],228.09599999999998,0.4848000000000002,0.0,7.0,0.0,,,
977,c1nc(nc(=O)n1[C@H]2C[C@@H]([C@H](O2)CO)O)N,228.208,-2.138799999999998,3.0,8.0,0.0,,,
978,c1ccc(cc1)COC(=O)c2ccc(cc2)O,228.24699999999999,2.7492000000000014,1.0,3.0,0.0,,,
979,COc1ccc(c(c1)O)C(=O)c2ccccc2,228.24699999999999,2.6318,1.0,3.0,0.0,,,
980,Cc1cc(=O)oc2c1cc3cc(oc3c2C)C,228.24699999999996,3.4644600000000025,0.0,3.0,0.0,,,
981,c1cc(ccc1/C=C/c2cc(cc(c2)O)O)O,228.24699999999999,2.973800000000002,3.0,3.0,0.0,,,
982,CC(=C)C1Cc2c(ccc3c2oc(=O)cc3)O1,228.24699999999999,2.672600000000001,0.0,3.0,0.0,,,
983,CC(=O)CCc1ccc2cc(ccc2c1)OC,228.291,3.370000000000002,0.0,2.0,0.0,,,
984,CCS(=O)(=O)C(C)(C)S(=O)(=O)CC,228.33499999999998,0.5919000000000003,0.0,4.0,0.0,,,
985,CC(C)(C)[NH2+]CC(c1ccccc1Cl)O,228.74300000000002,1.7352999999999996,2.0,1.0,0.0,,,
986,c1ccc(c(c1)C(=O)Nc2ccc(cc2)O)O,229.235,2.350100000000001,3.0,3.0,0.0,,,
987,c1ccc(cc1)OC(=O)c2ccc(cc2O)N,229.23499999999999,2.1935999999999996,2.0,4.0,0.0,,,
988,C[C@@H](c1ccc2cc(ccc2c1)OC)C(=O)[O-],229.25499999999997,1.7018,0.0,3.0,0.0,,,
989,c1cn(c(=O)nc1N)[C@@H]2CS[C@@H](O2)CO,229.261,-0.5941000000000001,2.0,7.0,0.0,,,
990,c1cnccc1C(=O)NNCS(=O)(=O)[O-],230.22499999999997,-1.1812999999999994,2.0,6.0,0.0,,,
991,c1cc(ccc1N)S(=O)(=O)[N-]C(=S)N,230.29399999999998,0.5748000000000001,2.0,4.0,0.0,,,
992,c1ccc(cc1)c2ccc(cc2)c3ccccc3,230.31,5.0206000000000035,0.0,0.0,1.0,,,
993,Cc1c(c(=O)n(n1C)c2ccccc2)C(C)C,230.31100000000004,2.6078200000000002,0.0,3.0,0.0,,,
994,CC(C)c1c(c2ccccn2n1)C(=O)C(C)C,230.31099999999998,3.296400000000002,0.0,3.0,0.0,,,
995,c1(c(nc(c(n1)Cl)N)N)C(=O)NC(=[NH2+])N,230.63899999999998,-2.902,5.0,5.0,0.0,,,
996,CC1=NS(=O)(=O)c2cc(ccc2N1)Cl,230.67600000000002,1.8726,1.0,3.0,0.0,,,
997,c1cc(c(c(c1)Cl)NC2=[NH+]CCN2)Cl,231.106,0.4450999999999998,3.0,2.0,0.0,,,
998,c1cc(cc(c1)NC(=O)C(=O)[O-])c2n[n-]nn2,231.171,-1.8157999999999994,1.0,6.0,0.0,,,
999,CCn1cc(c(=O)c2c1nc(cc2)C)C(=O)[O-],231.23099999999997,0.08831999999999973,0.0,5.0,0.0,,,
1000,Cc1cc(no1)C(=O)NNCc2ccccc2,231.25500000000002,1.41762,2.0,4.0,0.0,,,
1001,Cc1c(c(=O)n(n1C)c2ccccc2)N(C)C,231.29900000000004,1.55042,0.0,4.0,0.0,,,
1002,CS(=O)(=O)CCCCCCCCCC#N,231.36099999999993,2.6753800000000014,0.0,3.0,0.0,,,
1003,C(C[NH3+])C(O)(P(=O)([O-])[O-])P(=O)([O-])[O-],232.04499999999996,-4.908099999999999,2.0,7.0,0.0,,,
1004,c1cc(c(c(c1)Cl)/C=N/[NH+]=C(N)N)Cl,232.09399999999997,-0.31870000000000037,3.0,1.0,0.0,,,
1005,CC1([C@@H](N2[C@H](S1(=O)=O)CC2=O)C(=O)[O-])C,232.23699999999994,-2.129699999999998,0.0,5.0,0.0,,,
1006,CCC1(C(=O)NC(=O)NC1=O)c2ccccc2,232.239,0.7003999999999997,2.0,3.0,0.0,,,
1007,CCOC(=O)NNc1c2ccccc2cnn1,232.24300000000002,1.7027999999999999,2.0,5.0,0.0,,,
1008,CC(C)(CO)[C@H](C(=O)NCCCC(=O)[O-])O,232.25599999999994,-1.9878999999999982,3.0,5.0,0.0,,,
1009,CC[NH2+]C(C)Cc1cccc(c1)C(F)(F)F,232.26899999999995,2.2196999999999996,1.0,0.0,0.0,,,
1010,CC1=C2C(=O)O[C@H]([C@@]2(CCC1)C)c3ccoc3,232.27899999999997,3.3842000000000025,0.0,3.0,0.0,,,
1011,CCC(C)C(C)(COC(=O)N)COC(=O)N,232.27999999999994,1.2294000000000003,2.0,4.0,0.0,,,
1012,CCC1(CCC(=O)NC1=O)c2ccc(cc2)N,232.283,1.3531999999999997,2.0,3.0,0.0,,,
1013,CC(=O)NCCc1c[nH]c2c1cc(cc2)OC,232.283,1.8551,2.0,2.0,0.0,,,
1014,C/C/1=C\CC/C(=C/[C@@H]2[C@@H](CC1)C(=C)C(=O)O2)/C,232.32299999999992,3.5508000000000024,0.0,2.0,0.0,,,
1015,CC(C)c1cc(cc2c1CCC2(C)O)C(=O)C,232.32299999999992,3.1663000000000014,1.0,2.0,0.0,,,
1016,C[C@H]1CCC[C@]2(C1=C[C@H]3[C@@H](C2)OC(=O)C3=C)C,232.32299999999995,3.2406000000000024,0.0,2.0,0.0,,,
1017,C[C@]12CCCC(=C)[C@@H]1C[C@H]3[C@@H](C2)OC(=O)C3=C,232.32299999999998,3.2406000000000015,0.0,2.0,0.0,,,
1018,C[C@@]12CC[NH+](C[C@@H](C1)Cc3c2cc(cc3)O)C,232.347,1.1307,2.0,1.0,0.0,,,
1019,C[C@]1([C@H]2[C@@]([C@@H]3[C@@H](CC2)CCCC3)(C=CC1)C)C,232.41099999999994,5.195200000000005,0.0,0.0,1.0,,,
1020,c1(=O)n(c(=O)n(c(=O)n1Cl)Cl)Cl,232.41,-0.8226,0.0,6.0,0.0,,,
1021,C1CCN2[C@@H](C1)[C@]34C[C@H](O2)C=CC3=CC(=O)O4,233.26699999999997,1.3366,0.0,4.0,0.0,,,
1022,C[C@]12CCCC(=C)[C@@H]1C[C@@H](CC2)C(=C)C(=O)[O-],233.33099999999996,2.4552000000000005,0.0,2.0,0.0,,,
1023,C/C(=C/CCC1(C2CC3C1(C3C2)C)C)/C(=O)[O-],233.33099999999996,2.1449999999999996,0.0,2.0,0.0,,,
1024,C1CCC(CC1)NC(=O)N(CCCl)N=O,233.69899999999998,2.2509000000000006,1.0,3.0,0.0,,,
1025,c1cc2c(cc1OC(F)(F)F)sc(n2)N,234.20199999999997,2.7771,1.0,4.0,0.0,,,
1026,Cc1cc(nc(n1)n2c(cc(n2)C)OC)OC,234.25900000000001,1.29634,0.0,6.0,0.0,,,
1027,CC(C)(C)C(/C=C/c1ccc2c(c1)OCO2)O,234.29499999999996,2.835500000000002,1.0,3.0,0.0,,,
1028,CCOC(=O)C1(CC[NH2+]CC1)c2ccccc2,234.319,0.8447000000000001,1.0,2.0,0.0,,,
1029,COC(=O)C(c1ccccc1)C2CCCC[NH2+]2,234.31899999999993,1.0590999999999997,1.0,2.0,0.0,,,
1030,COC(=O)[C@H](c1ccccc1)[C@H]2CCCC[NH2+]2,234.31899999999993,1.0590999999999997,1.0,2.0,0.0,,,
1031,C/C/1=C/CCC2(C(O2)CC(/C=C/C1=O)(C)C)C,234.339,3.425600000000002,0.0,2.0,0.0,,,
1032,Cc1coc2c1[C@H]([C@@]3([C@H](CCC[C@@H]3C2)C)C)O,234.33899999999994,3.6200200000000025,1.0,2.0,0.0,,,
1033,C[C@]12CCCC([C@@H]1CC=C([C@@H]2C=O)C=O)(C)C,234.339,3.163100000000002,0.0,2.0,0.0,,,
1034,CC1=CC(=O)C(=C(C)C)C[C@H]2[C@H]1CC[C@]2(C)O,234.33899999999997,3.019100000000002,1.0,2.0,0.0,,,
1035,C[C@]12CCCC([C@@H]1CCC3=C2COC3=O)(C)C,234.33899999999997,3.4662000000000024,0.0,2.0,0.0,,,
1036,CCC1(CCCC[NH+](C1)C)c2cccc(c2)O,234.36300000000003,1.7385999999999995,2.0,1.0,0.0,,,
1037,C[N+]1=CC(=O)c2c1cc(c(c2)N[NH+]=C(N)N)O,235.247,-2.385999999999999,5.0,3.0,0.0,,,
1038,CCC1(C(=O)NC(=O)CS1)c2ccccc2,235.308,1.6814999999999998,1.0,3.0,0.0,,,
1039,CC(C)CCOC(=O)c1ccc(cc1)N(C)C,235.327,2.9555000000000016,0.0,3.0,0.0,,,
1040,CC[NH+](CC)CC(=O)Nc1c(cccc1C)C,235.351,1.16664,2.0,1.0,0.0,,,
1041,C1[C@H]([C@@H]2[C@H](O1)[C@H](CO2)O[N+](=O)[O-])O[N+](=O)[O-],236.13599999999997,-1.0621999999999998,0.0,8.0,0.0,,,
1042,c1[nH]c(=O)c2c(n1)n(cn2)[C@H]3CC[C@H](O3)CO,236.23099999999997,-0.21050000000000052,2.0,6.0,0.0,,,
1043,CC1(C(=O)NC(=O)N(C1=O)C)C2=CCCCC2,236.27099999999993,1.2012999999999998,1.0,3.0,0.0,,,
1044,c1ccc(cc1)Cc2[nH]c3ccccc3c(=O)n2,236.274,2.5139000000000005,1.0,2.0,0.0,,,
1045,c1ccc2c(c1)C=Cc3ccccc3N2C(=O)N,236.27399999999997,3.3872000000000018,1.0,1.0,0.0,,,
1046,CC(=O)/N=c\1/n(nc(s1)S(=O)(=O)N)C,236.278,-1.4237999999999997,1.0,6.0,0.0,,,
1047,C1CC[NH+]2[C@H](C1)[C@@]34C[C@@H]([C@@H]2CC3=CC(=O)O4)O,236.29099999999997,-0.8172999999999988,2.0,3.0,0.0,,,
1048,CC(c1cc2ccccc2s1)N(C(=O)N)O,236.29599999999996,2.7321999999999997,2.0,3.0,0.0,,,
1049,Cc1cc(n(c(=O)c1)[O-])CC(C)CC(C)(C)C,236.33499999999995,3.117420000000002,0.0,3.0,0.0,,,
1050,CCC[NH2+]C(C)(C)COC(=O)c1ccccc1,236.335,1.5953999999999997,1.0,2.0,0.0,,,
1051,CC[NH+](CC)CCNC(=O)c1ccc(cc1)N,236.339,-0.07669999999999855,3.0,2.0,0.0,,,
1052,C[C@H]1CC/C=C(/CC(=O)[C@@H](CC1=O)C(C)C)\C,236.35499999999996,3.553200000000003,0.0,2.0,0.0,,,
1053,C[C@H]1CC[C@@H]2C13C[C@H]([C@@](O3)(CC2=C)O)C(C)C,236.35499999999996,3.112300000000002,1.0,2.0,0.0,,,
1054,[C-]#[N+]CCN1CCC(CC1)CC[NH+]2CCCC2,236.38299999999992,0.6864900000000007,1.0,1.0,0.0,,,
1055,C1CC[NH+]2C[C@@H]3C[C@H]([C@H]2C1)C[NH+]4[C@H]3CCCC4,236.40299999999993,-0.48909999999999676,2.0,0.0,0.0,,,
1056,C1CC[NH+]2CC3C[C@H]([C@@H]2C1)C[NH+]4[C@H]3CCCC4,236.40299999999993,-0.48909999999999676,2.0,0.0,0.0,,,
1057,C[Si](C)(C)O[Si](C)(C)O[Si](C)(C)C,236.53599999999997,3.391200000000002,0.0,2.0,0.0,,,
1058,C[NH+]1CC(C2=C/C(=N/NC(=O)N)/C(=O)C=C21)O,237.23899999999998,-2.7070999999999974,4.0,4.0,0.0,,,
1059,CCC(=O)OCCNC(=O)C[n+]1ccccc1,237.27900000000002,0.043500000000000094,1.0,3.0,0.0,,,
1060,CC[NH+](CC)CCOC(=O)c1ccc(cc1)N,237.323,0.3503000000000013,2.0,3.0,0.0,,,
1061,c1ccc(cc1)N2CC[NH+](CC2)C[C@@H](CO)O,237.32299999999995,-1.2552999999999985,3.0,3.0,0.0,,,
1062,c1cc(oc1/C=N/N2CC(=O)NC2=O)[N+](=O)[O-],238.159,0.07349999999999995,1.0,6.0,0.0,,,
1063,c1cc(c(c(c1)F)Cn2cc(nn2)C(=O)N)F,238.19699999999997,0.7035,1.0,4.0,0.0,,,
1064,c1cc2c(c(c1)[O-])C(=O)c3c(cccc3[O-])C2=O,238.19799999999995,0.6091999999999997,0.0,4.0,0.0,,,
1065,Cc1cc2c(c(c1)[O-])C(=O)c3c(cccc3[O-])C2,238.24199999999996,1.2774199999999998,0.0,3.0,0.0,,,
1066,c1ccc(cc1)C(COC(=O)N)COC(=O)N,238.24299999999994,0.9608000000000003,2.0,4.0,0.0,,,
1067,CC(Cn1cnc2c1c(=O)n(c(=O)n2C)C)O,238.24699999999999,-1.185499999999999,1.0,7.0,0.0,,,
1068,c1ccc(cc1)COC(=O)/C=C/c2ccccc2,238.286,3.443200000000002,0.0,2.0,0.0,,,
1069,CCCC(C)C1(C(=O)NC(=O)NC1=O)CC=C,238.28699999999998,1.3510999999999997,2.0,3.0,0.0,,,
1070,Cc1cc([nH]c1/C=C\2/c3ccccc3NC2=O)C,238.29000000000002,3.1242400000000004,2.0,1.0,0.0,,,
1071,CCC(=C(c1ccccc1)c2ccccc2)C[NH3+],238.35399999999998,3.1404000000000005,1.0,0.0,0.0,,,
1072,CC12CC[C@H](C[C@@H]1C(=C)CC(C2)O)C(C)(C)O,238.37099999999998,2.890800000000002,2.0,2.0,0.0,,,
1073,CC(C)[C@H]1CC[C@]2([C@]13CC[C@](O3)([C@H](C2)O)C)C,238.37099999999998,3.1312000000000015,1.0,2.0,0.0,,,
1074,C[NH2+]C1(CCCCC1=O)c2ccccc2Cl,238.73800000000003,1.8716000000000002,1.0,1.0,0.0,,,
1075,c1ccc2c(c1)C(=O)c3cc(cc(c3C2=O)[O-])O,239.20599999999996,1.2412,1.0,4.0,0.0,,,
1076,c1ccc2c(c1)C(=O)c3ccc(c(c3C2=O)[O-])O,239.20599999999996,1.2411999999999992,1.0,4.0,0.0,,,
1077,C[C@@H]([C@@H](C1=Nc2c([nH]c(nc2=O)N)NC1)O)O,239.23499999999999,-1.4081999999999997,5.0,7.0,0.0,,,
1078,CCOc1c(cnn(c1=O)C)N2CCOCC2,239.27499999999995,0.015599999999999836,0.0,6.0,0.0,,,
1079,Cl[201Tl],236.423819,0.3087,0.0,0.0,0.0,,,
1080,CCOC(=O)[C@](C)(Cc1ccc(c(c1)O)O)[NH3+],240.27900000000002,0.20400000000000001,3.0,4.0,0.0,,,
1081,Cc1cccc(c1C)Nc2ccccc2C(=O)[O-],240.282,2.41054,1.0,3.0,0.0,,,
1082,CCOC(=O)Cc1ccc(cc1)c2ccccc2,240.30200000000002,3.459200000000002,0.0,2.0,0.0,,,
1083,c1ccc(cc1)CCCNC(=O)c2ccncc2,240.306,2.4442000000000004,1.0,2.0,0.0,,,
1084,C([C@@H](C(=O)[O-])[NH3+])SSC[C@@H](C(=O)[O-])[NH3+],240.30599999999998,-4.911399999999999,2.0,6.0,0.0,,,
1085,CC(C)Cn1cnc2c1c3ccccc3nc2N,240.31,2.8227,1.0,4.0,0.0,,,
1086,C/C=C(/C)\C(=O)OC[C@@H]1[C@H]2CCC[NH+]2C[C@@H]1O,240.32299999999995,-0.46619999999999856,2.0,3.0,0.0,,,
1087,CC(C)(C)[NH2+]CC(c1ccc(c(c1)CO)O)O,240.323,0.2797999999999999,4.0,3.0,0.0,,,
1088,CCC(C(c1ccc(c(c1)O)O)O)[NH2+]C(C)C,240.323,0.8815999999999999,4.0,3.0,0.0,,,
1089,CC(C)(C)[NH2+]C[C@@H](c1ccc(c(c1)CO)O)O,240.323,0.2797999999999999,4.0,3.0,0.0,,,
1090,CCCN(C(CC)C(=O)N(C)C)C(=O)C=CC,240.34699999999995,1.6679,0.0,2.0,0.0,,,
1091,CC(Cc1ccccc1)[NH+](C)Cc2ccccc2,240.36999999999998,2.3325000000000005,1.0,0.0,0.0,,,
1092,COc1ccc(cc1)c2cc(=S)ss2,240.374,4.214690000000001,0.0,4.0,0.0,,,
1093,C[N+]1(CCCC1)CCCCC[N+]2(CCCC2)C,240.43499999999995,2.637500000000001,0.0,0.0,0.0,,,
1094,CN(C)C(=S)SSC(=S)N(C)C,240.44400000000002,2.0608,0.0,4.0,0.0,,,
1095,CC(C(=O)c1cccc(c1)Cl)[NH2+]C(C)(C)C,240.75399999999996,2.2731000000000003,1.0,1.0,0.0,,,
1096,C(P(=O)([O-])[O-])(P(=O)([O-])[O-])(Cl)Cl,240.859,-2.0973000000000006,0.0,6.0,0.0,,,
1097,COc1ccccc1OCC(COC(=O)N)O,241.24299999999994,0.5301999999999998,2.0,5.0,0.0,,,
1098,C[C@@H]([C@@H]([C@H]1CNc2c(c(=O)nc([nH]2)N)N1)O)O,241.25100000000003,-1.7001999999999988,6.0,7.0,1.0,,,
1099,CC(c1cccc(c1)Oc2ccccc2)C(=O)[O-],241.266,2.3323,0.0,3.0,0.0,,,
1100,CC(=CCC1=C(c2ccccc2C(=O)C1=O)[O-])C,241.26599999999996,1.8797,0.0,3.0,0.0,,,
1101,CC(C)(C)[NH2+]CC(c1ccc(c(n1)CO)O)O,241.311,-0.32519999999999993,4.0,4.0,0.0,,,
1102,C[NH+](C)CCC(c1ccccc1)c2ccccn2,241.35800000000003,1.7481,1.0,1.0,0.0,,,
1103,c1ccc(cc1)C[NH2+]CCNCc2ccccc2,241.358,1.5397999999999996,2.0,1.0,0.0,,,
1104,CC(C)CCCCCCCCCCCC(=O)[O-],241.39499999999992,3.6834000000000024,0.0,2.0,0.0,,,
1105,c1ccc(cc1)C(=O)OOC(=O)c2ccccc2,242.23,2.615400000000001,0.0,4.0,0.0,,,
1106,Cc1cn(c(=O)[nH]c1=O)[C@@H]2C[C@H]([C@@H](O2)CO)O,242.231,-1.5142799999999992,3.0,6.0,0.0,,,
1107,c1c2=N/C(=C/3\C=CON3)/N=c2c4c(n1)CCOC4,242.23799999999991,-0.3753000000000004,1.0,6.0,0.0,,,
1108,CC1=C2C(=CC3=C(C(=O)OC3C1)C)C(=CC2=O)C,242.27399999999994,2.4039,0.0,3.0,0.0,,,
1109,c1ccc(cc1)C2C(C(c3ccccc3O2)O)O,242.27399999999997,2.214600000000001,2.0,3.0,0.0,,,
1110,CCCC(C)C1(C(=O)NC(=S)NC1=O)CC,242.344,1.3498999999999994,2.0,3.0,0.0,,,
1111,CCC(C)(S(=O)(=O)CC)S(=O)(=O)CC,242.36199999999994,0.9820000000000002,0.0,4.0,0.0,,,
1112,CCCCCCCCCCCCCCCCO,242.44699999999992,5.460000000000006,1.0,1.0,1.0,,,
1113,Cc1nc(c(c(n1)Cl)NC2=[NH+]CCN2)OC,242.69,-1.1012799999999996,3.0,5.0,0.0,,,
1114,CCOC(=O)C(C)(C)Oc1ccc(cc1)Cl,242.702,3.060500000000002,0.0,3.0,0.0,,,
1115,CC[N+](C)(C)Cc1ccccc1Br,243.16799999999998,3.0454000000000017,0.0,0.0,0.0,,,
1116,c1cn(c(=O)nc1N)[C@H]2[C@H]([C@@H]([C@H](O2)CO)O)O,243.21900000000002,-2.562999999999999,4.0,8.0,0.0,,,
1117,CCOC(=O)Nc1c[n+](no1)N2CCOCC2,243.24299999999994,-0.5012999999999994,1.0,6.0,0.0,,,
1118,C[C@@H](c1ccc(c(c1)F)c2ccccc2)C(=O)[O-],243.257,2.3461,0.0,2.0,0.0,,,
1119,CC(c1ccc(c(c1)F)c2ccccc2)C(=O)[O-],243.257,2.3461,0.0,2.0,0.0,,,
1120,CC1([C@@H](N2[C@H](S1)[C@@H](C2=O)NC=O)C(=O)[O-])C,243.26399999999998,-2.0867999999999984,1.0,5.0,0.0,,,
1121,C1[C@H]2[C@@H]([C@@H](S1)CCCCC(=O)[O-])NC(=O)N2,243.308,-0.5378999999999989,2.0,4.0,0.0,,,
1122,C/C=C/1\[C@H]2Cc3c(ccc(=O)[nH]3)[C@@]1(CC(=C2)C)[NH3+],243.32999999999998,1.2806999999999997,2.0,1.0,0.0,,,
1123,CCCc1ncc(c(n1)N)C[n+]2ccccc2C,243.33399999999997,1.6555199999999994,1.0,3.0,0.0,,,
1124,c1cn(c(=O)[nH]c1=O)[C@H]2[C@@H]([C@@H]([C@H](O2)CO)O)O,244.203,-2.8518999999999983,4.0,7.0,0.0,,,
1125,c1nc(nc(=O)n1[C@H]2[C@@H]([C@@H]([C@H](O2)CO)O)O)N,244.207,-3.167999999999999,4.0,9.0,0.0,,,
1126,c1nc(nn1[C@H]2[C@@H]([C@@H]([C@H](O2)CO)O)O)C(=O)N,244.20699999999994,-3.0114999999999994,4.0,8.0,0.0,,,
1127,COc1ccc(c(c1)O)C(=O)c2ccccc2O,244.24599999999998,2.337400000000001,2.0,4.0,0.0,,,
1128,C/C=C/C=C/1\C=Cc2c1c(=O)occ2C(=O)OC,244.24599999999995,2.412700000000001,0.0,4.0,0.0,,,
1129,Cc1coc2c1[C@H]3C=C(CC/C=C(/C2)\C)C(=O)O3,244.28999999999994,3.3949200000000017,0.0,3.0,0.0,,,
1130,CC(=CCc1c(ccc2c1oc(=O)cc2)OC)C,244.28999999999996,3.3103000000000016,0.0,3.0,0.0,,,
1131,Cc1coc2c1[C@H]3[C@H](C(=C)C(=O)O3)[C@@](C2)(C)C=C,244.28999999999994,3.106720000000002,0.0,3.0,0.0,,,
1132,CCOC(=O)c1cncn1C(C)c2ccccc2,244.294,2.669100000000001,0.0,4.0,0.0,,,
1133,C[NH2+][C@@H]1CCc2c(c3cc(ccc3[nH]2)C(=O)N)C1,244.31799999999998,0.31729999999999986,3.0,1.0,0.0,,,
1134,CCCCCCC/C=C\CC#CC#C[C@@H](C=C)O,244.37799999999996,3.8469000000000038,1.0,1.0,0.0,,,
1135,c1ccc(cc1)C2(CCCCC2)[NH+]3CCCCC3,244.4019999999999,2.9148000000000005,1.0,0.0,0.0,,,
1136,c1cc(ccc1[N+](=O)[O-])[As](=O)([O-])[O-],245.02199999999996,-2.108199999999999,0.0,5.0,0.0,,,
1137,Cc1c(c(c(cn1)COP(=O)([O-])[O-])C=O)O,245.12699999999998,-0.7465800000000005,1.0,7.0,0.0,,,
1138,CCP(=O)(OC)Oc1ccc(cc1)[N+](=O)[O-],245.171,2.833000000000001,0.0,5.0,0.0,,,
1139,CC(c1ccc(cc1)CC2CCCC2=O)C(=O)[O-],245.29799999999992,1.4516999999999995,0.0,3.0,0.0,,,
1140,c1cc2n(c(=O)c1)CC3CC2C[NH+]4[C@@H]3CCCC4,245.34599999999992,0.4028000000000005,1.0,2.0,0.0,,,
1141,Cc1cc(cc(c1CC2=[NH+]CCN2)C)C(C)(C)C,245.38999999999996,1.2257399999999998,2.0,1.0,0.0,,,
1142,CC(C)C(CC(C)[NH+](C)C)(C#N)c1ccccc1,245.39000000000001,2.0270799999999998,1.0,1.0,0.0,,,
1143,c1cc(ccc1OCC(COC(=O)N)O)Cl,245.66199999999995,1.1749999999999998,2.0,4.0,0.0,,,
1144,C(CC(O)(P(=O)([O-])[O-])P(=O)([O-])[O-])C[NH3+],246.07199999999997,-4.517999999999999,2.0,7.0,0.0,,,
1145,c1c(cc(c(c1Cl)NC2=[NH+]CCN2)Cl)N,246.121,0.027300000000000046,4.0,3.0,0.0,,,
1146,c1c(c(=O)[nH]c(=O)n1[C@H]2C[C@@H]([C@H](O2)CO)O)F,246.19399999999996,-1.6836,3.0,6.0,0.0,,,
1147,C[C@@H]1[C@H]([C@H]([C@@H](O1)n2cc(c(=O)[nH]c2=O)F)O)O,246.194,-1.6852000000000005,3.0,6.0,0.0,,,
1148,COc1c2ccc(=O)oc2c(c3c1cco3)OC,246.21799999999996,2.5564,0.0,5.0,0.0,,,
1149,c1cc(c(cc1C(=O)c2ccc(c(c2)O)O)O)O,246.218,1.740000000000001,4.0,5.0,0.0,,,
1150,CC(C)([C@H]1Cc2cc3ccc(=O)oc3cc2O1)O,246.26199999999997,1.8673999999999995,1.0,4.0,0.0,,,
1151,CC(C)([C@@H]1Cc2cc3ccc(=O)oc3cc2O1)O,246.26199999999997,1.8673999999999995,1.0,4.0,0.0,,,
1152,CC(C)([C@@H]1Cc2c(ccc3c2oc(=O)cc3)O1)O,246.26199999999997,1.8673999999999995,1.0,4.0,0.0,,,
1153,CC(C)(C1Cc2c(ccc3c2oc(=O)cc3)O1)O,246.26199999999997,1.8673999999999995,1.0,4.0,0.0,,,
1154,CCC1(C(=O)NC(=O)N(C1=O)C)c2ccccc2,246.266,1.0425999999999995,1.0,3.0,0.0,,,
1155,Cc1coc2c1C(=O)C3=C(CCC(C3(C2)C)O)C,246.30599999999995,2.8043200000000015,1.0,3.0,0.0,,,
1156,C[C@H]1[C@@H]2CC[C@]3(C=CC(=O)C(=C3[C@H]2OC1=O)C)C,246.30599999999995,2.419600000000001,0.0,3.0,0.0,,,
1157,Cc1coc2c1C(=O)C3[C@](O3)(CC/C=C(/C2)\C)C,246.30599999999993,3.210820000000002,0.0,3.0,0.0,,,
1158,CC1C2CCC(=C3C(C2OC1=O)C(=CC3=O)C)C,246.30599999999995,2.419600000000001,0.0,3.0,0.0,,,
1159,CS(=O)(=O)OCCCCOS(=O)(=O)C,246.30599999999998,-0.2809999999999997,0.0,6.0,0.0,,,
1160,C[N+](C)(C)[C@H](Cc1c[nH]c2c1cccc2)C(=O)[O-],246.30999999999997,0.5350999999999997,1.0,2.0,0.0,,,
1161,CC(C(C)(C)C)/N=C(\NC#N)/Nc1cc[nH+]cc1,246.33800000000005,1.77388,2.0,2.0,0.0,,,
1162,C[C@]12CCCCC[C@H]([C@@H]1[NH3+])Cc3c2cc(cc3)O,246.374,2.396800000000001,2.0,1.0,0.0,,,
1163,Cc1ccc(cc1)C(=O)C(C)C[NH+]2CCCCC2,246.37399999999994,1.8826199999999997,1.0,1.0,0.0,,,
1164,c1cc(c(c(c1)Cl)CC(=O)[NH+]=C(N)N)Cl,247.105,-0.5834999999999997,3.0,1.0,0.0,,,
1165,Cc1c(c(c(cn1)COP(=O)([O-])[O-])C[NH3+])O,247.16699999999997,-1.8171799999999991,2.0,6.0,0.0,,,
1166,c1cn(c(n1)[N+](=O)[O-])CO[C@H](CO)[C@H](CO)O,247.207,-1.5205000000000002,3.0,8.0,0.0,,,
1167,CC(C)(C#N)O[C@H]1[C@@H]([C@H]([C@@H]([C@H](O1)CO)O)O)O,247.24699999999999,-1.8949199999999995,4.0,7.0,0.0,,,
1168,c1c(c(nc(=O)n1[C@@H]2CS[C@@H](O2)CO)N)F,247.25099999999998,-0.45500000000000024,2.0,7.0,0.0,,,
1169,CCS(=O)(=O)CCn1c(ncc1[N+](=O)[O-])C,247.27599999999998,0.5344199999999997,0.0,6.0,0.0,,,
1170,Cc1cccc(c1NC(=O)C2CCCC[NH+]2C)C,247.36199999999997,1.30914,2.0,1.0,0.0,,,
1171,CCN(CC)C(=O)[C@@]1(C[C@@H]1C[NH3+])c2ccccc2,247.36200000000002,1.0546000000000009,1.0,1.0,0.0,,,
1172,Cc1cccc(c1NC(=O)[C@@H]2CCCC[NH+]2C)C,247.36199999999997,1.30914,2.0,1.0,0.0,,,
1173,CC1CCC(CC1)NC(=O)N(CCCl)N=O,247.72599999999997,2.496900000000001,1.0,3.0,0.0,,,
1174,c1ccc2c(c1)c(=O)n-3c(n2)C(=O)c4c3cccc4,248.24099999999999,1.9300999999999997,0.0,4.0,0.0,,,
1175,CCC(c1ccccc1)C(=O)NC(=O)NC(=O)C,248.28199999999995,1.5524999999999998,2.0,3.0,0.0,,,
1176,c1ccnc(c1)[N-]S(=O)(=O)c2ccc(cc2)N,248.28699999999998,2.0579,1.0,4.0,0.0,,,
1177,CO[C@H]1CC[NH+]2C(C1)C34CC2C=CC3=CC(=O)O4,248.302,-0.3871999999999982,1.0,3.0,0.0,,,
1178,C1CSC(=O)C1NC(=O)CSCC(=O)[O-],248.30499999999995,-1.3821999999999992,1.0,6.0,0.0,,,
1179,Cc1c([nH]c(=O)[nH]1)C(=O)c2ccc(cc2)SC,248.30700000000002,1.9643199999999998,2.0,3.0,0.0,,,
1180,c1cc(ccc1N)S(=O)(=O)c2ccc(cc2)N,248.307,1.6838,2.0,4.0,0.0,,,
1181,CC(C)CCOC(=O)/C=C/c1ccc(cc1)OC,248.322,3.2977000000000016,0.0,3.0,0.0,,,
1182,CC1CC2c3c(coc3C1O)C(=O)CC2C(C)C,248.32199999999997,3.2950000000000017,1.0,3.0,0.0,,,
1183,C/C/1=C\CC[C@@]2([C@@H](O2)[C@@H]3[C@@H](CC1)C(=C)C(=O)O3)C,248.32199999999995,2.7620000000000013,0.0,3.0,0.0,,,
1184,C[C@H]1[C@@H]2CC[C@]3(C(=O)CCC(=C3[C@@H]2OC1=O)C)C,248.32199999999997,2.643600000000001,0.0,3.0,0.0,,,
1185,CC1=C2CC[C@@]([C@@H]2[C@@H]3[C@@H](CC1)C(=C)C(=O)O3)(C)O,248.32199999999992,2.3555000000000006,1.0,3.0,0.0,,,
1186,CC1=CC[C@H]([C@]2([C@H]1[C@@H]3[C@@H](CC2)C(=C)C(=O)O3)C)O,248.32199999999992,2.2114000000000007,1.0,3.0,0.0,,,
1187,C/C/1=C\[C@@H]2[C@@H]([C@@H](C/C(=C/CC1)/C)O)C(=C)C(=O)O2,248.32199999999995,2.521600000000001,1.0,3.0,0.0,,,
1188,CCOC(=O)C1(CC[NH+](CC1)C)c2ccccc2,248.346,0.7960000000000005,1.0,2.0,0.0,,,
1189,CCC(=O)OC1(CC[NH+](CC1)C)c2ccccc2,248.346,1.1436000000000002,1.0,2.0,0.0,,,
1190,CCC(=O)C1(CC[NH+](CC1)C)c2cccc(c2)O,248.346,0.9175999999999997,2.0,2.0,0.0,,,
1191,CCCCOC(CC)OC(C)COC(CC)O,248.36299999999997,2.6893000000000016,1.0,4.0,0.0,,,
1192,C[C@@H]1C[C@H]2CC(=O)[C@H]3CCC[NH+]4[C@]3(C1)[C@@H]2CCC4,248.38999999999993,1.4489999999999996,1.0,1.0,0.0,,,
1193,c1cc(sc1)c2ccc(s2)c3cccs3,248.397,5.205100000000002,0.0,3.0,1.0,,,
1194,C1CC2CCC3C4CCC(CC4CCC3C2C1)O,248.40999999999997,3.9999000000000033,1.0,1.0,0.0,,,
1195,CCc1c(c(nc(n1)N)N)c2ccc(cc2)Cl,248.717,2.5238000000000005,2.0,4.0,0.0,,,
1196,c1cc(c(cc1c2ccc(cc2F)F)C(=O)[O-])O,249.19199999999995,1.7008999999999994,1.0,3.0,0.0,,,
1197,c1ccc(cc1)C(=O)Oc2cccc3c2nccc3,249.269,3.4540000000000015,0.0,3.0,0.0,,,
1198,CCCOc1ccc2c(c1)nc([nH]2)NC(=O)OC,249.26999999999998,2.5300000000000002,2.0,4.0,0.0,,,
1199,c1cnc(nc1)[N-]S(=O)(=O)c2ccc(cc2)N,249.275,1.4528999999999999,1.0,5.0,0.0,,,
1200,Cc1ccc(c(c1)OCCCC(C)(C)C(=O)[O-])C,249.32999999999996,2.2385399999999995,0.0,3.0,0.0,,,
1201,CC(C)[NH2+]CC(COc1cccc2c1cc[nH]2)O,249.33400000000003,0.8794000000000002,3.0,2.0,0.0,,,
1202,CC(C)(C)[NH2+]CC(COc1ccccc1C#N)O,249.33400000000003,0.65988,2.0,3.0,0.0,,,
1203,CS(=O)(=O)CCCCCCCCCC(=O)N,249.37599999999992,1.6371,1.0,3.0,0.0,,,
1204,C1CC[NH+]2C[C@@H]3C[C@H]([C@@H]2C1)CN4[C@@H]3CCCC4=O,249.37799999999993,0.45460000000000034,1.0,1.0,0.0,,,
1205,C1C[C@@H]2[C@H]3CCC[NH+]4[C@H]3[C@@H](CCC4)CN2C(=O)C1,249.37799999999996,0.45460000000000034,1.0,1.0,0.0,,,
1206,Cc1c2c(cc(c1OC)OC)oc(=O)cc2OC,250.24999999999994,2.1272199999999994,0.0,5.0,0.0,,,
1207,Cc1c(cc(c(=O)[nH]1)C#N)c2ccc3nccn3c2,250.26100000000002,1.8696999999999997,1.0,4.0,0.0,,,
1208,CCOCCOC(=O)/C=C/c1ccc(cc1)OC,250.294,2.2881,0.0,4.0,0.0,,,
1209,CN(C)c1cccc2c1ccc(c2)S(=O)(=O)[O-],250.29899999999998,1.8099,0.0,4.0,0.0,,,
1210,CC(=O)N[C@H](COC)C(=O)NCc1ccccc1,250.298,0.45390000000000025,2.0,3.0,0.0,,,
1211,Cn1c2ccccc2c(=O)nc1Cc3ccccc3,250.301,2.5243,0.0,3.0,0.0,,,
1212,Cc1ccccc1n2c(nc3ccccc3c2=O)C,250.301,3.0025400000000015,0.0,3.0,0.0,,,
1213,c1ccc2c(c1)Cc3ccccc3N4C2C[NH+]=C4N,250.325,0.5474000000000001,2.0,2.0,0.0,,,
1214,CCCCC(CC)COC(=O)c1ccccc1O,250.338,3.7654000000000036,1.0,3.0,0.0,,,
1215,CC(C)[NH2+]CC(COc1ccccc1CC=C)O,250.362,1.1266000000000005,2.0,2.0,0.0,,,
1216,CC1CC2C[C@H](C3CCC[NH+]4C3(C1)C2CCC4)O,250.40599999999995,1.2407999999999997,2.0,1.0,0.0,,,
1217,c1nc(c2c(n1)n(cn2)[C@H]3C[C@@H]([C@H](O3)CO)O)N,251.24599999999998,-0.9508000000000003,3.0,8.0,0.0,,,
1218,c1nc(c2c(n1)n(cn2)[C@H]3[C@@H](C[C@H](O3)CO)O)N,251.24599999999998,-0.9508000000000003,3.0,8.0,0.0,,,
1219,CCN(C)C(=O)Oc1cccc(c1)[C@H](C)[NH+](C)C,251.35,1.3425999999999998,1.0,2.0,0.0,,,
1220,c1c(c(=O)[nH]c(=O)[nH]1)N(CCCl)CCCl,252.10099999999994,0.34719999999999973,2.0,3.0,0.0,,,
1221,Cc1cc2c(c(c1)[O-])C(=O)c3c(cccc3[O-])C2=O,252.22499999999997,0.9176199999999997,0.0,4.0,0.0,,,
1222,c1ccc2c(c1)C(=O)c3ccc4c(c3C2=O)OCO4,252.22499999999994,2.1906999999999996,0.0,4.0,0.0,,,
1223,COc1ccc(cc1)C2C(=O)c3ccccc3C2=O,252.26899999999998,2.8580000000000005,0.0,3.0,0.0,,,
1224,c1ccc(cc1)C2(C(=O)NC(=O)N2)c3ccccc3,252.273,1.7696,2.0,2.0,0.0,,,
1225,c1ccc2c(c1)CC(=O)c3ccccc3N2C(=O)N,252.273,2.642199999999999,1.0,2.0,0.0,,,
1226,Cc1cc(no1)[N-]S(=O)(=O)c2ccc(cc2)N,252.275,1.9593199999999997,1.0,5.0,0.0,,,
1227,c1cc[n+](c(c1)SSc2cccc[n+]2[O-])[O-],252.32,1.7527999999999995,0.0,4.0,0.0,,,
1228,Cc1c(nc[nH]1)CSCCN/C(=N/C#N)/NC,252.347,0.5973999999999998,3.0,4.0,0.0,,,
1229,c1ccc2c(c1)nc(s2)SN3CCOCC3,252.36399999999995,2.635600000000001,0.0,5.0,0.0,,,
1230,C[C@@H]1CC[C@H]([NH2+][C@H]1CCC(C)(C)O)c2ccoc2,252.37800000000001,2.2337,2.0,2.0,0.0,,,
1231,c1ccc(cc1)c2cc(=O)c3c(cc(cc3o2)O)[O-],253.23299999999995,2.2392000000000007,1.0,4.0,0.0,,,
1232,CC1(CC(=O)c2ccccc2C1=O)S(=O)(=O)[O-],253.25499999999997,0.7596000000000002,0.0,5.0,0.0,,,
1233,CNC(=O)OCc1cccc(n1)COC(=O)NC,253.25799999999998,0.7935999999999999,2.0,5.0,0.0,,,
1234,c1nc2c(n1CCC(CO)CO)[nH]c(nc2=O)N,253.262,-1.307299999999999,4.0,7.0,0.0,,,
1235,c1ccc(cc1)c2c(nc3c(n2)c(nc(n3)N)N)N,253.26899999999998,0.8333999999999999,3.0,7.0,0.0,,,
1236,CC(c1cccc(c1)C(=O)c2ccccc2)C(=O)[O-],253.277,1.7709999999999992,0.0,3.0,0.0,,,
1237,C[C@@H](c1cccc(c1)C(=O)c2ccccc2)C(=O)[O-],253.277,1.7709999999999992,0.0,3.0,0.0,,,
1238,c1ccc(cc1)c2ccc(cc2)C(=O)CCC(=O)[O-],253.27699999999993,2.0663999999999993,0.0,3.0,0.0,,,
1239,II,253.808,1.7714,0.0,0.0,0.0,,,
1240,c1ccc2c(c1)C(=O)c3c(cc(c(c3C2=O)[O-])O)[O-],254.19699999999995,0.31479999999999936,1.0,5.0,0.0,,,
1241,c1cc(ccc1c2coc3cc(ccc3c2=O)O)O,254.24099999999999,2.8712000000000018,2.0,4.0,0.0,,,
1242,Cn1c2c(c(=O)n(c1=O)C)n(cn2)CC(CO)O,254.24599999999998,-2.2130999999999985,2.0,8.0,0.0,,,
1243,c1ccc(cc1)C(=O)c2cccc(c2N)CC(=O)[O-],254.26499999999996,0.7921999999999997,1.0,4.0,0.0,,,
1244,c1ccc(cc1)C(=O)c2ccc3n2CCC3C(=O)[O-],254.26499999999996,0.9562999999999997,0.0,4.0,0.0,,,
1245,c1ccc(cc1)C(=O)c2cccc(c2N)CC(=O)N,254.28899999999996,1.5275999999999996,2.0,3.0,0.0,,,
1246,c1ccc2c(c1)C[C@@H](c3ccccc3N2C(=O)N)O,254.289,2.4929,2.0,2.0,0.0,,,
1247,CCOc1ccc2c(c1)c(c3ccc(cc3[nH+]2)N)N,254.313,2.3702000000000005,2.0,3.0,0.0,,,
1248,C[NH+]1CCOC(c2ccccc2C1)c3ccccc3,254.35299999999998,1.8209000000000002,1.0,1.0,0.0,,,
1249,CCCC(C)C1(C(=O)NC(=S)NC1=O)CC=C,254.355,1.5159999999999996,2.0,3.0,0.0,,,
1250,Cc1ccc(cc1)/C=C\2/C3CCC(C2=O)(C3(C)C)C,254.37299999999993,4.403620000000004,0.0,1.0,0.0,,,
1251,c1cc(c(c2c1nsn2)NC3=[NH+]CCN3)Cl,254.726,-0.2036000000000004,3.0,5.0,0.0,,,
1252,c1nc2c(=O)[nH]c(nc2n1COC(CO)CO)N,255.23399999999995,-1.970899999999999,4.0,8.0,0.0,,,
1253,c1cc2c(c(c1)[O-])C(=O)OC(C2)c3ccc(cc3)O,255.24899999999997,1.9199999999999995,1.0,4.0,0.0,,,
1254,c1cc(c(c(c1)O)C(=O)[O-])/C=C/c2ccc(cc2)O,255.249,1.6316999999999993,2.0,4.0,0.0,,,
1255,COc1ccc(c(c1)C(CNC(=O)C[NH3+])O)OC,255.29399999999995,-0.9046999999999981,3.0,4.0,0.0,,,
1256,CCCC(C)C1(C(=O)NC(=[NH+]C1=O)S)CC=C,255.363,0.007900000000000351,3.0,2.0,0.0,,,
1257,CCCCCCCCCCCCCCCC(=O)[O-],255.4219999999999,4.217600000000003,0.0,2.0,0.0,,,
1258,CC(C)/[NH+]=C(\N)/[NH+]=C(\N)/Nc1ccc(cc1)Cl,255.75300000000004,-2.0490999999999975,5.0,0.0,0.0,,,
1259,c1cc(c(cc1Cl)c2nc(nc(n2)N)N)Cl,256.096,2.0097999999999994,2.0,5.0,0.0,,,
1260,c1cc(c(c(c1)Cl)Cl)c2c(nc(nn2)N)N,256.096,2.0098,2.0,5.0,0.0,,,
1261,c1cc(ccc1/C=C/C(=O)c2ccc(cc2O)O)O,256.25699999999995,2.699500000000001,3.0,4.0,0.0,,,
1262,c1cc(ccc1[C@@H]2CC(=O)c3ccc(cc3O2)O)O,256.25699999999995,2.8043000000000013,2.0,4.0,0.0,,,
1263,Cc1ccc(cc1)C(=O)c2ccc(n2C)CC(=O)[O-],256.281,0.8569199999999997,0.0,4.0,0.0,,,
1264,COc1cc(cc(c1)OC)/C=C/c2ccc(cc2)O,256.301,3.5798000000000028,1.0,3.0,0.0,,,
1265,CCOP(=O)(OCC)SCC[N+](C)(C)C,256.328,2.6069000000000004,0.0,4.0,0.0,,,
1266,C[NH+](C)CCOC(c1ccccc1)c2ccccc2,256.369,1.9371000000000003,1.0,1.0,0.0,,,
1267,Cc1ccccc1O[C@H](CC[NH2+]C)c2ccccc2,256.36899999999997,2.6984200000000014,1.0,1.0,0.0,,,
1268,C[NH+](C)CCOc1ccccc1Cc2ccccc2,256.36899999999997,1.8007000000000006,1.0,1.0,0.0,,,
1269,C[NH+](C)CCN(Cc1ccccc1)c2ccccn2,256.37300000000005,1.2327000000000006,1.0,2.0,0.0,,,
1270,CC(=CCCC(C)(C=C)/C=C/c1ccc(cc1)O)C,256.389,5.344100000000005,1.0,1.0,1.0,,,
1271,Cc1ccc2c(c1)[C@]34CCCC[C@@H]3[C@H](C2)[NH+](CC4)C,256.41299999999995,2.26612,1.0,0.0,0.0,,,
1272,CC(C[NH+](C)C)C(C)(Cc1ccc(cc1)Cl)O,256.79699999999997,1.4141000000000001,2.0,1.0,0.0,,,
1273,c1cc(c(c(c1)Cl)[N+](=O)[O-])c2c[nH]cc2Cl,257.076,3.896700000000002,1.0,2.0,0.0,,,
1274,c1cc(c(c2c1[NH+]=C3NC(=O)CN3C2)Cl)Cl,257.09999999999997,0.006899999999999518,2.0,2.0,0.0,,,
1275,c1ccc(c(c1)C(=O)Oc2ccccc2C(=O)[O-])O,257.22099999999995,0.9748999999999992,1.0,5.0,0.0,,,
1276,c1cc(c(c(c1)O)C(=O)[O-])CCc2ccc(cc2)O,257.26499999999993,1.2464999999999997,2.0,4.0,0.0,,,
1277,CCCCCCNC(=O)n1cc(c(=O)[nH]c1=O)F,257.265,0.8136999999999999,2.0,4.0,0.0,,,
1278,CN(C=O)C(=O)CSP(=S)(OC)OC,257.27299999999997,0.8516999999999998,0.0,6.0,0.0,,,
1279,CC(c1ccc(cc1)/C=C/2\CCCCC2=O)C(=O)[O-],257.3089999999999,2.0664999999999996,0.0,3.0,0.0,,,
1280,COP(=O)(C(C(Cl)(Cl)Cl)O)OC,257.43699999999995,2.1609,1.0,4.0,0.0,,,
1281,CC(=O)O[C@@H]1[C@@H]2[C@@H]([C@@H](C(=O)O2)OC(=O)C)OC1=O,258.18199999999996,-1.2993999999999999,0.0,8.0,0.0,,,
1282,c1ccc2c(c1)C(=O)N(C2=O)C3CCC(=O)NC3=O,258.23299999999995,0.08779999999999993,1.0,4.0,0.0,,,
1283,c1nc(c(n1[C@H]2[C@@H]([C@@H]([C@H](O2)CO)O)O)N)C(=O)N,258.234,-2.8242999999999987,5.0,8.0,0.0,,,
1284,c1cc(c(c(c1CNNC(=O)C(CO)[NH3+])O)O)O,258.25399999999996,-2.472999999999999,7.0,6.0,1.0,,,
1285,CC1(CC=C(C(=O)O1)C2c3ccccc3C(=O)O2)C,258.27299999999997,2.5500000000000007,0.0,4.0,0.0,,,
1286,Cc1cc(c2ccccc2c1OC(=O)C)OC(=O)C,258.2729999999999,2.9988200000000003,0.0,4.0,0.0,,,
1287,CCOc1ccc2c(c1)sc(n2)S(=O)(=O)N,258.32399999999996,1.3424000000000003,1.0,5.0,0.0,,,
1288,C[NH+]1CC[C@]23CCCC[C@H]2[C@H]1Cc4c3cc(cc4)O,258.385,1.6632999999999998,2.0,1.0,0.0,,,
1289,C[N+](C)(C)CCCCCCCCCC[N+](C)(C)C,258.4939999999999,3.5196000000000023,0.0,0.0,0.0,,,
1290,C[NH+](C)CCOC(=O)COc1ccc(cc1)Cl,258.725,0.40650000000000097,1.0,3.0,0.0,,,
1291,c1cc(c(c(c1)Br)NC2=[NH+]CCN2)F,259.102,0.03989999999999966,3.0,2.0,0.0,,,
1292,c1nc(c(n1[C@H]2[C@@H]([C@@H]([C@H](O2)CO)O)O)O)C(=O)N,259.21799999999996,-2.700899999999999,5.0,8.0,0.0,,,
1293,C([C@H]([C@H]([C@@H]([C@H](C=O)[NH3+])OS(=O)(=O)[O-])O)O)O,259.236,-4.644699999999997,4.0,8.0,0.0,,,
1294,COc1ccc2c(c1OC)nc3c(c2OC)cco3,259.26099999999997,3.006800000000001,0.0,5.0,0.0,,,
1295,c1cc2c(c(c1)N)CN(C2=O)C3CCC(=O)NC3=O,259.265,0.029799999999999882,2.0,4.0,0.0,,,
1296,CC(c1ccc(s1)C(=O)c2ccccc2)C(=O)[O-],259.306,1.8324999999999996,0.0,4.0,0.0,,,
1297,CC(c1ccc(cc1)C(=O)c2cccs2)C(=O)[O-],259.306,1.8324999999999996,0.0,4.0,0.0,,,
1298,CCC(=O)NCC[C@@H]1CCc2c1c3c(cc2)OCC3,259.349,2.5676000000000005,1.0,2.0,0.0,,,
1299,C[C@@H](C1=[NH+]CCN1)Oc2c(cccc2Cl)Cl,260.144,0.8430000000000003,2.0,2.0,0.0,,,
1300,c1ccc(cc1)CNC(=O)Cn2ccnc2[N+](=O)[O-],260.253,1.1077,1.0,5.0,0.0,,,
1301,Cc1cc2c(c(c1)O)c(c(c(c2C(C)C)O)O)C=O,260.289,3.2009200000000018,3.0,4.0,0.0,,,
1302,COC1=CC=C2CC[NH+]3C2(C1)C4=C(CC3)COC4=O,260.31299999999993,0.13129999999999953,1.0,3.0,0.0,,,
1303,CCCC(C)(COC(=O)N)COC(=O)NC(C)C,260.334,2.0227,2.0,4.0,0.0,,,
1304,CC(C)[NH2+]CC(COc1cccc2c1cccc2)O,260.357,1.5513000000000003,2.0,2.0,0.0,,,
1305,c1ccc2c(c1)c3c([nH]2)CN(CC3)C(=O)CCS,260.3619999999999,2.372500000000001,2.0,2.0,0.0,,,
1306,CC(CCC[NH3+])Nc1cc(cc2c1nccc2)OC,260.36100000000005,2.0659,2.0,3.0,0.0,,,
1307,CCCCCCC/C=C\[C@@H](C#CC#C[C@@H](C=C)O)O,260.37699999999995,2.817700000000002,2.0,2.0,0.0,,,
1308,CCc1ccc(cc1)C(=O)C(C)C[NH+]2CCCCC2,260.40099999999995,2.1366000000000005,1.0,1.0,0.0,,,
1309,Cc1c(cccc1Cl)Nc2ccccc2C(=O)[O-],260.7,2.7555200000000006,1.0,3.0,0.0,,,
1310,CC(Cc1ccccc1)[NH2+]Cc2ccccc2Cl,260.78799999999995,3.034600000000001,1.0,0.0,0.0,,,
1311,C1CN(P(=O)(OC1)NCCCl)CCCl,261.08899999999994,1.884,1.0,2.0,0.0,,,
1312,C1CNP(=O)(OC1)N(CCCl)CCCl,261.08899999999994,1.884,1.0,2.0,0.0,,,
1313,COc1cc(c(cc1Br)OC)CC[NH3+],261.13899999999995,1.2506999999999997,1.0,2.0,0.0,,,
1314,CCn1c2cc3c(cc2c(=O)c(n1)C(=O)[O-])OCO3,261.21299999999997,-0.4914000000000003,0.0,7.0,0.0,,,
1315,CC[C@](C)(C#N)O[C@H]1[C@@H]([C@H]([C@@H]([C@H](O1)CO)O)O)O,261.274,-1.5048199999999998,4.0,7.0,0.0,,,
1316,CCC[NH+](CCC)CCc1cccc2c1CC(=O)N2,261.38899999999995,1.4285999999999992,2.0,1.0,0.0,,,
1317,Cc1cc(c(c(c1CC2=[NH+]CCN2)C)O)C(C)(C)C,261.389,0.9313399999999997,3.0,2.0,0.0,,,
1318,c1cc(c(cc1C(=O)c2c(cc(cc2O)O)O)O)O,262.217,1.445600000000001,5.0,6.0,0.0,,,
1319,c1ccc2c(c1)C(=O)/C(=C\3/C(=O)c4ccccc4N3)/N2,262.268,2.8148,2.0,4.0,0.0,,,
1320,c1ccc2c(c1)/C(=C\3/C(=O)c4ccccc4N3)/C(=O)N2,262.268,2.6582,2.0,3.0,0.0,,,
1321,c1ccc2c(c1)/C(=C\3/c4ccccc4NC3=O)/C(=O)N2,262.268,2.5016000000000003,2.0,2.0,0.0,,,
1322,CCC#CC(C)C1(C(=O)NC(=O)N(C1=O)C)CC=C,262.30899999999997,1.3065999999999998,1.0,3.0,0.0,,,
1323,CC1CC(CC(C1)(C)C)OC(=O)c2ccccc2O,262.349,3.763800000000004,1.0,3.0,0.0,,,
1324,CCC(=O)OC1(CC[NH+](CC1C)C)c2ccccc2,262.373,1.3896000000000002,1.0,2.0,0.0,,,
1325,CCC(=O)O[C@]1(CC[NH+](C[C@H]1C)C)c2ccccc2,262.373,1.3896000000000002,1.0,2.0,0.0,,,
1326,CCOC(=O)C1(CCC[NH+](CC1)C)c2ccccc2,262.373,1.1861000000000006,1.0,2.0,0.0,,,
1327,CC(C)OC(=O)C1(CC[NH+](CC1)C)c2ccccc2,262.373,1.1845000000000003,1.0,2.0,0.0,,,
1328,CC1CCCC[NH+]1CCCOC(=O)c2ccccc2,262.373,1.6907999999999994,1.0,2.0,0.0,,,
1329,CC(C[NH2+]C1CCCCC1)OC(=O)c2ccccc2,262.373,2.1279999999999983,1.0,2.0,0.0,,,
1330,C[NH+]1CCC2=C(C1)c3ccccc3Cc4c2cccc4,262.376,2.420000000000001,1.0,0.0,0.0,,,
1331,C[NH+]1CCC2=C(C1)C(c3c2cccc3)c4ccccc4,262.37600000000003,2.5041,1.0,0.0,0.0,,,
1332,C[NH+](C)CCN(Cc1ccsc1)c2ccccn2,262.40200000000004,1.2942000000000005,1.0,3.0,0.0,,,
1333,c1cn(c(=O)nc1N)[C@H]2C([C@@H]([C@H](O2)CO)O)(F)F,263.2,-1.2886000000000004,3.0,7.0,0.0,,,
1334,Cc1ccnc(n1)[N-]S(=O)(=O)c2ccc(cc2)N,263.302,1.7613199999999998,1.0,5.0,0.0,,,
1335,CC1=CC(=O)CC([C@@]1(/C=C/C(=C\C(=O)[O-])/C)O)(C)C,263.313,0.9151999999999996,1.0,4.0,0.0,,,
1336,CC1=CC(=O)CC(C1(/C=C/C(=C/C(=O)[O-])/C)O)(C)C,263.313,0.9151999999999996,1.0,4.0,0.0,,,
1337,CC1=CC(=O)CC([C@]1(/C=C/C(=C\C(=O)[O-])/C)O)(C)C,263.313,0.9151999999999996,1.0,4.0,0.0,,,
1338,c1ccc(cc1)C2(CC2C3=[NH+]CCN3)c4ccccc4,263.364,1.0749,2.0,1.0,0.0,,,
1339,C[C@@]12CC[C@@H]3[C@@H]([C@@H]4[C@](O4)(CC[C@H]1O2)C)OC(=O)C3=C,264.32099999999997,1.9731999999999998,0.0,4.0,0.0,,,
1340,c1ccc(cc1)/C=C/COC(=O)/C=C/c2ccccc2,264.32399999999996,3.956400000000003,0.0,2.0,0.0,,,
1341,c1ccc(cc1)NC(=O)CCCCCCC(=O)NO,264.3249999999999,2.4710999999999994,3.0,3.0,0.0,,,
1342,CCOC(=O)C1(CC[NH+](CC1)C)c2cccc(c2)O,264.34499999999997,0.5015999999999998,2.0,3.0,0.0,,,
1343,CC1CC[NH+](CC1)CCCC(=O)c2ccc(cc2)F,264.364,2.103399999999999,1.0,1.0,0.0,,,
1344,C1C[C@@H]2[C@H]3CCC[N+]4([C@H]3[C@@H](CCC4)CN2C(=O)C1)[O-],264.36899999999997,1.8843,0.0,2.0,0.0,,,
1345,CC(C)[C@H]1[C@H]2[C@@H]3CC[C@H]4[C@@]3([C@@H]([C@@H]1OC2=O)[NH+](C4)C)C,264.389,0.7432000000000005,1.0,2.0,0.0,,,
1346,CC1CC2CC(=O)C3(CCC[NH+]4C3(C1)C2CCC4)O,264.38899999999995,0.5639000000000003,2.0,2.0,0.0,,,
1347,C[NH+](C)CC(c1ccc(cc1)O)C2(CCCCC2)O,264.3889999999999,1.3155,3.0,2.0,0.0,,,
1348,CC1CC2CC(=O)C3CCC[NH+]4C3(C1)C2(CCC4)O,264.3889999999999,0.5639000000000003,2.0,2.0,0.0,,,
1349,C[NH+](C)C[C@H]1CCCC[C@@]1(c2cccc(c2)OC)O,264.389,1.2174999999999998,2.0,2.0,0.0,,,
1350,C[NH2+]CCC=C1c2ccccc2CCc3c1cccc3,264.39199999999994,2.800200000000001,1.0,0.0,0.0,,,
1351,C[NH2+]CCCC1c2ccccc2C=Cc3c1cccc3,264.392,3.2757000000000023,1.0,0.0,0.0,,,
1352,c1ccc2c(c1)nc(s2)SNC3CCCCC3,264.419,4.2257000000000025,1.0,4.0,0.0,,,
1353,c1ccc(c(c1)C[NH+]2CCc3c(ccs3)C2)Cl,264.801,2.542700000000001,1.0,1.0,0.0,,,
1354,CN(C(=O)N[C@@H]1[C@H]([C@@H]([C@H](O[C@@H]1O)CO)O)O)N=O,265.222,-2.890899999999998,5.0,8.0,0.0,,,
1355,CNc1cc[nH+]c2c1ncn2C3CC(C(O3)CO)O,265.293,-0.46720000000000017,3.0,6.0,0.0,,,
1356,CCCC[C-]1C(=O)NC(=O)N(C1=O)C2CCCCC2,265.33299999999997,1.463499999999999,1.0,4.0,0.0,,,
1357,CCCSc1ccc2c(c1)nc([nH]2)NC(=O)OC,265.338,3.2433000000000005,2.0,4.0,0.0,,,
1358,Cc1c(sc[n+]1Cc2cnc(nc2N)C)CCO,265.36199999999997,0.60774,2.0,5.0,0.0,,,
1359,CCCCNc1ccc(cc1)C(=O)OCC[NH+](C)C,265.37699999999995,1.1998999999999997,2.0,3.0,0.0,,,
1360,C/C=C\1/C[NH+]2CC[C@H]1C(=C)c3cc4c(cc[nH]4)cc3C2,265.38,2.5458000000000007,2.0,0.0,0.0,,,
1361,C[NH+]1CCN2c3ccccc3Cc4ccccc4C2C1,265.38,1.6668000000000003,1.0,1.0,0.0,,,
1362,C[C@@H](Cc1ccccc1)NC(=O)[C@H](CCCC[NH3+])[NH3+],265.4009999999999,-0.24349999999999639,3.0,1.0,0.0,,,
1363,CC/C(=C(/C)\C=C\CC(C)CCCC(C)C)/C(=O)[O-],265.4169999999999,3.871500000000003,0.0,2.0,0.0,,,
1364,CC(CC(C)(C)O)OC(C(Cl)(Cl)Cl)O,265.56399999999996,2.2411000000000008,2.0,3.0,0.0,,,
1365,c1ccc(cc1)c2c(c(=O)nc([nH]2)N)Br,266.09799999999996,1.7815999999999999,2.0,3.0,0.0,,,
1366,Cn1c2c(c(=O)n(c1=O)C)n(cn2)CC3OCCO3,266.25699999999995,-1.1933999999999994,0.0,8.0,0.0,,,
1367,Cc1c(noc1[N-]S(=O)(=O)c2ccc(cc2)N)C,266.302,2.26774,1.0,5.0,0.0,,,
1368,Cc1ccnc2c1NC(=O)c3cccnc3N2C4CC4,266.30400000000003,2.6512200000000004,1.0,4.0,0.0,,,
1369,c1ccc-2c(c1)C[C@@H]3c4c2c5c(cc4CC[NH2+]3)OCO5,266.31999999999994,1.7989999999999997,1.0,2.0,0.0,,,
1370,C/C=C(/C(=C/C)/c1ccc(cc1)O)\c2ccc(cc2)O,266.34,4.604600000000005,2.0,2.0,0.0,,,
1371,C=CCc1ccc(c(c1)c2cc(ccc2O)CC=C)O,266.3399999999999,4.2218000000000035,2.0,2.0,0.0,,,
1372,CC(C)[NH2+]CC(COc1ccccc1OCC=C)O,266.361,0.9629000000000001,2.0,3.0,0.0,,,
1373,CC[NH+](CC)CCOC(=O)c1ccc(cc1)OCC,266.361,1.1668,1.0,3.0,0.0,,,
1374,C[NH+]1CCN2c3c(cccn3)Cc4ccccc4C2C1,266.368,1.0618000000000005,1.0,2.0,0.0,,,
1375,c1ccc(cc1)CN(CC2=[NH+]CCN2)c3ccccc3,266.368,0.7755000000000003,2.0,2.0,0.0,,,
1376,Cc1cc2c(c(c1)[O-])C(=O)c3c(ccc(c3C2=O)[O-])[O-],267.21599999999995,-0.008780000000000454,0.0,5.0,0.0,,,
1377,c1ccc2c(c1)C(=O)c3cc(c(c(c3C2=O)[O-])C=O)O,267.21599999999995,1.0537,1.0,5.0,0.0,,,
1378,Cc1cn(c(=O)[nH]c1=O)[C@H]2C[C@@H]([C@H](O2)CO)N=[N+]=[N-],267.245,-0.19627999999999995,2.0,6.0,0.0,,,
1379,c1nc(c2c(n1)n(cn2)[C@H]3[C@@H]([C@@H]([C@H](O3)CO)O)O)N,267.245,-1.979999999999999,4.0,9.0,0.0,,,
1380,c1nc(c2c(n1)n(cn2)[C@H]3[C@H]([C@@H]([C@H](O3)CO)O)O)N,267.245,-1.979999999999999,4.0,9.0,0.0,,,
1381,CC(=O)NCCC(=O)N[C@H](Cc1cnc[nH]1)C(=O)[O-],267.26500000000004,-2.2868999999999975,3.0,5.0,0.0,,,
1382,CC(C)[NH2+]CC(COc1ccc(cc1)CC(=O)N)O,267.349,-0.574099999999998,3.0,3.0,0.0,,,
1383,COc1ccc(c(c1OC)OC)C[NH+]2CCNCC2,267.349,-0.2994999999999981,2.0,4.0,0.0,,,
1384,C[NH2+]CCCN1c2ccccc2CCc3c1cccc3,267.39599999999996,2.5066000000000015,1.0,1.0,0.0,,,
1385,C[NH+]1CCN(CC1)C(c2ccccc2)c3ccccc3,267.396,1.6063000000000003,1.0,1.0,0.0,,,
1386,c1cn(cn1)CC(O)(P(=O)([O-])[O-])P(=O)([O-])[O-],268.05799999999994,-3.6433999999999993,1.0,9.0,0.0,,,
1387,Cc1cc2c(c(c1)[O-])C(=O)c3c(cc(cc3[O-])O)C2=O,268.224,0.6232199999999997,1.0,5.0,0.0,,,
1388,c1cc2c(c(c1)[O-])C(=O)c3c(cc(cc3[O-])CO)C2=O,268.22399999999993,0.10149999999999976,1.0,5.0,0.0,,,
1389,c1ccc(cc1)c2c(c(=O)c3c(cc(cc3o2)O)[O-])[O-],268.224,1.3128,1.0,5.0,0.0,,,
1390,c1c2c([nH]c(=O)n1)n(cn2)[C@H]3[C@@H]([C@@H]([C@H](O3)CO)O)O,268.229,-2.2689,4.0,8.0,0.0,,,
1391,c1[nH]c2c(c(=O)n1)ncn2[C@H]3[C@@H]([C@@H]([C@H](O3)CO)O)O,268.229,-2.2689,4.0,8.0,0.0,,,
1392,Cc1c(cc2c(c1OC)C(=O)c3ccccc3C2=O)O,268.268,2.484620000000001,1.0,4.0,0.0,,,
1393,COc1ccc(cc1)c2coc3cc(ccc3c2=O)O,268.268,3.174200000000002,1.0,4.0,0.0,,,
1394,C1[C@@H]([C@@H]([C@H]([C@@H]([C@]1(CO)O)O)O)O)[NH2+]C(CO)CO,268.28599999999994,-5.518599999999994,8.0,7.0,1.0,,,
1395,C[NH+]1CCc2cccc-3c2[C@H]1Cc4c3c(c(cc4)O)O,268.33599999999996,1.4328000000000003,3.0,2.0,0.0,,,
1396,C[NH+]1C[C@@H](C=C2[C@H]1Cc3c[nH]c4c3c2ccc4)C(=O)N,268.34000000000003,0.10580000000000067,3.0,1.0,0.0,,,
1397,CC/C(=C(/CC)\c1ccc(cc1)O)/c2ccc(cc2)O,268.356,4.828600000000005,2.0,2.0,0.0,,,
1398,CC(C)[NH2+]CC(COc1ccc(cc1)CCOC)O,268.37699999999995,0.5870000000000011,2.0,3.0,0.0,,,
1399,c1ccc(cc1)C(c2ccccc2)(C3CCCC[NH2+]3)O,268.37999999999994,2.0383999999999993,2.0,1.0,0.0,,,
1400,CCCCCCCC/C=C\CCCCCCCCO,268.4849999999999,6.0162000000000075,1.0,1.0,1.0,,,
1401,c1cc(c(cc1Cl)Cc2cc(ccc2O)Cl)O,269.127,3.9954000000000023,2.0,2.0,0.0,,,
1402,c1cc(ccc1c2coc3cc(cc(c3c2=O)[O-])O)O,269.23199999999997,1.9447999999999999,2.0,5.0,0.0,,,
1403,C[C@@H](CN1CC(=O)NC(=O)C1)[NH+]2CC(=O)NC(=O)C2,269.281,-4.1253999999999955,3.0,5.0,0.0,,,
1404,c1nc2c(n1[C@H]3C[C@@H]([C@H](O3)CO)O)NC=[NH+]C[C@H]2O,269.281,-2.908399999999998,5.0,7.0,0.0,,,
1405,Cc1nnc(s1)[N-]S(=O)(=O)c2ccc(cc2)N,269.331,1.8228199999999999,1.0,6.0,0.0,,,
1406,CCCCNC(=O)[N-]S(=O)(=O)c1ccc(cc1)C,269.346,2.567120000000001,1.0,3.0,0.0,,,
1407,CCCCCCCCCCCCCCCCC(=O)[O-],269.4489999999999,4.607700000000004,0.0,2.0,0.0,,,
1408,c1cc(ccc1C(=O)NCC[NH+]2CCOCC2)Cl,269.75199999999995,-0.01509999999999967,2.0,2.0,0.0,,,
1409,Cc1c(cno1)C(=O)Nc2ccc(cc2)C(F)(F)F,270.21,3.2541200000000012,1.0,3.0,0.0,,,
1410,c1cc(c(cc1/C=C\2/C(=O)c3ccc(cc3O2)O)O)O,270.23999999999995,2.4196000000000013,3.0,5.0,0.0,,,
1411,CC(=CCOc1c2ccc(=O)oc2cc3c1cco3)C,270.284,3.8842000000000025,0.0,4.0,0.0,,,
1412,CC(=CCOc1c2c(ccc(=O)o2)cc3c1occ3)C,270.284,3.8842000000000025,0.0,4.0,0.0,,,
1413,CN1c2ccccc2Sc3c1cc(cc3)CC(=O)[O-],270.33299999999997,2.2115,0.0,4.0,0.0,,,
1414,C[NH+](C)CCc1c[nH]c2c1cc(cc2)Cn3cncn3,270.36,0.49469999999999975,2.0,3.0,0.0,,,
1415,CC[C@H](c1ccc(cc1)O)[C@@H](CC)c2ccc(cc2)O,270.37199999999996,4.785200000000004,2.0,2.0,0.0,,,
1416,C[C@]12CC[C@@H]3c4ccc(cc4CC[C@H]3[C@@H]1CCC2=O)O,270.3719999999999,3.8174000000000023,1.0,2.0,0.0,,,
1417,C[NH2+]CCCCOc1ccccc1Cc2ccccc2,270.396,2.629600000000001,1.0,1.0,0.0,,,
1418,Cc1ccccc1C(c2ccccc2)OCC[NH+](C)C,270.396,2.24552,1.0,1.0,0.0,,,
1419,CCCCCCCCCCCCCC(=O)OC(C)C,270.45699999999994,5.639100000000005,0.0,2.0,1.0,,,
1420,CCCCCCCCCCCCCCCC(=O)OC,270.45699999999994,5.640700000000005,0.0,2.0,1.0,,,
1421,CCCCCCCCCCCCCCCCCCO,270.50099999999986,6.240200000000008,1.0,1.0,1.0,,,
1422,c1ccc(cc1)C2=NCC(=O)Nc3c2cc(cc3)Cl,270.719,3.129500000000001,1.0,2.0,0.0,,,
1423,Cc1nc2ccccc2c(=O)n1c3ccccc3Cl,270.71899999999994,3.347520000000002,0.0,3.0,0.0,,,
1424,c1cc(c(cc1S(=O)(=O)N)S(=O)(=O)N)Cl,270.71899999999994,-0.36520000000000014,2.0,4.0,0.0,,,
1425,CN1CCN=C(c2c1ccc(c2)Cl)c3ccccc3,270.763,3.627200000000002,0.0,2.0,0.0,,,
1426,c1cc(ccc1[N+](=O)[O-])O[C@H]2[C@@H]([C@H]([C@@H](CO2)O)O)O,271.22499999999997,-0.5874000000000004,3.0,7.0,0.0,,,
1427,c1cc(ccc1C2CC(=O)c3c(cc(cc3O2)O)[O-])O,271.24799999999993,1.8778999999999995,2.0,5.0,0.0,,,
1428,c1cc2c(cc1/C=C/C=C/C(=O)N3CCCC3)OCO2,271.3159999999999,2.607100000000001,0.0,3.0,0.0,,,
1429,CC(c1ccccc1)(c2ccccn2)OCC[NH+](C)C,271.384,1.5061999999999995,1.0,2.0,0.0,,,
1430,CC[NH+](CC)CCOC(=O)c1ccc(cc1Cl)N,271.76800000000003,1.0037,2.0,3.0,0.0,,,
1431,Cc1ccc(cc1)C(=O)c2cc(c(c(c2)O)[O-])[N+](=O)[O-],272.23600000000005,1.91342,1.0,5.0,0.0,,,
1432,C(C(C(C(C(C(C(C(CO)O)O)O)O)O)O)O)O,272.25,-5.5026999999999955,9.0,9.0,1.0,,,
1433,c1cc(ccc1O)O[C@H]2C([C@H](C([C@H](O2)CO)O)O)O,272.253,-1.4291000000000003,5.0,7.0,0.0,,,
1434,c1cc(ccc1O)O[C@H]2[C@@H]([C@H]([C@@H]([C@H](O2)CO)O)O)O,272.253,-1.4291000000000003,5.0,7.0,0.0,,,
1435,c1cc(ccc1O)O[C@@H]2[C@@H]([C@H]([C@@H]([C@H](O2)CO)O)O)O,272.253,-1.4291000000000003,5.0,7.0,0.0,,,
1436,c1cc(ccc1N=C=S)Oc2ccc(cc2)[N+](=O)[O-],272.285,4.121400000000002,0.0,5.0,0.0,,,
1437,CC(C)CCCC1=CC(=O)c2c(ccc(c2C1=O)[O-])[O-],272.3,1.9654999999999996,0.0,4.0,0.0,,,
1438,c1cc(ccc1CC2c3cc(c(cc3CC[NH2+]2)O)O)O,272.32399999999996,1.2066999999999992,4.0,3.0,0.0,,,
1439,c1cc(c2c3c1CC4C5C3(CC[NH2+]4)C(O2)C(C=C5)O)O,272.32399999999996,-0.1702999999999999,3.0,3.0,0.0,,,
1440,c1ccc2c(c1)c-3ccn4cc5c(cc4c3n2)CCCC5,272.351,4.4711000000000025,0.0,2.0,0.0,,,
1441,C[NH+]1CC[C@]23c4c5ccc(c4O[C@H]2CCC[C@H]3[C@H]1C5)O,272.36799999999994,1.0342000000000002,2.0,2.0,0.0,,,
1442,C[C@]12CC[C@@H]3c4ccc(cc4CC[C@H]3[C@@H]1CC[C@@H]2O)O,272.3879999999999,3.609200000000003,2.0,2.0,0.0,,,
1443,CCCCCCCCCCCC(=O)OC(=O)C[NH2+]C,272.409,2.1702999999999992,1.0,3.0,0.0,,,
1444,C[NH+]1CC[C@@]23CCCC[C@@H]2[C@@H]1Cc4c3cc(cc4)OC,272.41200000000003,1.9662999999999997,1.0,1.0,0.0,,,
1445,C[NH+]1CC[C@]23CCCC[C@H]2[C@H]1Cc4c3cc(cc4)OC,272.41200000000003,1.9662999999999997,1.0,1.0,0.0,,,
1446,C[C@]12CC[C@H]3[C@H]([C@@H]1CC=C2)CC[C@@H]4[C@@]3(CCC(=O)C4)C,272.43199999999996,4.764300000000004,0.0,1.0,0.0,,,
1447,CC1(CCCC2(C1CCC34C2CCC(C3)C(=C)C4)C)C,272.47599999999994,5.975400000000007,0.0,0.0,1.0,,,
1448,CC(=CCCC1=CCC(CC1)C(=C)CCC=C(C)C)C,272.47599999999994,6.761900000000006,0.0,0.0,1.0,,,
1449,Cc1ncc(c(n1)N)CNC(=O)N(CCCl)N=O,272.696,0.7990200000000001,2.0,6.0,0.0,,,
1450,CC(c1ccc2c3cc(ccc3[nH]c2c1)Cl)C(=O)[O-],272.711,2.8279000000000005,1.0,2.0,0.0,,,
1451,Cc1ccc(c(c1)OCC(C[NH2+]C(C)(C)C)O)Cl,272.796,1.7500199999999997,2.0,2.0,0.0,,,
1452,CC(=O)Nc1cc(ccc1O)[As](=O)([O-])[O-],273.076,-2.352399999999999,2.0,5.0,0.0,,,
1453,COc1c(cc2c(c1[O-])C(=O)C3=C(C2=O)CCCC3)O,273.2639999999999,1.7239999999999998,1.0,5.0,0.0,,,
1454,c1ccc(cc1)c2[nH]c3cc(ccc3n2)S(=O)(=O)[O-],273.293,2.1339999999999995,1.0,4.0,0.0,,,
1455,c1ccc(cc1)C(c2ccccc2)S(=O)CC(=O)N,273.35699999999997,2.01,1.0,2.0,0.0,,,
1456,c1ccc(cc1)C(c2ccccc2)[S@](=O)CC(=O)N,273.35699999999997,2.01,1.0,2.0,0.0,,,
1457,c1ccc(cc1)c2cc(no2)C(C[NH+]3CCCCC3)O,273.35599999999994,1.4437999999999995,2.0,3.0,0.0,,,
1458,CC(C)[NH2+]CC(c1ccc(cc1)NS(=O)(=O)C)O,273.378,0.06330000000000091,3.0,3.0,0.0,,,
1459,Cc1cccc(c1NC(=O)CC23CCC[NH+]2CCC3)C,273.4,1.8433399999999998,2.0,1.0,0.0,,,
1460,CCCCc1cc2ccccc2c(n1)OCC[NH+](C)C,273.4,2.1006999999999993,1.0,2.0,0.0,,,
1461,C[Si](C)(C)N1C(CCC1=O)C(=O)O[Si](C)(C)C,273.481,2.1904000000000003,0.0,3.0,0.0,,,
1462,CN1C(S(=O)(=O)CCC1=O)c2ccc(cc2)Cl,273.741,1.6154999999999997,0.0,3.0,0.0,,,
1463,c1cc(c(cc1[C@@H]2[C@H](Cc3ccc(cc3O2)O)O)O)O,274.272,1.8405000000000005,4.0,5.0,0.0,,,
1464,COc1ccccc1OC(=O)Oc2ccccc2OC,274.272,3.281600000000002,0.0,5.0,0.0,,,
1465,c1cc(c(cc1[C@@H]2C[NH2+]Cc3c2ccc(c3O)O)O)O,274.296,0.7178999999999993,5.0,4.0,0.0,,,
1466,Cc1cc(c(cc1Cc2cnc(nc2N)N)OC)OC,274.324,1.5574199999999998,2.0,6.0,0.0,,,
1467,CCOC(=O)[C@@]1(CCC=C[C@H]1[NH+](C)C)c2ccccc2,274.384,1.3506000000000002,1.0,2.0,0.0,,,
1468,CCCCCCCCCCCC(=O)OCC(CO)O,274.40099999999995,2.803700000000002,2.0,4.0,0.0,,,
1469,C[C@]12CC[C@H]3[C@H]([C@@H]1CC[C@@H]2O)CCC4=CC(=O)CC[C@H]34,274.404,3.4891000000000023,1.0,2.0,0.0,,,
1470,C[C@@H]([NH2+]CC(C[NH2+][C@@H](/C(=N/O)/C)C)(C)C)/C(=N/O)/C,274.409,-0.3833999999999973,4.0,4.0,0.0,,,
1471,CC(Cc1cc(c(cc1OC)Br)OC)[NH3+],275.16599999999994,1.6391999999999998,1.0,2.0,0.0,,,
1472,C(/C=C(/CO)\C#N)O[C@H]1[C@@H]([C@H]([C@@H]([C@H](O1)CO)O)O)O,275.257,-2.7548199999999983,5.0,8.0,0.0,,,
1473,c1ccc2c(c1)-c3c4c(ccnc4C2=O)cc5c3OCO5,275.26300000000003,3.174900000000002,0.0,4.0,0.0,,,
1474,Cc1ncc(n1CCOC(=O)c2ccccc2)[N+](=O)[O-],275.26400000000007,1.95672,0.0,6.0,0.0,,,
1475,c1ccc(cc1)C(=O)[N-]S(=O)(=O)c2ccc(cc2)N,275.30899999999997,2.1716,1.0,4.0,0.0,,,
1476,CC(c1ccc(c2c1cccc2)c3ccccc3)C(=O)[O-],275.32700000000006,3.3602000000000034,0.0,2.0,0.0,,,
1477,COc1ccc(cc1OC2CCCC2)C3CC(=O)NC3,275.34799999999996,2.6201,1.0,3.0,0.0,,,
1478,Cc1cc2c(cc1S(=O)(=O)N)S(=O)(=O)CCC2,275.35100000000006,0.36232000000000025,1.0,4.0,0.0,,,
1479,CC1CCC(C(C1)OC(=O)c2ccccc2N)C(C)C,275.39200000000005,3.886400000000002,1.0,3.0,0.0,,,
1480,CCC[NH+]1CCCC[C@H]1C(=O)Nc2c(cccc2C)C,275.41600000000005,2.089339999999999,2.0,1.0,0.0,,,
1481,CC(C)[NH+](CCc1c[nH]c2c1cc(cc2)OC)C(C)C,275.41600000000005,2.420700000000001,2.0,1.0,0.0,,,
1482,CCCNC(=O)[N-]S(=O)(=O)c1ccc(cc1)Cl,275.73699999999997,2.522000000000001,1.0,3.0,0.0,,,
1483,C[NH+](C)CCC(c1ccc(cc1)Cl)c2ccccn2,275.803,2.4015000000000004,1.0,1.0,0.0,,,
1484,c1cc(cc(c1)[131I])C[NH+]=C(N)N,280.1031246,-0.8547999999999993,3.0,0.0,0.0,,,
1485,CC(C)C(=O)Nc1ccc(c(c1)C(F)(F)F)[N+](=O)[O-],276.214,3.2081000000000017,1.0,3.0,0.0,,,
1486,Cc1cccc2c1ccc-3c2C(=O)C(=O)c4c3occ4C,276.291,4.095640000000002,0.0,3.0,0.0,,,
1487,C[C@@]12CC[NH+]([C@@H]1N(c3c2cc(cc3)OC(=O)NC)C)C,276.36,0.35680000000000067,2.0,3.0,0.0,,,
1488,CC1CC(CC(C1)(C)C)OC(=O)C(c2ccccc2)O,276.37600000000003,3.478000000000003,1.0,3.0,0.0,,,
1489,C[C@@H]1CC[C@H]([C@@H](C1)OC(=O)c2ccccc2O)C(C)C,276.37600000000003,4.009800000000003,1.0,3.0,0.0,,,
1490,CC[C@@H]1CN(C(C[NH+]1C)C)C(c2ccccc2)C(=O)[O-],276.38000000000005,-0.5249999999999977,1.0,3.0,0.0,,,
1491,CCC(=O)OC1(CCC[NH+](CC1C)C)c2ccccc2,276.4,1.7796999999999998,1.0,2.0,0.0,,,
1492,CCC(=O)OC1(C[C@@H]([NH+](C[C@H]1C)C)C)c2ccccc2,276.4,1.7780999999999996,1.0,2.0,0.0,,,
1493,CCC1C[NH+](CCC1(c2ccccc2)OC(=O)CC)C,276.40000000000003,1.7796999999999994,1.0,2.0,0.0,,,
1494,CC[C@H]1C[NH+](CC[C@@]1(c2ccccc2)OC(=O)CC)C,276.40000000000003,1.7796999999999994,1.0,2.0,0.0,,,
1495,C[NH+](C)CCC=C1c2ccccc2C=Cc3c1cccc3,276.403,3.136700000000002,1.0,0.0,0.0,,,
1496,C[NH+]1CCCC(=C(c2cccs2)c3cccs3)C1,276.45000000000005,2.920000000000001,1.0,2.0,0.0,,,
1497,CCCCOC(=O)COc1ccc(cc1Cl)Cl,277.147,3.7155000000000022,0.0,3.0,0.0,,,
1498,c1cn(c(=O)nc1N)C[C@@H](CO)OCP(=O)([O-])[O-],277.173,-2.925799999999999,2.0,9.0,0.0,,,
1499,Cn1cnc(c1Sc2c3c(nc[nH]3)ncn2)[N+](=O)[O-],277.26900000000006,1.1457999999999995,1.0,8.0,0.0,,,
1500,C=C1[C@H](C[C@@H]([C@H]1CO)O)n2cnc3c2nc([nH]c3=O)N,277.284,-0.8278000000000001,4.0,7.0,0.0,,,
1501,Cc1cc(nc(n1)C)[N-]S(=O)(=O)c2ccc(cc2)N,277.329,2.06974,1.0,5.0,0.0,,,
1502,CCc1c([nH]c2c1C(=O)C(CC2)C[NH+]3CCOCC3)C,277.388,0.5457200000000006,2.0,2.0,0.0,,,
1503,C[NH+]1CCc2c(c3ccccc3n2Cc4ccccc4)C1,277.391,2.2604000000000006,1.0,1.0,0.0,,,
1504,CCCCCCCCOC(=O)c1ccc(cc1)N(C)C,277.4080000000001,4.269900000000003,0.0,3.0,0.0,,,
1505,CCCCC(CC)COC(=O)c1ccc(cc1)N(C)C,277.408,4.1258000000000035,0.0,3.0,0.0,,,
1506,CCCCC/C=C\C/C=C\C/C=C\CCCCC(=O)[O-],277.42799999999994,4.325800000000003,0.0,2.0,0.0,,,
1507,CC/C=C\C/C=C\C/C=C\CCCCCCCC(=O)[O-],277.42799999999994,4.325800000000003,0.0,2.0,0.0,,,
1508,C1CC(C=C1)CCCCCC/C=C/CCCCC(=O)[O-],277.428,4.159700000000003,0.0,2.0,0.0,,,
1509,CCC[NH+](CC)C(CC)C(=O)Nc1c(cccc1C)C,277.432,2.3353399999999995,2.0,1.0,0.0,,,
1510,c1c2c(cc(c1C3CCCCC3)Cl)C(CC2)C(=O)[O-],277.77099999999996,3.1674000000000015,0.0,2.0,0.0,,,
1511,CC(C)(C)[NH2+]CC(c1cc(c(c(c1)Cl)N)Cl)O,278.20300000000003,1.9708999999999999,3.0,2.0,0.0,,,
1512,CS(=O)(=O)OC[C@@H]([C@H](COS(=O)(=O)C)O)O,278.304,-2.339399999999998,2.0,8.0,0.0,,,
1513,CC(=O)CCCCn1c(=O)c2c(ncn2C)n(c1=O)C,278.31200000000007,0.1930000000000005,0.0,7.0,0.0,,,
1514,CCCCOC(=O)c1ccccc1C(=O)OCCCC,278.348,3.600400000000003,0.0,4.0,0.0,,,
1515,CC(C)CC(C(=O)NC(Cc1ccccc1)C(=O)[O-])[NH3+],278.352,-0.8795999999999973,2.0,3.0,0.0,,,
1516,CC(C)(CO)[C@H](C(=O)NCCC(=O)NCCS)O,278.3739999999999,-1.0818999999999985,5.0,5.0,0.0,,,
1517,C[NH+](C)CC(c1ccc(cc1)OC)C2(CCCCC2)O,278.41599999999994,1.6184999999999996,2.0,2.0,0.0,,,
1518,C[NH2+]CCCC12CCC(c3c1cccc3)c4c2cccc4,278.41900000000004,3.185200000000002,1.0,0.0,0.0,,,
1519,C[N+]1(CCC(=C(c2ccccc2)c3ccccc3)CC1)C,278.41900000000004,4.358700000000003,0.0,0.0,0.0,,,
1520,C[NH+](C)CCC=C1c2ccccc2CCc3c1cccc3,278.419,2.751500000000001,1.0,0.0,0.0,,,
1521,CC[NH+](C)C(C)C=C(c1cccs1)c2cccs2,278.466,3.1644000000000014,1.0,2.0,0.0,,,
1522,c1cc(cnc1)CC(O)(P(=O)([O-])[O-])P(=O)([O-])[O-],279.08099999999996,-2.9023999999999996,1.0,8.0,0.0,,,
1523,c1cc2c(cc1F)[C@@]3(C[C@@H](O2)C(=O)N)C(=O)NC(=O)N3,279.227,-0.5032000000000001,3.0,4.0,0.0,,,
1524,C[C@H]1[C@@H]([C@H]([C@H]([C@@H](O1)Oc2ccc(cc2)CC#N)O)O)O,279.292,-0.04102,3.0,6.0,0.0,,,
1525,COc1c(nccn1)[N-]S(=O)(=O)c2ccc(cc2)N,279.301,1.4615,1.0,6.0,0.0,,,
1526,COc1cc(ncn1)[N-]S(=O)(=O)c2ccc(cc2)N,279.30100000000004,1.4615,1.0,6.0,0.0,,,
1527,COc1cnc(nc1)[N-]S(=O)(=O)c2ccc(cc2)N,279.301,1.4615,1.0,6.0,0.0,,,
1528,COc1ccc(nn1)[N-]S(=O)(=O)c2ccc(cc2)N,279.30100000000004,1.4614999999999998,1.0,6.0,0.0,,,
1529,CCC(c1ccccc1)c2c(c3ccccc3oc2=O)[O-],279.315,3.4085000000000027,0.0,3.0,0.0,,,
1530,Cc1ccc(cc1)C(=O)CC(CSC(=O)C)C(=O)[O-],279.337,1.2136199999999997,0.0,5.0,0.0,,,
1531,Cn1cc(c2c1cccc2)C(=O)[C@@H]3CCc4c([nH]cn4)C3,279.343,2.8892000000000007,1.0,3.0,0.0,,,
1532,CC[NH+](CC)CC(=O)Nc1c(cccc1C(=O)OC)C,279.36,0.6448200000000004,2.0,3.0,0.0,,,
1533,CC(CC(C#N)(c1ccccc1)c2ccccc2)[NH+](C)C,279.4070000000001,2.4193800000000003,1.0,1.0,0.0,,,
1534,Cc1ccc(cc1)/C(=C\C[NH+]2CCCC2)/c3ccccn3,279.4069999999999,2.500420000000001,1.0,1.0,0.0,,,
1535,CCCCC/C=C\C/C=C\CCCCCCCC(=O)[O-],279.4439999999999,4.549800000000003,0.0,2.0,0.0,,,
1536,C1CC(C=C1)CCCCCCCCCCCCC(=O)[O-],279.44399999999996,4.383700000000003,0.0,2.0,0.0,,,
1537,c1ccc(c(c1)C(=O)[O-])Nc2cccc(c2)C(F)(F)F,280.22499999999997,2.8125,1.0,3.0,0.0,,,
1538,COc1c2c3c(ccn2)c4ccccc4n3c(=O)c1OC,280.283,2.4558999999999997,0.0,5.0,0.0,,,
1539,CC(C)Oc1ccc2c(c1)occ(c2=O)c3ccccc3,280.323,4.247200000000003,0.0,3.0,0.0,,,
1540,C[NH+]1CCc2cc3c(c-4c2[C@H]1Cc5c4cccc5)OCO3,280.34700000000004,1.7503,1.0,2.0,0.0,,,
1541,CC(C)[NH2+]CC1CCc2cc(c(cc2N1)[N+](=O)[O-])CO,280.348,0.7856000000000001,3.0,4.0,0.0,,,
1542,Cc1cc(c(cc1OC(=O)C)C(C)C)OCC[NH+](C)C,280.388,1.5670199999999992,1.0,3.0,0.0,,,
1543,C[NH+](C)CC/C=C/1\c2ccccc2COc3c1cccc3,280.39099999999996,2.545300000000001,1.0,1.0,0.0,,,
1544,CC(C)CC(C1(CCC1)c2ccc(cc2)Cl)[NH+](C)C,280.86300000000006,3.3209000000000017,1.0,0.0,0.0,,,
1545,c1cc2c(c(c1)[O-])C(=O)c3c(cc(cc3[O-])C(=O)[O-])C2=O,281.19899999999996,-1.0273000000000003,0.0,6.0,0.0,,,
1546,c1ccc(cc1)C2=NCC(=O)Nc3c2cc(cc3)[N+](=O)[O-],281.271,2.3842999999999996,1.0,4.0,0.0,,,
1547,c1ccc(cc1)Cn2c3ccccc3c(n2)OCC(=O)[O-],281.291,1.2132999999999992,0.0,5.0,0.0,,,
1548,C[NH+](C)CCCN1c2ccccc2CCc3c1cccc3,281.423,2.4579000000000004,1.0,1.0,0.0,,,
1549,c1ccc(cc1)CN(CC[NH+]2CCCC2)c3ccccc3,281.42299999999994,2.3719,1.0,1.0,0.0,,,
1550,C[NH+]1CCC(CC1)N(Cc2ccccc2)c3ccccc3,281.42300000000006,2.370300000000001,1.0,1.0,0.0,,,
1551,CCCCCCCC/C=C\CCCCCCCC(=O)[O-],281.4599999999999,4.773800000000004,0.0,2.0,0.0,,,
1552,CCCCCCCCCCC/C=C\CCCCC(=O)[O-],281.46,4.773800000000004,0.0,2.0,0.0,,,
1553,c1ccc2c(c1)C(=O)c3cc(c(c(c3C2=O)[O-])C(=O)[O-])O,282.20699999999994,-0.39530000000000004,1.0,6.0,0.0,,,
1554,Cc1cc2c(c(c1)[O-])C(=O)c3c(cc(cc3[O-])OC)C2=O,282.251,0.9262199999999996,0.0,5.0,0.0,,,
1555,C[C@@H]1CC[C@H]2[C@H](C(=O)O[C@H]3[C@@]24[C@H]1CC[C@](O3)(OO4)C)C,282.33599999999996,2.3949000000000007,0.0,5.0,0.0,,,
1556,[H]/[NH+]=C(/C1=CC(=O)/C(=C\C=c2ccc(=C([NH3+])N)cc2)/C=C1)\N,282.34700000000004,-3.158599999999998,4.0,2.0,0.0,,,
1557,COc1cc2c3c(c1OC)-c4ccccc4C[C@@H]3[NH2+]CC2,282.36300000000006,2.0874999999999995,1.0,2.0,0.0,,,
1558,C[NH+]1CCc2cc(c(c-3c2[C@H]1Cc4c3cccc4)OC)O,282.363,1.7357999999999998,2.0,2.0,0.0,,,
1559,Cc1ccc(cc1)N(CC2=[NH+]CCN2)c3cccc(c3)O,282.367,0.9210199999999993,3.0,3.0,0.0,,,
1560,CC(C)C1=Cc2ccc3c(c2C(=O)C1=O)CCCC3(C)C,282.3829999999999,4.105300000000004,0.0,2.0,0.0,,,
1561,CC(C(c1ccccc1)O)[NH+](C)C/C=C/c2ccccc2,282.407,2.3366000000000007,2.0,1.0,0.0,,,
1562,C[NH+]1CCC(CC1)OC(c2ccccc2)c3ccccc3,282.40700000000004,2.4697000000000005,1.0,1.0,0.0,,,
1563,CCCC(CCC)C(=O)O[C@H]1C[C@H]2CC[C@@H](C1)[N+]2(C)C,282.448,3.5158000000000023,0.0,2.0,0.0,,,
1564,CC[NH+](CCCc1ccccc1)CCCc2ccccc2,282.45099999999996,3.1568000000000014,1.0,0.0,0.0,,,
1565,CC(CC(c1ccccc1)c2ccccc2)[NH2+]C(C)(C)C,282.451,3.9590000000000023,1.0,0.0,0.0,,,
1566,C[NH+](C)CCc1c[nH]c2c1c(ccc2)OP(=O)([O-])[O-],283.244,-0.9375999999999987,2.0,4.0,0.0,,,
1567,c1nc2c([nH]c(=O)nc2n1[C@H]3[C@@H]([C@@H]([C@H](O3)CO)O)O)N,283.244,-2.6866999999999988,5.0,9.0,0.0,,,
1568,COc1cc(c2c(c1)occ(c2=O)c3ccc(cc3)O)[O-],283.259,2.2478000000000002,1.0,5.0,0.0,,,
1569,COc1c(cc(c2c1oc(cc2=O)c3ccccc3)[O-])O,283.259,2.247800000000001,1.0,5.0,0.0,,,
1570,COc1ccc(cc1)c2cc(=O)c3c(cc(cc3o2)O)[O-],283.25899999999996,2.2478000000000002,1.0,5.0,0.0,,,
1571,COc1c(cc2c(c1[O-])c(=O)cc(o2)c3ccccc3)O,283.25899999999996,2.2478000000000002,1.0,5.0,0.0,,,
1572,Cc1cc2c(c(c1O)OC)C(=O)c3c(cccc3[O-])C2=O,283.259,1.5582199999999995,1.0,5.0,0.0,,,
1573,Cc1ccccc1n2c(nc3ccc(cc3c2=O)N)CF,283.306,2.74582,1.0,4.0,0.0,,,
1574,CCN(CC(C)O)c1ccc(nn1)NNC(=O)OCC,283.33200000000005,0.7567,3.0,7.0,0.0,,,
1575,CCCCCCCCCCCCCCCCCC(=O)[O-],283.47599999999994,4.997800000000004,0.0,2.0,0.0,,,
1576,c1cc(ccc1c2c(c(=O)c3c(cc(cc3o2)O)[O-])[O-])O,284.22299999999996,1.0183999999999993,2.0,6.0,0.0,,,
1577,c1[nH]c2c(c(=S)n1)ncn2C3C(C(C(O3)CO)O)O,284.297,-0.8996100000000002,4.0,8.0,0.0,,,
1578,C[C@H]([C@@H]1[C@@H]2N(C1=O)C(=C(S2)[C@H]3CCCO3)C(=O)[O-])O,284.31299999999993,-0.9609999999999996,1.0,6.0,0.0,,,
1579,Cc1ccc2c(c1Sc3ccncc3)c(=O)nc([nH]2)N,284.344,2.3599200000000002,2.0,5.0,0.0,,,
1580,C[C@@H]1CC[C@H]2[C@H]([C@@H](O[C@H]3[C@@]24[C@H]1CC[C@](O3)(OO4)C)O)C,284.3519999999999,2.1867,1.0,5.0,0.0,,,
1581,CCCN(CCC)S(=O)(=O)c1ccc(cc1)C(=O)[O-],284.357,0.8608,0.0,4.0,0.0,,,
1582,CCN(Cc1ccncc1)C(=O)C(CO)c2ccccc2,284.359,2.2062,1.0,3.0,0.0,,,
1583,CC1(C2CCC1(C(C2)OC(=O)C=Cc3ccccc3)C)C,284.39900000000006,4.457800000000004,0.0,2.0,0.0,,,
1584,CN(C)c1ccc2c(c1)sc-3cc(=[N+](C)C)ccc3n2,284.40799999999996,2.498900000000001,0.0,3.0,0.0,,,
1585,C=CC[NH+]1CC[C@]23CCCC[C@H]2[C@H]1Cc4c3cc(cc4)O,284.42299999999994,2.2195000000000005,2.0,1.0,0.0,,,
1586,C[C@]12CC[C@H]3[C@H]([C@@H]1CC[C@]2(C#C)O)CCC4=CCCC[C@H]34,284.443,4.313500000000004,1.0,1.0,0.0,,,
1587,CCCCCCCCCCCCCCCC[N+](C)(C)C,284.55199999999996,6.173900000000007,0.0,0.0,1.0,,,
1588,CN1c2ccc(cc2C(=NCC1=O)c3ccccc3)Cl,284.746,3.153800000000002,0.0,2.0,0.0,,,
1589,C(CO[N+](=O)[O-])[NH+](CCO[N+](=O)[O-])CCO[N+](=O)[O-],285.18899999999996,-2.5037999999999974,1.0,9.0,0.0,,,
1590,C[C@H](Cn1cnc2c1ncnc2N)OCP(=O)([O-])[O-],285.2,-1.3151999999999988,1.0,9.0,0.0,,,
1591,c1cc(c(cc1c2cc(=O)c3c(cc(cc3o2)O)[O-])O)O,285.23099999999994,1.6504000000000008,3.0,6.0,0.0,,,
1592,c1cc(ccc1c2cc(=O)c3c(o2)cc(c(c3[O-])O)O)O,285.23099999999994,1.6503999999999999,3.0,6.0,0.0,,,
1593,COc1ccc(cc1)[C@@H]2CC(=O)c3c(cc(cc3O2)O)[O-],285.275,2.1809000000000007,1.0,5.0,0.0,,,
1594,CSCC1CN(C(=O)O1)/N=C/c2ccc(o2)[N+](=O)[O-],285.28100000000006,1.7055,0.0,7.0,0.0,,,
1595,c1cc(ccc1C#N)C(c2ccc(cc2)C#N)n3cncn3,285.31,2.659160000000001,0.0,5.0,0.0,,,
1596,c1cc2c(cc1/C=C\C=C/C(=O)N3CCCCC3)OCO2,285.34299999999996,2.997200000000001,0.0,3.0,0.0,,,
1597,c1cc2c(cc1/C=C/C=C/C(=O)N3CCCCC3)OCO2,285.34299999999996,2.997200000000001,0.0,3.0,0.0,,,
1598,CCC[NH2+]C(C)C(=O)Nc1c(csc1C(=O)OC)C,285.389,1.1435199999999999,2.0,4.0,0.0,,,
1599,CC(C)C[C@H](C[C@@H]([C@H](CC1CCCCC1)[NH3+])O)C(=O)[O-],285.42799999999994,0.7305000000000015,2.0,3.0,0.0,,,
1600,C[NH+](C)CCCN1c2ccccc2Sc3c1cccc3,285.43600000000004,2.823900000000002,1.0,2.0,0.0,,,
1601,CC(CN1c2ccccc2Sc3c1cccc3)[NH+](C)C,285.43600000000004,2.822300000000002,1.0,2.0,0.0,,,
1602,c1nc2c(nc(nc2n1[C@H]3C[C@@H]([C@H](O3)CO)O)Cl)N,285.69100000000003,-0.29739999999999983,3.0,8.0,0.0,,,
1603,c1ccc2c(c1)C3=[NH+]CCN3C2(c4ccc(cc4)Cl)O,285.75399999999996,0.6898000000000002,2.0,2.0,0.0,,,
1604,CC(C)c1cccc(c1OCOP(=O)([O-])[O-])C(C)C,286.26399999999995,2.1149999999999993,0.0,5.0,0.0,,,
1605,c1cc(ccc1CO)O[C@H]2[C@@H]([C@H]([C@@H]([C@H](O2)CO)O)O)O,286.28,-1.6424000000000005,5.0,7.0,0.0,,,
1606,c1ccc(c(c1)CO)O[C@H]2[C@@H]([C@H]([C@@H]([C@H](O2)CO)O)O)O,286.28,-1.6424,5.0,7.0,0.0,,,
1607,Cc1cc(ccc1O)OC2C(C(C(C(O2)CO)O)O)O,286.28,-1.1206800000000001,5.0,7.0,0.0,,,
1608,Cc1cc(ccc1O[C@H]2[C@@H]([C@H]([C@@H]([C@H](O2)CO)O)O)O)O,286.28,-1.1206800000000006,5.0,7.0,0.0,,,
1609,CC1(C(O1)COc2c3ccc(=O)oc3cc4c2cco4)C,286.283,3.0954000000000015,0.0,5.0,0.0,,,
1610,c1cc2c(cc1O)OC[C@]3([C@@H]2c4cc(c(cc4C3)O)O)O,286.28299999999996,1.614900000000001,4.0,5.0,0.0,,,
1611,CC(=CC[C@H](C1=CC(=O)c2c(ccc(c2C1=O)[O-])[O-])O)C,286.28299999999996,0.8563999999999996,1.0,5.0,0.0,,,
1612,c1cc2c(cccc2S(=O)(=O)[O-])c(c1)S(=O)(=O)[O-],286.286,0.6479999999999999,0.0,6.0,0.0,,,
1613,Cc1c2c(n(n1)C)N(C(=O)CN=C2c3ccccc3F)C,286.31000000000006,1.68142,0.0,4.0,0.0,,,
1614,C[C@H](C[NH+]1CCCC1)C(=O)c2ccc(cc2)C(F)(F)F,286.317,2.2028999999999996,1.0,1.0,0.0,,,
1615,c1nc2c(nc(nc2n1[C@@H]3C[C@@H](C=C3)CO)N)NC4CC4,286.3390000000001,1.0922999999999996,3.0,7.0,0.0,,,
1616,CCc1cccc2c1[nH]c3c2CCOC3(CC)CC(=O)[O-],286.35099999999994,2.0483,1.0,3.0,0.0,,,
1617,C[NH+]1CC[C@]23c4c5ccc(c4O[C@H]2C(=O)CC[C@H]3[C@H]1C5)O,286.351,0.21319999999999967,2.0,3.0,0.0,,,
1618,C[NH+]1CC[C@]23c4c5ccc(c4O[C@H]2[C@H](C=C[C@H]3[C@H]1C5)O)O,286.351,-0.21899999999999997,3.0,3.0,0.0,,,
1619,C[NH+](C)CCN(Cc1ccc(cc1)OC)c2ccccn2,286.399,1.2413,1.0,3.0,0.0,,,
1620,C[C@]12CCC(=O)C=C1CC[C@@H]3[C@@H]2CC[C@]4([C@H]3CCC4=O)C,286.41499999999996,4.087400000000003,0.0,2.0,0.0,,,
1621,CC(CN1c2ccccc2Sc3c1nccc3)[NH+](C)C,286.42400000000004,2.2173,1.0,3.0,0.0,,,
1622,C[C@H]1[C@H]2Cc3ccc(cc3[C@@]1(CC[NH+]2CC=C(C)C)C)O,286.43899999999996,2.465500000000001,2.0,1.0,0.0,,,
1623,CC(C)c1c(ccc2c1CC[C@@H]3[C@@]2(CCCC3(C)C)C)O,286.4589999999999,5.545800000000006,1.0,1.0,1.0,,,
1624,CC1=C(C(CCC1)(C)C)/C=C/C(=C/C=C/C(=C/CO)/C)/C,286.45900000000006,5.510300000000006,1.0,1.0,1.0,,,
1625,c1ccc(cc1)C2=NC(C(=O)Nc3c2cc(cc3)Cl)O,286.718,2.447900000000001,2.0,3.0,0.0,,,
1626,C[NH+]1C[C@@H]2c3ccccc3Oc4ccc(cc4[C@H]2C1)Cl,286.7819999999999,2.841400000000001,1.0,1.0,0.0,,,
1627,c1cc(ccc1[C@@H]2[C@H](C(=O)c3c(cc(cc3O2)O)[O-])O)O,287.24699999999996,0.8486999999999993,3.0,6.0,0.0,,,
1628,c1cc(c(cc1[C@@H]2CC(=O)c3c(cc(cc3O2)O)[O-])O)O,287.24699999999996,1.5835000000000004,3.0,6.0,0.0,,,
1629,C[C@@]1(Cc2cc3cc(cc(c3c(c2C(=O)C1)[O-])O)OC)O,287.29099999999994,1.5074999999999994,2.0,5.0,0.0,,,
1630,CC1CS(=O)(=O)CCN1N=Cc2ccc(o2)[N+](=O)[O-],287.297,0.6405999999999996,0.0,7.0,0.0,,,
1631,CCn1cc(c(=O)c2c1nc(nc2)N3CCCC3)C(=O)[O-],287.299,-0.2249000000000001,0.0,7.0,0.0,,,
1632,c1ccc2c(c1)c3c([nH]2)-c4nc5ccccc5c(=O)n4CC3,287.32200000000006,3.100900000000002,1.0,3.0,0.0,,,
1633,C[NH+](C)CCN(Cc1ccc(cc1)OC)c2ncccn2,287.387,0.6363000000000012,1.0,4.0,0.0,,,
1634,CCCCCCCCCCCC(=O)N(CCO)CCO,287.444,2.720500000000001,2.0,3.0,0.0,,,
1635,C(C(C(F)(F)F)(F)F)(C(C(F)(F)F)(F)F)(F)F,288.03099999999995,4.0169,0.0,0.0,0.0,,,
1636,CC(C)(C(=O)[O-])Oc1ccc(cc1)C2CC2(Cl)Cl,288.15,2.2550999999999997,0.0,3.0,0.0,,,
1637,c1cc(c(cc1C2C(C(=O)c3ccc(cc3O2)O)O)O)O,288.255,1.4807000000000006,4.0,6.0,0.0,,,
1638,CCCCOC(=O)C(=O)Nc1cccc(c1)c2n[n-]nn2,288.28700000000003,0.7775999999999996,1.0,6.0,0.0,,,
1639,CC(=O)OC(C)(C)[C@@H]1Cc2c(ccc3c2oc(=O)cc3)O1,288.299,2.4382,0.0,5.0,0.0,,,
1640,C1=CN(C=CC1=C[NH+]=O)COCN2C=CC(=C[NH+]=O)C=C2,288.307,-0.9341999999999986,2.0,5.0,0.0,,,
1641,c1c2c(cc3c1OCO3)[C@@H]4[C@@H]([C@H](C=C5[C@H]4[NH+](C2)CC5)O)O,288.323,-0.6685000000000002,3.0,4.0,0.0,,,
1642,C/C=C/C#CC#C/C=C/CC(CCOC(=O)C)OC(=O)C,288.34299999999996,2.4005,0.0,4.0,0.0,,,
1643,C[C@@H]([C@@H](c1ccc(cc1)O)O)[NH2+]CCc2ccc(cc2)O,288.36699999999996,1.3257999999999996,4.0,3.0,0.0,,,
1644,C[NH+]1CC[C@@]23C=C[C@@H](C[C@@H]2Oc4c3c(ccc4OC)C1)O,288.367,0.43319999999999986,2.0,3.0,0.0,,,
1645,C[NH+]1CC[C@]23c4c5ccc(c4O[C@H]2[C@H](CC[C@H]3[C@H]1C5)O)O,288.36699999999996,0.004999999999999782,3.0,3.0,0.0,,,
1646,C[NH+](C)CCc1c[nH]c2c1cc(cc2)C[C@H]3COC(=O)N3,288.371,0.5058000000000007,3.0,2.0,0.0,,,
1647,C[C@]12CC[C@@H]3c4ccc(cc4CC[C@H]3[C@@H]1C[C@@H]([C@@H]2O)O)O,288.38699999999994,2.5800000000000014,3.0,3.0,0.0,,,
1648,CC(C)OC(=O)C(=C1SC=CS1)C(=O)OC(C)C,288.39000000000004,3.0524000000000013,0.0,6.0,0.0,,,
1649,CCC(=O)OC1(CC[NH+](CC1CC=C)C)c2ccccc2,288.411,1.9457999999999998,1.0,2.0,0.0,,,
1650,C[NH+]1CCC(=C2c3ccccc3C=Cc4c2cccc4)CC1,288.4140000000001,3.280800000000002,1.0,0.0,0.0,,,
1651,C[NH+](C/C=C/c1ccccc1)Cc2cccc3c2cccc3,288.414,3.5679000000000025,1.0,0.0,0.0,,,
1652,CCC(c1ccccc1)c2nc(on2)CC[NH+](CC)CC,288.415,2.0786999999999995,1.0,3.0,0.0,,,
1653,C[C@]12CC[C@H]3[C@H]([C@@H]1CCC2=O)CC=C4[C@@]3(CC[C@@H](C4)O)C,288.431,3.8792000000000026,1.0,2.0,0.0,,,
1654,C[C@]12CC[C@H]3[C@H]([C@@H]1CC[C@@H]2O)CCC4=CC(=O)CC[C@]34C,288.43100000000004,3.8792000000000035,1.0,2.0,0.0,,,
1655,c1ccc(cc1)C(CC[NH+]2CCCC2)(C3CCCCC3)O,288.4549999999999,2.523300000000001,2.0,1.0,0.0,,,
1656,c1ccc(cc1)C(CC[NH+]2CCCCC2)(C3CCCC3)O,288.4549999999999,2.523300000000001,2.0,1.0,0.0,,,
1657,CC[C@@]1(CC[C@@H]2[C@@]1(CC[C@H]3[C@H]2CCC4=CCCC[C@H]34)C)O,288.47499999999997,5.090300000000006,1.0,1.0,1.0,,,
1658,CN1c2ccc(cc2C(=NCC1=O)C3=CCCCC3)Cl,288.7779999999999,3.6059000000000028,0.0,2.0,0.0,,,
1659,C(CN(CC(=O)[O-])CC(=O)[O-])[NH+](CC(=O)[O-])CC(=O)[O-],289.22,-8.827100000000009,1.0,9.0,0.0,,,
1660,C[n+]1cccc(c1)C(=O)Oc2c(cc(cc2O)C(=O)[O-])O,289.243,-0.4950000000000002,2.0,6.0,0.0,,,
1661,C[NH+]1[C@H]2CC[C@@H]1[C@H]([C@H](C2)OC(=O)c3ccccc3)C(=O)[O-],289.3310000000001,-0.9724999999999977,1.0,4.0,0.0,,,
1662,CCCC[NH+]1CCCCC1C(=O)Nc2c(cccc2C)C,289.44300000000004,2.4794399999999994,2.0,1.0,0.0,,,
1663,CCCC[NH+]1CCCC[C@H]1C(=O)Nc2c(cccc2C)C,289.44300000000004,2.4794399999999994,2.0,1.0,0.0,,,
1664,c1cc(c(cc1Cl)O)Oc2ccc(cc2Cl)Cl,289.54499999999996,5.144700000000002,1.0,2.0,1.0,,,
1665,c1ccc(c(c1)C(=O)[O-])Nc2cc(ccc2C(=O)[O-])Cl,289.674,0.8105999999999998,1.0,5.0,0.0,,,
1666,CCC1Nc2cc(c(cc2C(=O)N1)S(=O)(=O)N)Cl,289.74399999999997,0.8788,3.0,4.0,0.0,,,
1667,c1cc(c(cc1[C@@H]2[C@H](Cc3c(cc(cc3O2)O)O)O)O)O,290.27099999999996,1.5461000000000005,5.0,6.0,0.0,,,
1668,c1cc(ccc1C2C(C(c3c(cc(cc3O2)O)O)O)O)O,290.27099999999996,1.3314000000000008,5.0,6.0,0.0,,,
1669,c1cc(c(cc1[C@@H]2[C@@H](Cc3c(cc(cc3O2)O)O)O)O)O,290.27099999999996,1.5461000000000005,5.0,6.0,0.0,,,
1670,COc1cc(cc(c1OC)OC)Cc2cnc(nc2N)N,290.32300000000004,1.2575999999999996,2.0,7.0,0.0,,,
1671,c1c2c(cc3c1OCO3)C4C5C(CC[NH+]5C2)CC(C4O)O,290.339,-0.5886000000000001,3.0,4.0,0.0,,,
1672,COc1cc2c(cc1O)[C@@H]3[C@@H]([C@H](C=C4[C@H]3[NH+](C2)CC4)O)O,290.339,-0.6830000000000002,4.0,4.0,0.0,,,
1673,c1cc(ccc1N2CCCCS2(=O)=O)S(=O)(=O)N,290.36600000000004,0.2640000000000001,1.0,4.0,0.0,,,
1674,C[N+]1(C2CCC1CC(C2)OC(=O)C(c3ccccc3)O)C,290.38300000000004,2.033,1.0,3.0,0.0,,,
1675,C[NH+]1CCC23CCC(CC2Oc4c3c(ccc4OC)C1)O,290.38300000000004,0.6571999999999996,2.0,3.0,0.0,,,
1676,C[NH+]1[C@@H]2CC[C@H]1C[C@H](C2)OC(=O)[C@H](CO)c3ccccc3,290.383,0.5138000000000009,2.0,3.0,0.0,,,
1677,C[NH+]1[C@@H]2CC[C@H]1C[C@H](C2)OC(=O)C(CO)c3ccccc3,290.383,0.5138000000000009,2.0,3.0,0.0,,,
1678,CS(=O)(=O)OCCC[NH2+]CCCOS(=O)(=O)C,290.38300000000004,-1.7175999999999971,1.0,6.0,0.0,,,
1679,CCCCC(CC)COC(=O)/C=C/c1ccc(cc1)OC,290.403,4.468000000000004,0.0,3.0,0.0,,,
1680,CCCCCCCCOC(=O)C=Cc1ccc(cc1)OC,290.4030000000001,4.612100000000004,0.0,3.0,0.0,,,
1681,C[N+](C)(C)CCOC(=O)CCC(=O)OCC[N+](C)(C)C,290.404,0.2654000000000025,0.0,4.0,0.0,,,
1682,CCCCCCCCC[NH+]1C[C@@H]([C@H]([C@@H]([C@H]1CO)O)O)O,290.42400000000004,-0.9208999999999976,5.0,4.0,0.0,,,
1683,CC[NH+](CC)CCOC(=O)C1(CCCC1)c2ccccc2,290.42699999999996,1.9663,1.0,2.0,0.0,,,
1684,CCCCOc1ccc(cc1)C(=O)CC[NH+]2CCCCC2,290.4270000000001,2.5071000000000003,1.0,2.0,0.0,,,
1685,C[C@]12CCC(=O)C[C@@H]1CC[C@@H]3[C@@H]2CC[C@]4([C@H]3CC[C@@H]4O)C,290.44699999999995,3.959100000000003,1.0,2.0,0.0,,,
1686,C[C@]12CC[C@H]3[C@H]([C@@H]1CC[C@@H]2O)CC=C4[C@@]3(CC[C@@H](C4)O)C,290.447,3.671000000000003,2.0,2.0,0.0,,,
1687,C[NH+](C)CCCOC1(CCCCCC1)Cc2ccccc2,290.47099999999995,2.8733000000000004,1.0,1.0,0.0,,,
1688,CC(=CCC/C(=C/CC/C(=C/CCC(C)(C=C)O)/C)/C)C,290.49100000000004,6.122800000000007,1.0,1.0,1.0,,,
1689,CC(=CCC/C(=C/CC(/C=C(\C)/CCC=C(C)C)O)/C)C,290.491,6.122800000000007,1.0,1.0,1.0,,,
1690,CCCCCCCCCCCCSCCOCCO,290.51300000000003,4.649400000000005,1.0,3.0,0.0,,,
1691,C[NH+](C)CCC(c1ccccc1)(c2ccccc2Cl)O,290.814,2.1105000000000005,2.0,1.0,0.0,,,
1692,[C@@H]1([C@@H]([C@@H]([C@H]([C@@H]([C@@H]1Cl)Cl)Cl)Cl)Cl)Cl,290.832,3.644400000000001,0.0,0.0,0.0,,,
1693,c1c2c(cc3c1OCO3)C(=O)N[C@@H]4C2=C[C@@H]([C@H]([C@H]4O)O)O,291.259,-0.9930000000000003,4.0,6.0,0.0,,,
1694,CCOP(=S)(OCC)Oc1ccc(cc1)[N+](=O)[O-],291.26500000000004,3.2711000000000023,0.0,6.0,0.0,,,
1695,CCOC(=O)c1ccc(cc1)NC(=O)C[NH+]2CCCCC2,291.3710000000001,0.8705999999999996,2.0,3.0,0.0,,,
1696,CCCC[C@H](/C=C(\C)/C=C/C=C/C(=O)N1CCCC1=O)O,291.39099999999996,2.745200000000002,1.0,3.0,0.0,,,
1697,C[NH+]1CCC(=C2c3ccccc3CCc4c2nccc4)CC1,291.41800000000006,2.2906000000000004,1.0,1.0,0.0,,,
1698,C[NH+](C)CCOC(c1ccc(cc1)Cl)c2ccccn2,291.802,1.9855000000000005,1.0,2.0,0.0,,,
1699,COc1cc2c(=O)cc(oc2c3c1occ3)c4ccccc4,292.28999999999996,4.214800000000003,0.0,4.0,0.0,,,
1700,c1ccc(cc1)c2c(oc(n2)CCC(=O)[O-])c3ccccc3,292.31399999999996,2.6911000000000005,0.0,4.0,0.0,,,
1701,CC(C)[NH2+]CC(COc1cccc2c1oc(c2)C(=O)C)O,292.355,1.3469000000000007,2.0,4.0,0.0,,,
1702,c1cc2cnccc2c(c1)S(=O)(=O)N3CCC[NH2+]CC3,292.384,0.19259999999999994,1.0,3.0,0.0,,,
1703,C[NH+](C)CCOC(=O)C(c1ccccc1)C2(CCCC2)O,292.39900000000006,0.7630000000000006,2.0,3.0,0.0,,,
1704,CC(C)(C)[NH2+]C[C@@H](COc1cccc2c1CCCC2=O)O,292.399,1.3072000000000004,2.0,3.0,0.0,,,
1705,CCCCCC(C)CC(=O)CCc1ccc(c(c1)OC)O,292.419,4.509000000000005,1.0,3.0,0.0,,,
1706,CC(C)(C)[NH2+]C[C@@H](COc1ccccc1C2CCCC2)O,292.4430000000001,2.4458000000000006,2.0,2.0,0.0,,,
1707,CC(C)(C)C#C/C=C/C[NH+](C)Cc1cccc2c1cccc2,292.44599999999997,3.460200000000002,1.0,0.0,0.0,,,
1708,CC1(c2ccccc2C(=CCC[NH+](C)C)c3c1cccc3)C,292.44599999999997,3.292200000000002,1.0,0.0,0.0,,,
1709,CC[NH+](CC)C(C)C=C(c1cccs1)c2cccs2,292.493,3.5545000000000027,1.0,2.0,0.0,,,
1710,Cc1ccc(c(c1)CC(=O)[O-])Nc2c(cccc2Cl)F,292.71700000000004,2.8235200000000003,1.0,3.0,0.0,,,
1711,CC(C)(C)C(=O)C(n1ccnc1)Oc2ccc(cc2)Cl,292.76599999999996,3.729300000000003,0.0,4.0,0.0,,,
1712,c1cc(c(c2c1nccn2)Br)NC3=[NH+]CCN3,293.148,-0.15600000000000053,3.0,4.0,0.0,,,
1713,c1ccc2c(c1)c(c[nH]2)OC3C(C(=O)C(C(O3)CO)O)O,293.275,-0.4452000000000007,4.0,6.0,0.0,,,
1714,Cc1cccc(c1NC(=O)C[NH+](CC(=O)[O-])CC(=O)[O-])C,293.29900000000004,-3.3733599999999964,2.0,5.0,0.0,,,
1715,CCn1ccc(nc1=O)[N-]S(=O)(=O)c2ccc(cc2)N,293.32800000000003,1.2395,1.0,6.0,0.0,,,
1716,Cc1nc(cc(n1)OC)[N-]S(=O)(=O)c2ccc(cc2)N,293.328,1.76992,1.0,6.0,0.0,,,
1717,Cc1nccn1CC2CCc3c(c4ccccc4n3C)C2=O,293.37000000000006,3.1285200000000017,0.0,4.0,0.0,,,
1718,Cc1c2ccccc2n3c1CC[C@@H](C3=O)Cc4c([nH]cn4)C,293.36999999999995,3.426540000000001,1.0,3.0,0.0,,,
1719,CC(C)(C#N)c1cc(cc(c1)C(C)(C)C#N)Cn2cncn2,293.37399999999997,2.9287600000000014,0.0,5.0,0.0,,,
1720,CC(C)(C)[NH2+]CC(COc1cccc2c1CCC(=O)N2)O,293.387,0.6729,3.0,3.0,0.0,,,
1721,CCC(CC)(CNC(=O)CCCO)c1cccc(c1)OC,293.407,2.641700000000001,2.0,3.0,0.0,,,
1722,C[NH+]1CCN(CC1)C2=[NH+]c3ccccc3Cc4c2cccc4,293.414,-0.4199999999999964,2.0,1.0,0.0,,,
1723,CCCCNc1ccc(cc1)C(=O)OCC[NH+](CC)CC,293.43100000000004,1.9800999999999995,2.0,3.0,0.0,,,
1724,CC(c1ccccn1)C2=C(Cc3c2cccc3)CC[NH+](C)C,293.43399999999997,2.7296000000000005,1.0,1.0,0.0,,,
1725,CCCCCCCCCCCCCCOS(=O)(=O)[O-],293.449,4.164300000000003,0.0,4.0,0.0,,,
1726,CCCCCCCCC1=C(C1)CCCCCCCC(=O)[O-],293.47099999999995,4.917900000000004,0.0,2.0,0.0,,,
1727,COC(=O)C(Cc1ccccc1)NC(=O)C(CC(=O)[O-])[NH3+],294.307,-2.362599999999998,2.0,5.0,0.0,,,
1728,Cc1c(nc[nH]1)CN2CCc3c(c4ccccc4n3C)C2=O,294.35800000000006,2.4083200000000007,1.0,3.0,0.0,,,
1729,CCCCC[C@@H](CC(=O)CCc1ccc(c(c1)OC)O)O,294.39099999999996,3.233800000000003,2.0,4.0,0.0,,,
1730,CCCCOc1ccc(cc1)OCCC[NH+]2CCOCC2,294.415,1.5494999999999997,1.0,3.0,0.0,,,
1731,CC[NH+](CC)CCOc1ccc2c(c1)sc(n2)N(C)C,294.4440000000001,1.6658000000000004,1.0,4.0,0.0,,,
1732,CCCCCCCCC1=C(C1)CCCCCCC(=O)OC,294.479,5.950900000000006,0.0,2.0,1.0,,,
1733,c1ccc(cc1)C2=NCc3nncn3-c4c2cc(cc4)Cl,294.745,3.271700000000002,0.0,4.0,0.0,,,
1734,c1ccc(c(c1)CC(=O)[O-])Nc2c(cccc2Cl)Cl,295.145,3.0294000000000008,1.0,3.0,0.0,,,
1735,Cc1ccc(c(c1Cl)Nc2ccccc2C(=O)[O-])Cl,295.145,3.408920000000002,1.0,3.0,0.0,,,
1736,Cc1c(cccc1Nc2c(cccn2)C(=O)[O-])C(F)(F)F,295.23999999999995,2.5159200000000004,1.0,4.0,0.0,,,
1737,c1ccc(cc1)[C@H](C#N)O[C@H]2[C@@H]([C@H]([C@@H]([C@H](O2)CO)O)O)O,295.291,-0.93222,4.0,7.0,0.0,,,
1738,c1ccc2c(c1)c(c[nH]2)OC3[C@@H]([C@H]([C@@H]([C@H](O3)CO)O)O)O,295.291,-0.6534000000000006,5.0,6.0,0.0,,,
1739,COC(=O)Nc1[nH]c2ccc(cc2n1)C(=O)c3ccccc3,295.298,2.972200000000001,2.0,4.0,0.0,,,
1740,CN1c2ccc(cc2C(=NCC1=O)c3ccccc3)[N+](=O)[O-],295.298,2.4086000000000007,0.0,4.0,0.0,,,
1741,CCOC(=O)C(c1ccccc1)C2[NH2+]C(CS2)C(=O)[O-],295.36000000000007,-0.9118999999999979,1.0,5.0,0.0,,,
1742,COc1cc(cc(c1OC)OC)C(=O)NC2CCC[NH2+]C2,295.35900000000004,0.16800000000000093,2.0,4.0,0.0,,,
1743,CCCOc1cc(ccc1C(=O)OCC[NH+](CC)CC)N,295.403,1.1391000000000007,2.0,4.0,0.0,,,
1744,CCCOc1ccc(cc1N)C(=O)OCC[NH+](CC)CC,295.403,1.1390999999999998,2.0,4.0,0.0,,,
1745,C=C[C@H]1C[NH+]2CCC1CC2C(c3ccnc4c3cccc4)O,295.406,1.7475,2.0,2.0,0.0,,,
1746,Cc1cc(c(cc1)/[NH+]=C/N(/C=[NH+]/c2c(cc(cc2)C)C)C)C,295.43000000000006,1.0330800000000004,2.0,0.0,0.0,,,
1747,CCCCCC1C(O1)C/C=C\CCCCCCCC(=O)[O-],295.443,3.761000000000003,0.0,3.0,0.0,,,
1748,CC(CN1c2ccccc2CCc3c1cccc3)C[NH+](C)C,295.44999999999993,2.703900000000001,1.0,1.0,0.0,,,
1749,c1c2c(cc(c1Cl)S(=O)(=O)N)S(=O)(=O)N=CN2,295.729,0.12989999999999996,2.0,5.0,0.0,,,
1750,c1c(c(=O)[nH]c(=O)n1[C@H]2C[C@@H]([C@H](O2)CO)O)C(F)(F)F,296.20099999999996,-0.8039000000000001,3.0,6.0,0.0,,,
1751,C[NH+]1CCc2cc3c(c-4c2[C@H]1[C@@H](c5c4cccc5)O)OCO3,296.34600000000006,1.2412,2.0,3.0,0.0,,,
1752,C[C@H]1COC2=C1C(=O)C(=O)c3c2ccc4c3CCCC4(C)C,296.366,3.4433000000000025,0.0,3.0,0.0,,,
1753,CC1COC2=C1C(=O)c3ccc4c(c3C2=O)CCCC4(C)C,296.366,3.5999000000000025,0.0,3.0,0.0,,,
1754,CC(C)[NH2+]CC(COc1ccc(cc1)CCC(=O)OC)O,296.387,0.5037000000000007,2.0,4.0,0.0,,,
1755,C[NH+]1CCc2cc(c(c-3c2[C@H]1Cc4c3cccc4)OC)OC,296.39000000000004,2.0388,1.0,2.0,0.0,,,
1756,CN1c2ccccc2C(=O)N(c3c1cccc3)CC[NH+](C)C,296.394,1.5591999999999995,1.0,2.0,0.0,,,
1757,CC(C)(C)c1nnc(s1)[N-]S(=O)(=O)c2ccccc2,296.397,3.229700000000002,0.0,5.0,0.0,,,
1758,C[C@]12CC[C@@H]3c4ccc(cc4CC[C@H]3[C@@H]1CC[C@]2(C#C)O)O,296.4099999999999,3.612600000000003,2.0,2.0,0.0,,,
1759,C[C@]12CC[C@H]3[C@H]([C@@H]1CCC2=O)CC(=C)C4=CC(=O)C=C[C@]34C,296.40999999999997,4.029500000000003,0.0,2.0,0.0,,,
1760,CNS(=O)(=O)Cc1ccc2c(c1)c(c[nH]2)CC[NH+](C)C,296.416,-0.09589999999999854,3.0,2.0,0.0,,,
1761,c1ccc(cc1)C(CC[NH+]2CCCCC2)(c3ccccc3)O,296.4339999999999,2.3814000000000006,2.0,1.0,0.0,,,
1762,CCC(=O)C(CC[NH+](C)C)(c1ccccc1)c2ccccc2,296.434,2.4864000000000006,1.0,1.0,0.0,,,
1763,C[NH+]1CCC(=C2c3ccccc3CCc4c2ccs4)CC1,296.45900000000006,2.9571000000000014,1.0,1.0,0.0,,,
1764,C[NH+](C)CC/C=C\1/c2ccccc2CSc3c1cccc3,296.459,3.258600000000002,1.0,1.0,0.0,,,
1765,CC(C)CCCC(C)CCCC(C)CCCC(C)(C=C)O,296.539,6.362500000000008,1.0,1.0,1.0,,,
1766,C[C@@H](CCC[C@@H](C)CCC/C(=C/CO)/C)CCCC(C)C,296.539,6.364100000000008,1.0,1.0,1.0,,,
1767,C[N+](C)(C)C1CCC(CC1)CC2CCC(CC2)[N+](C)(C)C,296.543,3.906500000000003,0.0,0.0,0.0,,,
1768,CCN(CC)C(=S)SSC(=S)N(CC)CC,296.5520000000001,3.6212000000000026,0.0,4.0,0.0,,,
1769,CCCCCCCC/C=C\CCCCCCCC[NH+](C)C,296.56299999999993,5.1684000000000045,1.0,0.0,1.0,,,
1770,c1ccc2c(c1)C(=O)c3c(c(c(c(c3[O-])C(=O)[O-])O)[O-])C2=O,297.198,-1.3217000000000003,1.0,7.0,0.0,,,
1771,COc1c2c(nc(n1)N)n(cn2)[C@H]3[C@H]([C@@H]([C@H](O3)CO)O)O,297.271,-1.9714000000000003,4.0,10.0,0.0,,,
1772,CC(C)c1ccc2c(c1)c(=O)c3cc(c(nc3o2)N)C(=O)[O-],297.29,1.4103000000000003,1.0,6.0,0.0,,,
1773,CC(c1ccc2c(c1)CC(=O)c3ccccc3S2)C(=O)[O-],297.3550000000001,2.4299999999999997,0.0,4.0,0.0,,,
1774,CC(C)Cc1ccc(cc1)C(C)C(=O)OCc2ccccn2,297.39799999999997,4.127000000000003,0.0,3.0,0.0,,,
1775,Cc1cccc(c1)N(C)C(=S)Oc2ccc3c(c2)CCC3,297.4230000000001,4.283820000000004,0.0,2.0,0.0,,,
1776,c1cc2c3c(c1)C(=O)N(C[C@H]3CCC2)[C@@H]4C[NH+]5CCC4CC5,297.422,1.2393999999999998,1.0,1.0,0.0,,,
1777,C[NH+]1CCC(C1)CN2c3ccccc3Sc4c2cccc4,297.447,2.823900000000002,1.0,2.0,0.0,,,
1778,CCCCCC[C@H](C/C=C\CCCCCCCC(=O)[O-])O,297.45899999999995,3.7446000000000024,1.0,3.0,0.0,,,
1779,CCCCCC[C@@H](C/C=C/CCCCCCCC(=O)[O-])O,297.45899999999995,3.7446000000000024,1.0,3.0,0.0,,,
1780,c1c2c(cc(c1Cl)S(=O)(=O)N)S(=O)(=O)NCN2,297.745,-0.3513000000000001,3.0,5.0,0.0,,,
1781,C[n+]1cn(c2c1c(=O)[nH]c(n2)N)[C@H]3[C@@H]([C@@H]([C@H](O3)CO)O)O,298.279,-3.257199999999998,5.0,8.0,0.0,,,
1782,CC(=O)c1ccc(cc1)O[C@H]2[C@@H]([C@H]([C@@H]([C@H](O2)CO)O)O)O,298.291,-0.9320999999999999,4.0,7.0,0.0,,,
1783,COc1cc2ccc3c(c2cc1OC)C(=O)C(=CC3=O)OC,298.29400000000004,2.766300000000001,0.0,5.0,0.0,,,
1784,C[C@@H]1C[C@@H]([C@]2([C@@]13CC(=O)[C@]([C@@]2(COC(=O)C3)C)(C)O)O)O,298.3349999999999,-0.21839999999999998,3.0,6.0,0.0,,,
1785,COc1cc2c3c(c1OC)-c4cc(ccc4C[C@H]3[NH2+]CC2)O,298.3620000000001,1.7930999999999995,2.0,3.0,0.0,,,
1786,COc1cc2c3c(c1OC)C4(CC3[NH2+]CC2)C=CC(=O)C=C4,298.362,1.2009999999999998,1.0,3.0,0.0,,,
1787,C[NH+]1CC[C@]23c4c5ccc(c4O[C@H]2C(=CC=C3[C@H]1C5)OC)O,298.362,0.7044000000000001,2.0,3.0,0.0,,,
1788,C[C@@H]1CC[C@H]2[C@H]([C@H](O[C@H]3[C@@]24[C@H]1CC[C@](O3)(OO4)C)OC)C,298.37899999999996,2.8408000000000007,0.0,5.0,0.0,,,
1789,CC(=CCC/C(=C/COc1ccc2ccc(=O)oc2c1)/C)C,298.38200000000006,4.864500000000004,0.0,3.0,0.0,,,
1790,C[C@]12CC[C@H]3[C@H]([C@@H]1CC[C@]2(C#C)O)CCC4=C3CCC(=O)C4,298.42600000000004,3.636600000000003,1.0,2.0,0.0,,,
1791,C[C@]12CC[C@H]3[C@H]([C@@H]1CC[C@]2(C#C)O)CCC4=CC(=O)CC[C@H]34,298.42600000000004,3.4925000000000024,1.0,2.0,0.0,,,
1792,C[NH2+]CC[C@@H](c1cccs1)Oc2cccc3c2cccc3,298.431,3.604700000000003,1.0,2.0,0.0,,,
1793,CCCCCCCCCCCC[n+]1ccc2ccccc2c1,298.494,6.048200000000007,0.0,0.0,1.0,,,
1794,CCCCCCCCCCCCCCCC(=O)OC(C)C,298.51099999999997,6.419300000000007,0.0,2.0,1.0,,,
1795,CCCCCCCCCCCCCCCCCCCCO,298.55499999999995,7.020400000000008,1.0,1.0,1.0,,,
1796,COc1cc(ccc1O)c2cc(=O)c3c(cc(cc3o2)O)[O-],299.258,1.9533999999999998,2.0,6.0,0.0,,,
1797,C[C@@]1([C@@H](N2[C@H](S1(=O)=O)CC2=O)C(=O)[O-])Cn3ccnn3,299.28799999999995,-2.857899999999997,0.0,8.0,0.0,,,
1798,c1ccc2c(c1)ncc(n2)[N-]S(=O)(=O)c3ccc(cc3)N,299.33500000000004,2.6060999999999996,1.0,5.0,0.0,,,
1799,C[C@H]([C@@H]1[C@H]2CC(=C(N2C1=O)C(=O)[O-])SCC/[NH+]=C/N)O,299.35200000000003,-3.639799999999997,3.0,5.0,0.0,,,
1800,COC(=O)Nc1[nH]c2ccc(cc2n1)Sc3ccccc3,299.355,3.892400000000001,2.0,4.0,0.0,,,
1801,CCOc1ccc(cc1)N/C(=[NH+]/c2ccc(cc2)OCC)/C,299.39400000000006,2.7266000000000012,2.0,2.0,0.0,,,
1802,CC1=C(C(CCC1)(C)C)/C=C/C(=C/C=C/C(=C\C(=O)[O-])/C)/C,299.4340000000001,4.267900000000004,0.0,2.0,0.0,,,
1803,CC1=C(C(CCC1)(C)C)/C=C/C(=C\C=C\C(=C\C(=O)[O-])\C)/C,299.4340000000001,4.267900000000004,0.0,2.0,0.0,,,
1804,CC1=C(C(CCC1)(C)C)/C=C/C(=C/C=C/C(=C/C(=O)[O-])/C)/C,299.4340000000001,4.267900000000004,0.0,2.0,0.0,,,
1805,CC(CN1c2ccccc2Sc3c1cccc3)C[NH+](C)C,299.46299999999997,3.0699000000000014,1.0,2.0,0.0,,,
1806,C/[NH+]=C\1/CN(C(=c2cc(ccc2=N1)Cl)c3ccccc3)[O-],299.761,0.03840000000000132,1.0,2.0,0.0,,,
1807,c1cc(c(cc1c2c(c(=O)c3c(cc(cc3o2)O)[O-])[O-])O)O,300.222,0.7239999999999993,3.0,7.0,0.0,,,
1808,c1cc(c(cc1/N=N/c2ccc(c(c2)C(=O)[O-])O)C(=O)[O-])O,300.226,0.24020000000000025,2.0,8.0,0.0,,,
1809,c1cc(ccc1CCO[C@H]2[C@@H]([C@H]([C@@H]([C@H](O2)CO)O)O)O)O,300.307,-1.2488000000000006,5.0,7.0,0.0,,,
1810,CCCc1c(=O)n2c3cc(ccc3[nH+]c(n2c1=O)N(C)C)C,,,,,,,,
1811,COc1cc2c(cc1OC)C([NH2+]CC2)Cc3ccc(cc3)O,300.378,1.8126999999999995,2.0,3.0,0.0,,,
1812,C[C@]12C(=O)CC[C@@H]3[C@]14CC[NH+]([C@@H]3Cc5c4c(c(cc5)O)O2)C,300.37800000000004,0.6032999999999997,2.0,3.0,0.0,,,
1813,C[NH+]1CC[C@]23c4c5ccc(c4O[C@H]2[C@H](C=C[C@H]3[C@H]1C5)O)OC,300.37800000000004,0.08400000000000057,2.0,3.0,0.0,,,
1814,C[NH+]1CC[C@]23c4c5ccc(c4O[C@H]2C(=O)CC[C@H]3[C@H]1C5)OC,300.37800000000004,0.5161999999999998,1.0,3.0,0.0,,,
1815,C[C@]12CC[C@H]3[C@H]([C@@H]1CCC(=O)O2)CCC4=CC(=O)C=C[C@]34C,300.39799999999997,3.5899000000000028,0.0,3.0,0.0,,,
1816,CC(CCc1ccccc1)[NH2+]C(C)C(c2ccc(cc2)O)O,300.42199999999997,2.3988000000000014,3.0,2.0,0.0,,,
1817,C[C@]12CC[C@H]3[C@H]([C@@H]1CC[C@]2(CC=C)O)CCC4=CCCC[C@H]34,300.48600000000005,5.2564000000000055,1.0,1.0,1.0,,,
1818,C[C@@H]1[C@@H](CC[C@@H]([NH2+]1)CCCCCCCCCCC(C)O)O,300.50699999999995,2.743400000000001,3.0,2.0,0.0,,,
1819,CN1c2ccc(cc2N(C(=O)CC1=O)c3ccccc3)Cl,300.745,3.3712000000000026,0.0,2.0,0.0,,,
1820,CN1c2ccc(cc2C(=NC(C1=O)O)c3ccccc3)Cl,300.745,2.472200000000001,1.0,3.0,0.0,,,
1821,CNC1=[NH+]c2ccc(cc2C(=[N+](C1)[O-])c3ccccc3)Cl,300.769,1.0313000000000003,2.0,2.0,0.0,,,
1822,CC[NH+](CC)CCNC(=O)c1cc(c(cc1OC)N)Cl,300.80999999999995,0.5853000000000006,3.0,3.0,0.0,,,
1823,c1cc(ccc1[N+](=O)[O-])O[C@H]2[C@@H]([C@H]([C@@H]([C@H](O2)CO)O)O)O,301.251,-1.2265000000000001,4.0,8.0,0.0,,,
1824,c1cc(ccc1[N+](=O)[O-])O[C@@H]2[C@@H]([C@H]([C@H]([C@H](O2)CO)O)O)O,301.251,-1.2265000000000001,4.0,8.0,0.0,,,
1825,C[N+]1(CC[C@]23c4c5ccc(c4O[C@H]2[C@H](C=C[C@H]3[C@H]1C5)O)O)[O-],301.342,1.2106999999999997,2.0,4.0,0.0,,,
1826,COc1cccc(c1)C(=O)N2CC[NH+](CC2)Cc3ccco3,301.36599999999993,0.8291000000000002,1.0,3.0,0.0,,,
1827,C[NH+]1[C@@H]2CC[C@H]1CC(C2)NC(=O)n3c4ccccc4[nH]c3=O,301.37000000000006,0.0954000000000011,3.0,3.0,0.0,,,
1828,CC/C=C\C/C=C\C/C=C\C/C=C\C/C=C\CCCC(=O)[O-],301.45000000000005,4.658000000000004,0.0,2.0,0.0,,,
1829,C[C@]1(CCC2=C(C1)CC[C@@H]3[C@@]2(CCC[C@@]3(C)C(=O)[O-])C)C=C,301.45000000000005,4.015600000000003,0.0,2.0,0.0,,,
1830,C[NH+]1CCN(CC1)C(c2ccccc2)c3ccc(cc3)Cl,301.841,2.2597000000000005,1.0,1.0,0.0,,,
1831,[NH4][Pt]([NH4])(Cl)Cl,,,,,,,,
1832,CCC(=C)C(=O)c1ccc(c(c1Cl)Cl)OCC(=O)[O-],302.13300000000004,2.271000000000001,0.0,4.0,0.0,,,
1833,c1c2c3c4c(cc(c(c4oc2=O)O)O)c(=O)oc3c(c1O)O,302.194,1.3128000000000002,4.0,8.0,0.0,,,
1834,C[NH+]1CC[C@]23c4c5ccc(c4O[C@H]2C(=O)CC[C@]3([C@H]1C5)O)O,302.34999999999997,-0.6718999999999994,3.0,4.0,0.0,,,
1835,c1ccc2c(c1)c(=O)n(cn2)CC3(CC4C(O3)CCC[NH2+]4)O,302.354,-0.4001999999999993,2.0,5.0,0.0,,,
1836,c1ccc2c(c1)c(=O)n(cn2)CC(=O)C[C@@H]3[C@H](CCC[NH2+]3)O,302.354,-0.5575999999999991,2.0,5.0,0.0,,,
1837,Cn1c2ccccc2c(=O)[n+]3c1-c4c(c5ccccc5[nH]4)CC3,302.3570000000001,2.5304,1.0,2.0,0.0,,,
1838,C[C@H](Cc1ccc(c(c1)O)O)[C@@H](C)Cc2ccc(c(c2)O)O,302.36999999999995,3.5664000000000033,4.0,4.0,0.0,,,
1839,CC(COc1ccccc1)[NH2+]C(C)C(c2ccc(cc2)O)O,302.394,1.8450000000000006,3.0,3.0,0.0,,,
1840,C[C@H](CCc1ccc(cc1)O)[NH2+]C[C@@H](c2ccc(cc2)O)O,302.394,1.7159000000000004,4.0,3.0,0.0,,,
1841,CC(CCc1ccc(cc1)O)[NH2+]CCc2ccc(c(c2)O)O,302.39399999999995,1.9306,4.0,3.0,0.0,,,
1842,C[NH+]1CC[C@]23c4c5ccc(c4O[C@H]2[C@H](CC[C@H]3[C@H]1C5)OC)O,302.394,0.6590999999999996,2.0,3.0,0.0,,,
1843,C[NH+]1CC[C@]23c4c5ccc(c4O[C@H]2[C@H](CC[C@H]3[C@H]1C5)O)OC,302.394,0.30800000000000033,2.0,3.0,0.0,,,
1844,CCCCCNC(=[NH2+])N/N=C/c1c[nH]c2c1cc(cc2)OC,302.4020000000001,0.9949000000000006,4.0,2.0,0.0,,,
1845,C[C@]12C[C@H]([C@H]3[C@H]([C@@H]1CC[C@@H]2O)CCC4=CC(=O)C=C[C@@]34C)O,302.41400000000004,2.6260000000000017,2.0,3.0,0.0,,,
1846,CCCCCOc1ccccc1/C(=C\SC)/n2ccnc2,302.443,4.661800000000004,0.0,4.0,0.0,,,
1847,CC(C)c1cc2c(cc1O)[C@]3(CC(CC(C3CC2)(C)C)O)C,302.45799999999997,4.516600000000005,2.0,2.0,0.0,,,
1848,C[C@]12CCC(=O)C=C1CC[C@@H]3[C@@H]2CC[C@]4([C@H]3CC[C@]4(C)O)C,302.45799999999997,4.269300000000004,1.0,2.0,0.0,,,
1849,C[C@@H]1CC2=CC(=O)CC[C@@H]2[C@@H]3[C@@H]1[C@@H]4CC[C@]([C@]4(CC3)C)(C)O,302.45799999999997,4.125200000000005,1.0,2.0,0.0,,,
1850,CC[C@H]1C[C@H]2[C@@H]3CCC4=CC(=O)CC[C@@H]4[C@H]3CC[C@@]2([C@H]1O)C,302.45799999999997,4.125200000000003,1.0,2.0,0.0,,,
1851,c1ccc(cc1)C(CC[NH+]2CCCCC2)(C3CCCCC3)O,302.48199999999997,2.9134000000000024,2.0,1.0,0.0,,,
1852,CN1c2ccc(cc2C(=NCC1=O)c3ccccc3F)Cl,302.736,3.292900000000002,0.0,2.0,0.0,,,
1853,c1cc(ccc1CCCC(=O)[O-])N(CCCl)CCCl,303.20899999999995,2.0431999999999997,0.0,3.0,0.0,,,
1854,c1cc(c(cc1[C@@H]2[C@H](C(=O)c3c(cc(cc3O2)O)[O-])O)O)O,303.246,0.5542999999999998,4.0,7.0,0.0,,,
1855,c1cc(c(cc1O)O)C2C(C(=O)c3c(cc(cc3O2)O)[O-])O,303.246,0.5542999999999998,4.0,7.0,0.0,,,
1856,CCOC(=O)c1c2n(cn1)-c3ccc(cc3C(=O)N(C2)C)F,303.293,1.7736999999999998,0.0,5.0,0.0,,,
1857,CCn1cc(c(=O)c2c1nc(nc2)N3CC[NH2+]CC3)C(=O)[O-],303.32200000000006,-2.4416999999999964,1.0,7.0,0.0,,,
1858,CCOC(=O)Nc1ccc(cc1N)NCc2ccc(cc2)F,303.337,3.588400000000002,3.0,4.0,0.0,,,
1859,CN1c2ccccc2C(=O)N3C1c4c(c5ccccc5[nH]4)CC3,303.36500000000007,3.314800000000001,1.0,2.0,0.0,,,
1860,CCOCCn1c2ccccc2nc1N3CCC[NH+](CC3)C,303.43000000000006,0.7976000000000005,1.0,4.0,0.0,,,
1861,c1nc2c(nc(nc2n1[C@H]3[C@H]([C@@H]([C@H](O3)CO)O)F)Cl)N,303.68100000000004,-0.3494000000000003,3.0,8.0,0.0,,,
1862,c1cc(ccc1S(=O)(=O)[N-]C(=O)N[NH+]2CCCC2)Cl,303.77099999999996,0.7057000000000001,2.0,3.0,0.0,,,
1863,c1ccc(c(c1)C(=O)NCC(=O)[O-])[125I],302.0636302,-0.22910000000000025,1.0,3.0,0.0,,,
1864,CC(C)[NH2+]C(C)Cc1ccc(cc1)[123I],300.196589,2.194,1.0,0.0,0.0,,,
1865,C([C@@H]1[C@H]([C@@H]([C@H]([C@@H](O1)Oc2c([nH]c(nc2=O)N)N)O)O)O)O,304.25899999999996,-3.8869999999999987,7.0,10.0,1.0,,,
1866,CCN(CC)C(=O)/C(=C/c1cc(c(c(c1)O)[O-])[N+](=O)[O-])/C#N,304.28200000000004,1.1493799999999996,1.0,6.0,0.0,,,
1867,CC(C)([C@@H](COc1c2ccc(=O)oc2cc3c1cco3)O)O,304.298,2.0498000000000003,2.0,6.0,0.0,,,
1868,COc1cc(ccc1O)C(C(=O)c2ccc(c(c2)OC)O)O,304.298,2.0313000000000008,3.0,6.0,0.0,,,
1869,CCOC(=O)Nc1ccc(nc1N)NCc2ccc(cc2)F,304.325,2.9834000000000014,3.0,5.0,0.0,,,
1870,C[C@@H]1C[C@H]2[C@H]([C@@H]([C@]3([C@H]1C=CC3=O)C)OC(=O)C)C(=C)C(=O)O2,304.34200000000004,1.8171,0.0,5.0,0.0,,,
1871,CCOP(=S)(OCC)Oc1cc(nc(n1)C(C)C)C,304.35200000000003,3.5847200000000026,0.0,6.0,0.0,,,
1872,C[NH+]1C2CCC1[C@H]([C@H](C2)OC(=O)c3ccccc3)C(=O)OC,304.3660000000001,0.4506000000000008,1.0,4.0,0.0,,,
1873,CC(Cc1ccc(cc1)O)[NH2+]CC(c2cc(cc(c2)O)O)O,304.366,1.0313999999999997,5.0,4.0,0.0,,,
1874,C[NH+]1[C@@H]2C[C@H](C[C@H]1[C@H]3[C@@H]2O3)OC(=O)[C@H](CO)c4ccccc4,304.366,-0.4989999999999981,2.0,4.0,0.0,,,
1875,C[NH+]1CC[C@]23c4c5ccc(c4O[C@H]2[C@H](CC[C@]3([C@H]1C5)O)O)O,304.36599999999993,-0.8800999999999997,4.0,4.0,0.0,,,
1876,C[NH+]1C2CC(CC1C3C2O3)OC(=O)C(CO)c4ccccc4,304.366,-0.4989999999999981,2.0,4.0,0.0,,,
1877,C1C[C@H](N(C1)C(=O)C[NH2+]C23CC4CC(C2)CC(C4)(C3)O)C#N,304.414,0.14808000000000138,2.0,3.0,0.0,,,
1878,CC[NH+]1CCC(=C2c3ccccc3CCc4c2cccc4)C1C,304.457,3.2841000000000022,1.0,0.0,0.0,,,
1879,C[C@H]1CC(=O)C[C@H]2[C@]1([C@H]3CC[C@]4([C@H]([C@@H]3CC2)CC[C@@H]4O)C)C,304.47399999999993,4.205100000000003,1.0,2.0,0.0,,,
1880,C[C@]12CCC(=O)C[C@@H]1CC[C@@H]3[C@@H]2CC[C@]4([C@H]3CC[C@]4(C)O)C,304.474,4.349200000000004,1.0,2.0,0.0,,,
1881,CCCCCCCCCCCCCCCC[n+]1ccccc1,304.5419999999999,6.455400000000006,0.0,0.0,1.0,,,
1882,CC(COc1ccccc1)[NH+](CCCl)Cc2ccccc2,304.84099999999995,2.777800000000001,1.0,1.0,0.0,,,
1883,c1ccc(c(c1)C2=NCC(=O)Nc3c2cc(cc3)Cl)Cl,305.164,3.7829000000000015,1.0,2.0,0.0,,,
1884,c1c(cc(c(c1S(=O)(=O)N)Cl)Cl)S(=O)(=O)N,305.16400000000004,0.28820000000000023,2.0,4.0,0.0,,,
1885,c1cc(ccc1C[C@@H](C(=O)[O-])[NH3+])N(CCCl)CCCl,305.2049999999999,-0.12649999999999983,1.0,3.0,0.0,,,
1886,CCN(c1cccc(c1)c2ccnc3n2ncc3C#N)C(=O)C,305.34100000000007,2.6407800000000003,0.0,5.0,0.0,,,
1887,CC(C)(C)[NH2+]CC(COc1cn(c(=O)c2c1cccc2)C)O,305.398,0.6401000000000006,2.0,4.0,0.0,,,
1888,CC(C)/C=C/CCCCC(=O)NCc1ccc(c(c1)OC)O,305.41800000000006,3.7896000000000023,2.0,3.0,0.0,,,
1889,c1cc2c(cc(c(c2nc1)O)I)Cl,305.50199999999995,3.198400000000001,1.0,2.0,0.0,,,
1890,c1c2c(c(c3c1OCO3)[O-])C(=O)N[C@@H]4C2=C[C@@H]([C@H]([C@H]4O)O)O,306.25,-1.9194000000000004,4.0,7.0,0.0,,,
1891,c1c(cc(c(c1O)O)O)[C@@H]2[C@H](Cc3c(cc(cc3O2)O)O)O,306.27,1.2516999999999996,6.0,7.0,1.0,,,
1892,c1c(cc(c(c1O)O)O)[C@@H]2[C@@H](Cc3c(cc(cc3O2)O)O)O,306.27,1.2516999999999996,6.0,7.0,1.0,,,
1893,c1cc(c(cc1[C@@H]2[C@H]([C@H](c3c(cc(cc3O2)O)O)O)O)O)O,306.27,1.0370000000000008,6.0,7.0,1.0,,,
1894,c1cc(c(cc1F)F)C(Cn2cncn2)(Cn3cncn3)O,306.276,0.7357999999999993,1.0,7.0,0.0,,,
1895,C(CC(=O)N[C@@H](CS)C(=O)NCC(=O)[O-])[C@@H](C(=O)[O-])[NH3+],306.32000000000005,-5.592299999999997,4.0,7.0,0.0,,,
1896,C/C/1=C\C[C@H](/C(=C\[C@@H]2[C@@H]([C@@H](C1)O)C(=C)C(=O)O2)/C)OC(=O)C,306.358,2.0632,1.0,5.0,0.0,,,
1897,CC1CC2C(CC=C1C(CC(=O)C)OC(=O)C)C(=C)C(=O)O2,306.35800000000006,2.3513,0.0,5.0,0.0,,,
1898,CCCn1cnc2c1c(=O)n(c(=O)n2C)CCCCC(=O)C,306.36600000000004,1.0659999999999994,0.0,7.0,0.0,,,
1899,C[NH+]1C2C[C@@H](CC1[C@H](C2)O)OC(=O)[C@H](CO)c3ccccc3,306.382,-0.5153999999999981,3.0,4.0,0.0,,,
1900,C[NH+](C)[C@@H](CCOc1cccc2c1cccc2)c3ccccc3,306.42900000000003,3.494500000000003,1.0,1.0,0.0,,,
1901,C[C@]12CC[C@H]3[C@H]([C@@H]1CC[C@]2(C)O)CC[C@@H]4[C@@]3(COC(=O)C4)C,306.446,3.5431000000000026,1.0,3.0,0.0,,,
1902,CCC(C)C(c1ccccc1)C(=O)OCC[N+](C)(CC)CC,306.4700000000001,3.845900000000003,0.0,2.0,0.0,,,
1903,CC[N+]1(CCC(=C(c2ccccc2)c3ccccc3)C1C)CC,306.4730000000001,5.137300000000005,0.0,0.0,1.0,,,
1904,C/C(=C\CO)/CCC1C(=C)CCC2C1(CCCC2(C)CO)C,306.49,4.476400000000005,2.0,2.0,0.0,,,
1905,CC(=CCC/C(=C/CC/C(=C/CC/C(=C/CO)/C)/CO)/C)C,306.49000000000007,5.096800000000007,2.0,2.0,1.0,,,
1906,C[C@]12CC[C@H]3[C@H]([C@@H]1CC[C@@H]2O)CC[C@@H]4[C@@]3(C[C@@H]5[C@H](C4)S5)C,306.51500000000004,4.483900000000005,1.0,2.0,0.0,,,
1907,c1cc(ccc1C2C[NH2+]CCc3c2cc(c(c3Cl)O)O)O,306.76899999999995,1.7082000000000002,4.0,3.0,0.0,,,
1908,c1c(c(=O)[nH]c(=O)n1[C@H]2C[C@@H]([C@H](O2)CO)O)Br,307.09999999999997,-1.0602,3.0,6.0,0.0,,,
1909,c1ccc2c(c1)nc-3c4c(=O)cc([nH]c4c(=O)cc3o2)C(=O)[O-],307.24100000000004,0.49779999999999985,1.0,6.0,0.0,,,
1910,C[NH2+][C@H]1CC[C@H](c2c1cccc2)c3ccc(c(c3)Cl)Cl,307.244,4.153400000000003,1.0,0.0,0.0,,,
1911,CC(=O)Oc1ccccc1C(=O)Nc2ncc(s2)[N+](=O)[O-],307.28700000000003,2.2289000000000003,1.0,7.0,0.0,,,
1912,COc1cc(c(cc1S(=O)(=O)[O-])C(=O)c2ccccc2)O,307.303,1.5358999999999998,1.0,6.0,0.0,,,
1913,CC(=O)CC(c1ccccc1)c2c(c3ccccc3oc2=O)[O-],307.32500000000005,2.9776000000000016,0.0,4.0,0.0,,,
1914,CCCCc1c(=O)n(n(c1=O)c2ccccc2)c3ccccc3,,,,,,,,
1915,Cc1ccc(cc1)c2c(n3cc(ccc3n2)C)CC(=O)N(C)C,307.39700000000005,3.2488400000000013,0.0,3.0,0.0,,,
1916,Cc1cccc(c1)N(C)C(=S)Oc2ccc3ccccc3c2,307.41800000000006,4.948320000000003,0.0,2.0,0.0,,,
1917,C[NH+]1CC2(C3CC4C5=Nc6ccccc6C52CC1C3CO4)C=C,307.4170000000001,1.5184,1.0,2.0,0.0,,,
1918,CCCCCCCCCCCCOC(=O)CS(=O)(=O)[O-],307.432,2.995700000000001,0.0,5.0,0.0,,,
1919,C([C@H]([C@H]([C@@H]([C@@H](CBr)O)O)O)O)Br,307.966,-0.7802000000000002,4.0,4.0,0.0,,,
1920,C/C=C/1\[C@@H]2[C@]3(C=C[C@@H]4[C@H]3[C@H](O2)O[C@H]([C@@H]4C(=O)OC)O)OC1=O,308.286,-0.10680000000000017,1.0,7.0,0.0,,,
1921,CS(=O)(=O)Nc1ccc(cc1Oc2ccccc2)[N+](=O)[O-],308.31500000000005,2.7586000000000013,1.0,5.0,0.0,,,
1922,COCCOc1cnc(nc1)[N-]S(=O)(=O)c2ccccc2,308.339,1.8959,0.0,6.0,0.0,,,
1923,Cc1c(c(=O)n(n1C)c2ccccc2)NC(=O)c3cccnc3,308.34100000000007,2.1317199999999996,1.0,5.0,0.0,,,
1924,C[C@H]([C@@H](C(=O)[O-])NC(=O)OCc1ccccc1)OC(C)(C)C,308.3540000000001,1.2348999999999994,1.0,5.0,0.0,,,
1925,Cc1ncc(c(n1)N)CN(C=O)/C(=C\2/CCOC(=O)S2)/C,308.363,1.8306200000000001,1.0,7.0,0.0,,,
1926,C[C@H]1C[C@H]2[C@H](CC=C1[C@H](C[C@H](C)O)OC(=O)C)C(=C)C(=O)O2,308.3740000000001,2.1430999999999996,1.0,5.0,0.0,,,
1927,CC1C(C2C(CC(=C1CCCOC(=O)C)C)OC(=O)C2=C)O,308.374,2.1447000000000007,1.0,5.0,0.0,,,
1928,CC(C)C[C@H](C(=O)[O-])NC(=O)[C@H]([C@@H](Cc1ccccc1)[NH3+])O,308.378,-1.5186999999999953,3.0,4.0,0.0,,,
1929,c1c(cn(n1)[C@H](CC#N)C2CCCC2)c3c4c(ncn3)NCC4,308.389,2.953080000000001,1.0,6.0,0.0,,,
1930,COc1cc(c(c(c1)OC)C(=O)CCC[NH+]2CCCC2)OC,308.398,1.3539999999999996,1.0,4.0,0.0,,,
1931,CC[C@]12C=CC3=C4CCC(=O)C=C4CC[C@H]3[C@@H]1CC[C@]2(C#C)O,308.421,3.7228000000000034,1.0,2.0,0.0,,,
1932,CC(C)[NH2+]C[C@@H](COc1ccc(cc1)CCOCC2CC2)O,308.44200000000006,1.3672000000000002,2.0,3.0,0.0,,,
1933,CC(C)[NH2+]CC(COc1ccc(cc1)CCOCC2CC2)O,308.44200000000006,1.3672000000000002,2.0,3.0,0.0,,,
1934,C[NH+]1[C@@H]2CC[C@@H]1CC(C2)OC(c3ccccc3)c4ccccc4,308.44500000000005,3.000700000000002,1.0,1.0,0.0,,,
1935,CCCCCCCCc1ccc(cc1)CCC(CO)(CO)[NH3+],308.48600000000005,2.4874999999999994,3.0,2.0,0.0,,,
1936,C#CCN1c2ccc(cc2C(=NCC1=O)c3ccccc3)Cl,308.7679999999999,3.1572000000000022,0.0,2.0,0.0,,,
1937,Cc1nnc2n1-c3ccc(cc3C(=NC2)c4ccccc4)Cl,308.77199999999993,3.5801200000000026,0.0,4.0,0.0,,,
1938,c1cc(cc(c1)Cl)C(c2ccc3c(c2)[nH]cn3)n4ccnc4,308.77200000000005,4.050500000000003,1.0,3.0,0.0,,,
1939,CC1(C=Cc2c(cc(c3c2oc(=O)c4c3cccc4[O-])O)O1)C,309.297,2.909600000000002,1.0,5.0,0.0,,,
1940,COc1cc(nc(n1)OC)[N-]S(=O)(=O)c2ccc(cc2)N,309.32700000000006,1.4701,1.0,7.0,0.0,,,
1941,COc1c(ncnc1OC)[N-]S(=O)(=O)c2ccc(cc2)N,309.32700000000006,1.4701,1.0,7.0,0.0,,,
1942,CCOc1cc(c(cc1OCC)OCC)C(=O)CCC(=O)[O-],309.338,1.5955000000000001,0.0,6.0,0.0,,,
1943,Cc1c(noc1N(C(=O)C)S(=O)(=O)c2ccc(cc2)N)C,309.34700000000004,1.61544,1.0,6.0,0.0,,,
1944,C[NH+]1CCC(=C2c3ccccc3CCn4c2[nH+]cc4C=O)CC1,309.41300000000007,0.7812000000000001,1.0,2.0,0.0,,,
1945,CCCCOc1cc(ccc1N)C(=O)OCC[NH+](CC)CC,309.43000000000006,1.5292000000000003,2.0,4.0,0.0,,,
1946,CC(C)[NH2+]CCCC1(c2ccccc2-c3c1cccc3)C(=O)N,309.4330000000001,2.1903999999999995,2.0,1.0,0.0,,,
1947,c1c(cc(c(c1NC(=O)C(=O)[O-])Cl)NC(=O)C(=O)[O-])C#N,309.62100000000004,-2.4115200000000003,2.0,7.0,0.0,,,
1948,C[C@@]12[C@H]3[C@H]4[C@H]([C@@H]([C@@]1(C[C@@H]5[C@]2(O5)C(=O)O3)O)C(=O)O4)C(C)(C)O,310.302,-0.8672,2.0,7.0,0.0,,,
1949,C[NH2+]CCC(c1ccccc1)Oc2ccc(cc2)C(F)(F)F,310.339,3.408800000000002,1.0,1.0,0.0,,,
1950,COc1cc(ccc1O)/C=C\COC(=O)/C=C\c2ccccc2,310.349,3.670600000000002,1.0,4.0,0.0,,,
1951,Cc1c(c(=O)n(n1C)c2ccccc2)N(C)CS(=O)(=O)[O-],310.3550000000001,0.4233199999999999,0.0,7.0,0.0,,,
1952,C[N+](C)(C)CCOC(=O)/C=C/c1cc(c(c(c1)OC)O)OC,310.37000000000006,1.672,1.0,5.0,0.0,,,
1953,C[NH+]1CCc2cc3c(c-4c2C1Cc5c4cccc5OC)OCO3,310.37300000000005,1.7589,1.0,3.0,0.0,,,
1954,CC(C)(C)c1ccc(cc1)C(=O)CC(=O)c2ccc(cc2)OC,310.393,4.448400000000004,0.0,3.0,0.0,,,
1955,c1ccc(cc1)c2ccc(cc2)C(c3ccccc3)n4ccnc4,310.40000000000003,5.187800000000005,0.0,2.0,1.0,,,
1956,CC(C)(C)[NH2+]CC(COc1cccc2c1C[C@@H]([C@@H](C2)O)O)O,310.41400000000004,-0.3913999999999987,4.0,4.0,0.0,,,
1957,Cc1cc(c(c(c1OC(=O)C)C)C)OCC(C[NH2+]C(C)C)O,310.414,1.2486599999999992,2.0,4.0,0.0,,,
1958,C[NH+](C)CCCOc1c2ccccc2n(n1)Cc3ccccc3,310.42100000000005,1.9979999999999993,1.0,3.0,0.0,,,
1959,C[C@]12CC[C@@H]3c4ccc(cc4CC[C@H]3[C@@H]1CC[C@]2(C#C)O)OC,310.43699999999995,3.915600000000003,1.0,2.0,0.0,,,
1960,C[C@]12C=CC3=C4CCC(=O)C=C4CC[C@H]3[C@@H]1CC[C@]2(CC=C)O,310.43700000000007,4.275600000000005,1.0,2.0,0.0,,,
1961,CCCCCc1cc(c-2c(c1)OC(c3c2cc(cc3)C)(C)C)O,310.43700000000007,5.727820000000007,1.0,2.0,1.0,,,
1962,CC[C@]12CC[C@H]3[C@H]([C@@H]1C=C[C@]2(C#C)O)CCC4=CC(=O)CC[C@H]34,310.43700000000007,3.6586000000000025,1.0,2.0,0.0,,,
1963,C[NH+]1CCC(=C2c3ccccc3CC(=O)c4c2ccs4)CC1,310.44200000000006,2.5973000000000006,1.0,2.0,0.0,,,
1964,Cc1ccc(cc1)/C=N/n2c(csc2=S)c3ccccc3,310.447,5.136710000000003,0.0,4.0,1.0,,,
1965,c1ccc(cc1)C(CCC[NH+]2CCCCC2)(c3ccccc3)O,310.46099999999996,2.771500000000002,2.0,1.0,0.0,,,
1966,CCC(=O)C(CC(C)[NH+](C)C)(c1ccccc1)c2ccccc2,310.461,2.874900000000001,1.0,1.0,0.0,,,
1967,CCC(=O)C(c1ccccc1)(c2ccccc2)C(C)C[NH+](C)C,310.46100000000007,2.732400000000001,1.0,1.0,0.0,,,
1968,CC(COc1ccccc1Cc2ccccc2)[NH+]3CCCCC3,310.4610000000001,3.113500000000001,1.0,1.0,0.0,,,
1969,CC[C@]12CC(=C)[C@H]3[C@H]([C@@H]1CC[C@]2(C#C)O)CCC4=CCCC[C@H]34,310.48100000000005,4.869700000000004,1.0,1.0,0.0,,,
1970,C[NH+]1CCCC(C1)CC2c3ccccc3Sc4c2cccc4,310.48600000000005,3.597900000000002,1.0,1.0,0.0,,,
1971,CC[NH+](CC)CCOC(=O)C1(CCCCC1)C2CCCCC2,310.50200000000007,2.985100000000001,1.0,2.0,0.0,,,
1972,CCCCCCCC/C=C\CCCCCCCC(=O)OCC,310.522,6.587000000000008,0.0,2.0,1.0,,,
1973,C=C(c1ccccc1OCc2cccc(c2)Cl)n3ccnc3,310.784,4.634500000000003,0.0,3.0,0.0,,,
1974,Cc1ccc(cc1)S(=O)(=O)[N-]C(=O)N[NH+]2CCCCCC2,311.40700000000015,1.1409199999999997,2.0,3.0,0.0,,,
1975,C[C@]12CCC3=C4CCC(=O)C=C4CC[C@H]3[C@@H]1CC[C@]2(CC#N)O,311.425,3.837180000000003,1.0,3.0,0.0,,,
1976,CC[C@H]1C[C@@H]2C[C@@H]3[C@H]1[NH+](C2)CCc4c3[nH]c5c4cc(cc5)OC,311.449,2.5195000000000007,2.0,1.0,0.0,,,
1977,CC[C@@H]([C@@H]1CC=C[C@H]2[NH+]1CCC[NH2+]CCCCNC(=O)C2)O,311.46999999999997,-1.4070999999999954,4.0,2.0,0.0,,,
1978,CCCCCCCCCCCCCCCCCCCC(=O)[O-],311.53,5.778000000000006,0.0,2.0,1.0,,,
1979,CC[NH+](CC)CCNC(=O)c1ccc(cc1OCC=C)Cl,311.83299999999997,1.5593000000000001,2.0,2.0,0.0,,,
1980,c1cc2c(nc1)C(=C3CC[NH2+]CC3)c4ccc(cc4CC2)Cl,311.836,2.992700000000002,1.0,1.0,0.0,,,
1981,COc1cc2c(c3c1c4c(c(=O)o3)C(=O)CC4)[C@@H]5C=CO[C@@H]5O2,312.277,2.2765000000000004,0.0,6.0,0.0,,,
1982,C[C@@H]1CC[C@]2([C@@]13C[C@H]([C@]([C@@]24COC4=O)(C)O)OC(=O)[C@@H]3O)O,312.318,-0.8819999999999999,3.0,7.0,0.0,,,
1983,COc1cc(cc(c1O)OC)C(=O)OCCCC[NH+]=C(N)N,312.34599999999995,-1.2995999999999972,4.0,5.0,0.0,,,
1984,Cn1c2c(c(=O)n(c1=O)C)n(cn2)CC(C[NH+](C)CCO)O,312.3500000000001,-3.698399999999996,3.0,8.0,0.0,,,
1985,C[NH+]1CC[C@]23c4c5ccc(c4O[C@H]2C(=CC=C3[C@H]1C5)OC)OC,312.38900000000007,1.0074000000000003,1.0,3.0,0.0,,,
1986,C=CC[NH+]1CC[C@]23c4c5ccc(c4O[C@H]2[C@H](C=C[C@H]3[C@H]1C5)O)O,312.38900000000007,0.33719999999999956,3.0,3.0,0.0,,,
1987,CC(=O)O[C@H]1CCC2[C@@]1(C=CC3=C4CCC(=O)C=C4CCC23)C,312.4090000000001,3.900100000000003,0.0,3.0,0.0,,,
1988,CC(C)c1ccc2c(c1O)CC[C@@H]3[C@@]2(CCC4=C3COC4=O)C,312.409,3.9829000000000034,1.0,3.0,0.0,,,
1989,c1ccc2c(c1)CCN3C2CN(CC3=O)C(=O)C4CCCCC4,312.4130000000001,2.5349000000000004,0.0,2.0,0.0,,,
1990,Cc1cccc(c1N(CCCc2cccnc2)C(=O)[C@@H](C)[NH3+])C,312.43700000000007,2.2946400000000002,1.0,2.0,0.0,,,
1991,C[C@@H]1CC2=C(CCC(=O)C2)[C@@H]3[C@@H]1[C@@H]4CC[C@]([C@]4(CC3)C)(C#C)O,312.453,3.882600000000004,1.0,2.0,0.0,,,
1992,CC(=O)[C@H]1CC[C@@H]2[C@@]1(CC[C@@H]3[C@H]2C=CC4=CC(=O)CC[C@@]34C)C,312.45300000000015,4.499500000000004,0.0,2.0,0.0,,,
1993,CC[C@]12CC[C@H]3[C@H]([C@@H]1CC[C@]2(C#C)O)CCC4=CC(=O)CC[C@H]34,312.45300000000003,3.8826000000000036,1.0,2.0,0.0,,,
1994,CC[C@H](C(C[C@@H](C)[NH+](C)C)(c1ccccc1)c2ccccc2)O,312.47700000000003,2.666700000000001,2.0,1.0,0.0,,,
1995,c1ccc(cc1)C(CC[NH+]2CCCCC2)(C3CC4CC3C=C4)O,312.4769999999999,2.5453000000000015,2.0,1.0,0.0,,,
1996,CCCCCCCC/C=C\CCCCCCCCOCCO,312.538,6.032800000000007,1.0,2.0,1.0,,,
1997,CN1c2ccc(cc2C(=NCC1=O)c3ccccc3F)[N+](=O)[O-],313.288,2.5477000000000007,0.0,4.0,0.0,,,
1998,CC(=O)Nc1ccc(cc1)OC(=O)c2ccccc2OC(=O)C,313.3090000000001,2.7895000000000003,1.0,5.0,0.0,,,
1999,Cc1c(c(c2c(c1[O-])C(=O)C[C@H](O2)c3ccc(cc3)OC)C)O,313.32900000000006,2.7977400000000006,1.0,5.0,0.0,,,
2000,COc1ccc(cc1)CC[C@H]2Cc3cc(cc(c3C(=O)O2)[O-])O,313.329,2.1887000000000003,1.0,5.0,0.0,,,
2001,c1ccc(cc1)n2c(ccn2)[N-]S(=O)(=O)c3ccc(cc3)N,313.362,2.8486000000000002,1.0,5.0,0.0,,,
2002,CCC(CC)O[C@@H]1C=C(C[C@@H]([C@H]1NC(=O)C)[NH3+])C(=O)OCC,313.41800000000006,0.5686000000000024,2.0,4.0,0.0,,,
2003,Cn1c2ccccc2c(n1)C(=O)NC3CC4CCCC(C3)[NH+]4C,313.425,0.9012999999999998,2.0,3.0,0.0,,,
2004,Cc1cc2=C(Nc3ccccc3N=c2s1)N4CC[NH+](CC4)C,313.45000000000005,0.32932000000000006,2.0,4.0,0.0,,,
2005,CC[NH+](CC)C(C)CN1c2ccccc2Sc3c1cccc3,313.49,3.6025000000000027,1.0,2.0,0.0,,,
2006,c1ccc(cc1)C2=NC(C(=O)Nc3c2cc(cc3)Cl)C(=O)[O-],313.7200000000001,1.2479999999999998,1.0,4.0,0.0,,,
2007,Cc1c(c(=O)n(n1C)c2ccccc2)I,314.12600000000003,2.08902,0.0,3.0,0.0,,,
2008,COc1cc(ccc1O)c2c(c(=O)c3c(cc(cc3o2)O)[O-])[O-],314.249,1.0270000000000001,2.0,7.0,0.0,,,
2009,c1cc(ccc1c2ccc(o2)/C=N/N3CC(=O)NC3=O)[N+](=O)[O-],314.257,1.7405,1.0,6.0,0.0,,,
2010,COc1cc(ccc1O[C@H]2[C@@H]([C@H]([C@@H]([C@H](O2)CO)O)O)O)C=O,314.29,-1.3136000000000003,4.0,8.0,0.0,,,
2011,CS(=O)(=O)c1ccc(cc1)C2=C(C(=O)OC2)c3ccccc3,314.36199999999997,2.5577000000000005,0.0,4.0,0.0,,,
2012,COC1=C[C@]23CCC[NH+]2CCc4cc5c(cc4[C@@H]3C1=O)OCO5,314.3610000000001,0.5855000000000001,1.0,4.0,0.0,,,
2013,Cc1c(c(no1)c2ccccc2)c3ccc(cc3)S(=O)(=O)N,314.3660000000001,2.9644200000000005,1.0,4.0,0.0,,,
2014,CC(c1ccc2c(c1)N(c3ccc(cc3S2)OC)C)C(=O)[O-],314.3860000000001,2.7811000000000003,0.0,5.0,0.0,,,
2015,CCCCC(CC)CNC(=O)CC(C)OC(=O)CCC(=O)[O-],314.4020000000001,1.1709000000000003,1.0,5.0,0.0,,,
2016,C[N+]1(CCc2cc(c(cc2[C@H]1Cc3ccc(cc3)O)OC)O)C,314.40500000000003,3.0227000000000013,2.0,3.0,0.0,,,
2017,C[N+]1(CCc2cc(c(cc2[C@H]1Cc3ccc(cc3)O)O)OC)C,314.40500000000003,3.022700000000003,2.0,3.0,0.0,,,
2018,CCOc1ccccc1O[C@H](c2ccccc2)[C@H]3C[NH2+]CCO3,314.4050000000001,2.1675999999999993,1.0,3.0,0.0,,,
2019,CCOc1ccc2c3c1O[C@@H]4[C@]35CC[NH+]([C@H](C2)[C@@H]5C=C[C@@H]4O)C,314.405,0.4740999999999994,2.0,3.0,0.0,,,
2020,C[N+]1(CC[C@]23c4c5ccc(c4O[C@H]2[C@H](C=C[C@H]3[C@H]1C5)O)OC)C,314.40500000000003,1.6457,1.0,3.0,0.0,,,
2021,C[NH+]1CC2CC(CC(C1)N2C)NC(=O)c3c4ccccc4[nH]n3,314.413,-0.34759999999999674,3.0,3.0,0.0,,,
2022,CC(=O)Oc1ccc2c(c1)CC[C@@H]3[C@@H]2CC[C@]4([C@H]3CC[C@@H]4O)C,314.425,3.8289000000000026,1.0,3.0,0.0,,,
2023,Cc1cc2c(s1)Nc3ccccc3[NH+]=C2N4CC[NH+](CC4)C,314.45800000000014,0.10272000000000103,3.0,3.0,0.0,,,
2024,CC(=O)[C@H]1CC[C@@H]2[C@@]1(CC[C@H]3[C@H]2CCC4=CC(=O)CC[C@]34C)C,314.4690000000001,4.723500000000005,0.0,2.0,0.0,,,
2025,CCCCCc1cc(c(c(c1)O)[C@@H]2C=C(CC[C@H]2C(=C)C)C)O,314.46900000000005,5.846500000000007,2.0,2.0,1.0,,,
2026,CCCCCc1cc(c2c(c1)OC([C@H]3[C@H]2C=C(CC3)C)(C)C)O,314.46900000000005,5.7358000000000064,1.0,2.0,1.0,,,
2027,c1cc(ccc1SC(P(=O)([O-])[O-])P(=O)([O-])[O-])Cl,314.57899999999995,-0.4569000000000001,0.0,7.0,0.0,,,
2028,Cc1c(c(c2c(c1[O-])C(=O)CC(O2)c3ccc(c(c3)O)O)C)O,315.301,2.200340000000001,3.0,6.0,0.0,,,
2029,C[N@@+]1(CC[C@]23c4c5ccc(c4O[C@H]2[C@H](C=C[C@H]3[C@H]1C5)O)OC)[O-],315.369,1.5136999999999998,1.0,4.0,0.0,,,
2030,Cc1c(sc(n1)c2ccc(c(c2)C#N)OCC(C)C)C(=O)[O-],315.3740000000001,2.3885000000000005,0.0,6.0,0.0,,,
2031,C[C@]12CCC[C@](C1CCC(=C)[C@H]2CCc3ccoc3)(C)C(=O)[O-],315.43300000000005,3.7410000000000023,0.0,3.0,0.0,,,
2032,c1ccc(cc1)C[NH+]2CN(C(=S)SC2)Cc3ccccc3,315.48699999999997,2.5204000000000013,1.0,2.0,0.0,,,
2033,CCC[NH+]1C[C@@H](C[C@H]2[C@H]1Cc3c[nH]c4c3c2ccc4)CSC,315.50600000000003,2.854000000000002,2.0,1.0,0.0,,,
2034,c1cc(ccc1NC(=O)Nc2ccc(c(c2)Cl)Cl)Cl,315.587,5.290800000000001,2.0,1.0,1.0,,,
2035,c1cc2c(cc1Cl)[C@@](OC(=O)N2)(C#CC3CC3)C(F)(F)F,315.67799999999994,4.073100000000001,1.0,2.0,0.0,,,
2036,c1ccc(c(c1)C2=NCC(=O)Nc3c2cc(cc3)[N+](=O)[O-])Cl,315.716,3.037700000000001,1.0,4.0,0.0,,,
2037,c1ccc2c(c1)[NH+]=C(c3cc(ccc3O2)Cl)N4CC[NH2+]CC4,315.80400000000014,0.4835999999999999,2.0,2.0,0.0,,,
2038,C[NH+](C)CCCN1c2ccccc2CCc3c1cc(cc3)Cl,315.86799999999994,3.1113000000000026,1.0,1.0,0.0,,,
2039,CN1CCC[NH+](CC1)C(c2ccccc2)c3ccc(cc3)Cl,315.86800000000005,2.6498000000000017,1.0,1.0,0.0,,,
2040,C(C(CO[N+](=O)[O-])(CO[N+](=O)[O-])CO[N+](=O)[O-])O[N+](=O)[O-],316.13500000000005,-1.1939999999999997,0.0,12.0,1.0,,,
2041,c1ccnc(c1)C2=NCC(=O)Nc3c2cc(cc3)Br,316.158,2.6336000000000004,1.0,3.0,0.0,,,
2042,CCCCC[NH+](C)CCC(O)(P(=O)([O-])[O-])P(=O)([O-])[O-],316.20700000000005,-3.445099999999995,2.0,7.0,0.0,,,
2043,c1c(cc(c(c1O)O)O)c2c(c(=O)c3c(cc(cc3o2)O)[O-])[O-],316.221,0.4295999999999998,4.0,8.0,0.0,,,
2044,c1cc(c(cc1c2c(c(=O)c3c(cc(c(c3o2)O)O)[O-])[O-])O)O,316.221,0.4295999999999989,4.0,8.0,0.0,,,
2045,CC1(C(O1)COc2c3c(ccc(=O)o3)c(c4c2occ4)OC)C,316.309,3.104000000000001,0.0,6.0,0.0,,,
2046,CC(C)C(=O)OC(C)(C)C1Cc2c(ccc3c2oc(=O)cc3)O1,316.353,3.074300000000002,0.0,5.0,0.0,,,
2047,COC1=C[C@]23CCC[NH+]2CCc4cc5c(cc4[C@@H]3[C@@H]1O)OCO5,316.37700000000007,0.37730000000000047,2.0,4.0,0.0,,,
2048,C[NH+]1CCc2cc(c(cc2[C@@H]1Cc3ccc(c(c3)O)O)O)OC,316.377,1.1665999999999999,4.0,4.0,0.0,,,
2049,C[NH+]1CC[C@]23c4c5ccc(c4O[C@H]2C(=O)CC[C@]3([C@H]1C5)O)OC,316.377,-0.36889999999999956,2.0,4.0,0.0,,,
2050,C[NH+]1CCC2=CC[C@@H]3[C@H]([C@@H]21)c4cc(c(cc4C(=O)O3)OC)OC,316.37700000000007,0.9434999999999998,1.0,4.0,0.0,,,
2051,CC([C@H]1CC[C@@H](CC1)C(=O)N[C@@H](C(=O)[O-])Cc2ccccc2)C,316.42100000000005,1.9261999999999995,1.0,3.0,0.0,,,
2052,C1[C@@H]2C[C@@H]2N([C@@H]1C#N)C(=O)[C@H](C34CC5CC(C3)CC(C5)(C4)O)[NH3+],316.425,0.44118000000000057,2.0,3.0,0.0,,,
2053,C[NH2+]/C(=C\[N+](=O)[O-])/NCCSCc1ccc(o1)C[NH+](C)C,316.4270000000001,-0.9842999999999964,3.0,5.0,0.0,,,
2054,CN/C(=C\[N+](=O)[O-])/[NH2+]CCSCc1ccc(o1)C[NH+](C)C,316.4270000000001,-0.9842999999999964,3.0,5.0,0.0,,,
2055,c1ccc(cc1)C(COC2C[NH+]3CCC2CC3)(C4CCCC4)O,316.4650000000001,1.7580999999999993,2.0,2.0,0.0,,,
2056,CC[NH+](CC)CCCC(C)Nc1cc(cc2c1nccc2)OC,316.46900000000005,2.7487000000000004,2.0,3.0,0.0,,,
2057,CCCC/C=C/C/C=C/CCCCCCc1cccc(c1O)O,316.48499999999996,6.283500000000007,2.0,2.0,1.0,,,
2058,CCC/C=C/C/C=C/CCCCCCCc1cccc(c1O)O,316.48499999999996,6.283500000000007,2.0,2.0,1.0,,,
2059,CC(=O)[C@H]1CC[C@@H]2[C@@]1(CC[C@H]3[C@H]2CC=C4[C@@]3(CC[C@@H](C4)O)C)C,316.48500000000007,4.515300000000004,1.0,2.0,0.0,,,
2060,CCC[NH+](CCc1cccs1)[C@H]2CCc3c(cccc3O)C2,316.49000000000007,2.848600000000001,2.0,2.0,0.0,,,
2061,COC(=O)c1cc(ccc1[N-]S(=O)(=O)C(F)(F)F)Cl,316.664,2.9814000000000016,0.0,4.0,0.0,,,
2062,C[NH+](C)CC/C=C\1/c2ccccc2Sc3c1cc(cc3)Cl,316.87699999999995,3.770900000000003,1.0,1.0,0.0,,,
2063,CC1(C(=O)N(C(=O)N1)c2ccc(c(c2)C(F)(F)F)[N+](=O)[O-])C,317.22300000000007,2.4484000000000004,1.0,4.0,0.0,,,
2064,Cc1cc(cc(c1C(=O)Oc2cc(c(c(c2)O)C(=O)[O-])C)O)O,317.273,1.0029399999999995,3.0,7.0,0.0,,,
2065,c1ccc(cc1)c2cc(ccc2O)C(=O)c3ccccc3C(=O)[O-],317.32000000000005,2.6537000000000006,1.0,4.0,0.0,,,
2066,COc1cc(cc(c1OC)OC)/C=C/C(=O)N2CCC=CC2=O,317.34100000000007,2.0406999999999997,0.0,5.0,0.0,,,
2067,Cc1ccc(cc1)C(C)OC(=O)C2(CCC(C2(C)C)C(=O)[O-])C,317.40500000000003,2.791620000000001,0.0,4.0,0.0,,,
2068,CCOC(=O)c1c2c(sc1N)C[NH+](CC2)Cc3ccccc3,317.43399999999997,1.6481999999999997,2.0,4.0,0.0,,,
2069,CC(CN1c2ccccc2S(=O)(=O)c3c1cccc3)[NH+](C)C,317.43399999999997,1.5039,1.0,3.0,0.0,,,
2070,CC(C)(C)[NH2+]C[C@@H](COc1c(nsn1)N2CCOCC2)O,317.4350000000001,-0.5236999999999987,2.0,7.0,0.0,,,
2071,C[N+]1(CCN(CC1)CC(c2ccccc2)(C3CCCCC3)O)C,317.4970000000001,2.8465000000000007,1.0,2.0,0.0,,,
2072,CC(C)(C(=O)[O-])Oc1ccc(cc1)C(=O)c2ccc(cc2)Cl,317.74800000000005,2.4783,0.0,4.0,0.0,,,
2073,COC(=O)c1cc(ccc1O)Oc2ccc(c(c2)C(=O)OC)O,318.28100000000006,2.4633000000000007,2.0,7.0,0.0,,,
2074,COC(=O)c1ccc(c(c1)Oc2cc(ccc2O)C(=O)OC)O,318.28100000000006,2.4633000000000007,2.0,7.0,0.0,,,
2075,C[C@H]1COc2c(c(cc3c2n1cc(c3=O)C(=O)[O-])F)C4(CC4)[NH3+],318.3040000000001,-0.31149999999999983,1.0,5.0,0.0,,,
2076,Cc1c2c(c(c(c1OC)C/C=C(\C)/CCC(=O)[O-])[O-])C(=O)OC2,318.32500000000005,0.7665199999999992,0.0,6.0,0.0,,,
2077,c1ccc2c(c1)C(=O)OC2(c3ccc(cc3)O)c4ccc(cc4)O,318.32800000000003,3.5601000000000016,2.0,4.0,0.0,,,
2078,C[NH+]1CCC2C1C3c4cc5c(cc4C(=O)OC3C(C2)O)OCO5,318.34900000000005,-0.2942999999999991,2.0,5.0,0.0,,,
2079,CC(=CC1C(C1(C)C)C(=O)OCN2C(=O)CN(C2=O)CC#C)C,318.37300000000005,1.6229,0.0,4.0,0.0,,,
2080,c1cc(ccc1CCCC[NH2+]C[C@@H](c2ccc(c(c2)O)O)O)O,318.393,1.4230999999999998,5.0,4.0,0.0,,,
2081,COc1ccc(cc1OC)CC[NH2+]C[C@@H](c2ccc(cc2)O)O,318.393,1.2488999999999995,3.0,4.0,0.0,,,
2082,C[NH+]1CCC2=CC[C@@H]3[C@H]([C@@H]21)c4cc(c(cc4[C@H](O3)O)OC)OC,318.3930000000001,0.7941999999999998,2.0,4.0,0.0,,,
2083,C/C(=C\c1ccccc1)/C=C\2/C(=O)N(C(=S)S2)CC(=O)[O-],318.39900000000006,1.5839999999999999,0.0,5.0,0.0,,,
2084,C[N+]1(CCC(C1)OC(=O)C(c2ccccc2)(C3CCCC3)O)C,318.4370000000001,2.4562999999999997,1.0,3.0,0.0,,,
2085,CC(C)CC1C[NH+]2CCc3cc(c(cc3C2CC1=O)OC)OC,318.43700000000007,1.821,1.0,3.0,0.0,,,
2086,C[N+]1(CCOCC1)CCC(c2ccccc2)(c3cccs3)O,318.46200000000005,2.8509000000000015,1.0,3.0,0.0,,,
2087,CC(C)(C)c1ccc(cc1)C[NH+](C)Cc2cccc3c2cccc3,318.484,4.352200000000003,1.0,0.0,0.0,,,
2088,CC[N+](CC)(CC)CCC(c1ccccc1)(C2CCCCC2)O,318.52500000000015,4.721100000000005,1.0,1.0,0.0,,,
2089,CCc1cc2c(s1)N(C(=O)CN=C2c3ccccc3Cl)C,318.829,3.777700000000003,0.0,3.0,0.0,,,
2090,c1ccn2c(c1)[nH+]cc2CC(O)(P(=O)([O-])[O-])P(=O)([O-])[O-],319.12600000000003,-3.2305999999999986,1.0,8.0,0.0,,,
2091,CCn1cc(c(=O)c2c1cc(c(c2)F)N3CC[NH2+]CC3)C(=O)[O-],319.3360000000001,-1.0925999999999982,1.0,5.0,0.0,,,
2092,COCCCC/C(=N\OCC[NH3+])/c1ccc(cc1)C(F)(F)F,319.347,2.484700000000001,1.0,3.0,0.0,,,
2093,C[N+]1(C2CC(CC1C3C2O3)OC(=O)[C@H](CO)c4ccccc4)[O-],319.35699999999997,0.9306999999999996,1.0,5.0,0.0,,,
2094,CN1c2ccccc2C(=O)N3C1(c4c(c5ccccc5[nH]4)CC3)O,319.3640000000001,2.4188000000000005,2.0,3.0,0.0,,,
2095,CC(=CC[C-]1C(=O)N(N(C1=O)c2ccccc2)c3ccccc3)C,319.38400000000007,3.216000000000002,0.0,4.0,0.0,,,
2096,CC(C)(C)c1ccc2c(c1)ccc(c2S(=O)(=O)[O-])C(C)(C)C,319.4460000000001,4.338900000000003,0.0,3.0,0.0,,,
2097,c1ccc(c(c1)C2CS/C(=C(/C#N)\n3ccnc3)/S2)Cl,319.842,4.407480000000001,0.0,5.0,0.0,,,
2098,C[NH+](C)CCCN1c2ccccc2Sc3c1cc(cc3)Cl,319.8810000000001,3.477300000000003,1.0,2.0,0.0,,,
2099,c1ccc(c(c1)C(c2ccc(cc2)Cl)C(Cl)Cl)Cl,320.04599999999994,5.929000000000001,0.0,0.0,1.0,,,
2100,C[NH+](C)CCC(c1ccc(cc1)Br)c2ccccn2,320.254,2.510600000000001,1.0,1.0,0.0,,,
2101,C[NH+](C)CC[C@@H](c1ccc(cc1)Br)c2ccccn2,320.254,2.510600000000001,1.0,1.0,0.0,,,
2102,c1cc2c(c3c1cc-4[n+](c3)CCc5c4cc6c(c5)OCO6)OCO2,320.32400000000007,2.807800000000001,0.0,4.0,0.0,,,
2103,CCn1cc(c(=O)c2c1nc(c(c2)F)N3CC[NH2+]CC3)C(=O)[O-],320.32400000000007,-1.6975999999999984,1.0,6.0,0.0,,,
2104,CC1CC(=NO1)C(=O)c2c[nH]c3c2cc(cn3)c4cccc(c4)N,320.3520000000001,3.1596,2.0,5.0,0.0,,,
2105,CCNC(=O)NCCCOc1cccc(c1)C[NH+]2CCCCC2,320.4570000000002,1.3434000000000004,3.0,2.0,0.0,,,
2106,C[C@@]12CCC(=O)C([C@H]1CC[C@]34[C@H]2CC[C@H](C3)[C@@](C4)(CO)O)(C)C,320.473,3.3216000000000028,2.0,3.0,0.0,,,
2107,C[N+]1(CC(CC(=C(c2cccs2)c3cccs3)C1)OC)C,320.50300000000016,4.106600000000004,0.0,3.0,0.0,,,
2108,C1CCN(CC1)C(=S)SSC(=S)N2CCCCC2,320.57400000000024,3.9094000000000033,0.0,4.0,0.0,,,
2109,c1ccc(c(c1)C2=NC(C(=O)Nc3c2cc(cc3)Cl)O)Cl,321.163,3.1013000000000015,2.0,3.0,0.0,,,
2110,c1c(cc(c(c1O)O)O)C(=O)Oc2cc(cc(c2O)O)C(=O)[O-],321.21700000000004,-0.20269999999999988,5.0,9.0,0.0,,,
2111,CC(=O)OCC(CCn1cnc2c1nc(nc2)N)COC(=O)C,321.33700000000016,0.5409999999999998,1.0,9.0,0.0,,,
2112,CC(=O)CC[C-]1C(=O)N(N(C1=O)c2ccccc2)c3ccccc3,321.35600000000005,2.2288999999999994,0.0,5.0,0.0,,,
2113,C[C@H]1CCC[C@@H](CCCCCc2cc(cc(c2C(=O)O1)[O-])O)O,321.39300000000003,2.658800000000002,2.0,5.0,0.0,,,
2114,CC[NH+](CC)CCNC(c1ccccc1)C(=O)OCCC(C)C,321.4850000000001,1.8313000000000006,2.0,3.0,0.0,,,
2115,CC[NH+](CC)CCCC(C)Nc1cc[nH+]c2c1ccc(c2)Cl,321.8960000000001,2.8125999999999998,2.0,1.0,0.0,,,
2116,c1cc(ccc1[C@H]([C@@H](CO)NC(=O)[C-](Cl)Cl)O)[N+](=O)[O-],322.124,1.0723899999999997,3.0,5.0,0.0,,,
2117,c1c(cc(c(c1O)O)O)C2C(C(c3c(cc(cc3O2)O)O)O)O,322.269,0.7426000000000001,7.0,8.0,1.0,,,
2118,CCOC(=O)c1ccc(cc1)OC(=O)CCCCC[NH+]=C(N)N,322.385,-0.316899999999997,3.0,4.0,0.0,,,
2119,CCCCCOc1ccc(cc1OCC)C2C(=O)[N-]C(=O)S2,322.406,4.462500000000004,0.0,5.0,0.0,,,
2120,CCOC(=O)C1(CC[NH+](CC1)CCOCCO)c2ccccc2,322.42499999999995,0.1751000000000021,2.0,4.0,0.0,,,
2121,CC1C2Cc3ccc(cc3C1(CC[NH+]2CCc4ccccc4)C)O,322.472,2.7420000000000013,2.0,1.0,0.0,,,
2122,C/C(=C/C[C@@H]1[C@]2(CCCC([C@@H]2[C@H]([C@@H]([C@@]1(C)O)O)O)(C)C)C)/C=C,322.48900000000015,3.4440000000000035,3.0,3.0,0.0,,,
2123,COC(=O)[C@H](c1ccccc1Cl)[NH+]2CCc3c(ccs3)C2,322.837,2.2568,1.0,3.0,0.0,,,
2124,CC1=C(C(=O)C(=C(C1=O)[NH+]2CC2)C(COC(=O)N)OC)[NH+]3CC3,323.34900000000005,-3.4263999999999966,3.0,5.0,0.0,,,
2125,CCCCc1c(=O)n(n(c1=O)c2ccc(cc2)O)c3ccccc3,,,,,,,,
2126,CC(=O)c1ccc(cc1)S(=O)(=O)[N-]C(=O)NC2CCCCC2,323.3940000000002,2.993900000000002,1.0,4.0,0.0,,,
2127,C/C=C\1/C2CC[NH+]3C1C4(CC3)c5ccccc5NC4=C2C(=O)OC,323.4160000000001,1.4139999999999993,2.0,3.0,0.0,,,
2128,C[NH+]1CC2(C3CC4C5(C2C1C3CO4)c6ccccc6NC5=O)C=C,323.41600000000005,0.6105000000000014,2.0,2.0,0.0,,,
2129,Cc1ccc(cc1)S(=O)(=O)[N-]C(=O)N[NH+]2CC3CCCC3C2,323.4180000000002,0.9968199999999998,2.0,3.0,0.0,,,
2130,Cc1cccc(c1)N(C)C(=S)Oc2ccc3c(c2)C4CCC3C4,323.4610000000001,5.159820000000004,0.0,2.0,1.0,,,
2131,c1ccc2c(c1)N(c3ccccc3S2)CC4C[NH+]5CCC4CC5,323.4850000000001,3.2140000000000013,1.0,2.0,0.0,,,
2132,CC[NH+](CC)CCCN(c1ccccc1)C2Cc3ccccc3C2,323.5040000000001,2.975200000000001,1.0,1.0,0.0,,,
2133,CCOC(=O)COc1ccc2c(=O)cc(oc2c1)c3ccccc3,324.332,3.401900000000002,0.0,5.0,0.0,,,
2134,c1cc2c(c3c1CC4c5cc6c(cc5CC[NH+]4C3)OCO6)OCO2,324.35600000000005,1.3824,1.0,4.0,0.0,,,
2135,CC(=CCc1c(ccc2c1OC(CC2=O)c3ccc(cc3)O)O)C,324.376,4.313000000000004,2.0,4.0,0.0,,,
2136,CC(=CCc1c(ccc(c1O)C(=O)/C=C/c2ccc(cc2)O)O)C,324.37600000000003,4.208200000000003,3.0,4.0,0.0,,,
2137,CC1(C=Cc2c(ccc3c2OC[C@H](C3)c4ccc(cc4O)O)O1)C,324.37600000000003,4.000700000000003,2.0,4.0,0.0,,,
2138,C/C=C/c1cc2c(c(c1)OC)OC([C@H]2C)c3ccc4c(c3)OCO4,324.3760000000001,4.694200000000004,0.0,4.0,0.0,,,
2139,Cc1c(=O)c2ccc(c(c2oc1c3ccccc3)C[NH+](C)C)OC,324.40000000000003,2.421520000000001,1.0,3.0,0.0,,,
2140,CC(C)(C)[NH2+]CC(COc1ccccc1OCC2CCCO2)O,324.44100000000014,1.346,2.0,4.0,0.0,,,
2141,CC(=O)OC1(CC[NH+](CC1)CCc2ccccc2)c3ccccc3,324.444,2.3664000000000005,1.0,2.0,0.0,,,
2142,CC[NH+]1CCCC(C1)OC(=O)C(c2ccccc2)c3ccccc3,324.4440000000001,2.4289000000000005,1.0,2.0,0.0,,,
2143,CCN(CC)C(=O)[C@H]1C[NH+]([C@@H]2Cc3c[nH]c4c3c(ccc4)C2=C1)C,324.44800000000004,1.4889000000000008,2.0,1.0,0.0,,,
2144,CC[C@]12CC(=C)[C@H]3[C@H]([C@@H]1CC[C@]2(C#C)O)CCC4=CC(=O)CC[C@H]34,324.46400000000006,4.048700000000003,1.0,2.0,0.0,,,
2145,CC[N+](CC)(CC)CCOC(=O)C(C1CCCC1)C2CCCC2,324.5290000000001,4.402700000000004,0.0,2.0,0.0,,,
2146,c1ccc(cc1)C2=NCC(=O)N(c3c2cc(cc3)Cl)CC4CC4,324.81100000000015,3.934000000000003,0.0,2.0,0.0,,,
2147,c1ccc(c(c1)/C=C/C(=O)[O-])O[C@H]2[C@@H]([C@H]([C@@H]([C@H](O2)CO)O)O)O,325.293,-2.3715999999999995,4.0,8.0,0.0,,,
2148,CC(C)[C@@H](C(=O)OCCOCn1cnc2c1nc([nH]c2=O)N)[NH3+],325.34900000000005,-1.5143999999999975,3.0,8.0,0.0,,,
2149,c1ccc2c(c1)c(c[nH]2)C(=O)OC3C[C@H]4CC5CC(C3)[NH+]4CC5=O,325.38800000000003,1.1018999999999997,2.0,3.0,0.0,,,
2150,C[NH+](C)CCCC1(c2ccc(cc2CO1)C#N)c3ccc(cc3)F,325.407,2.39588,1.0,2.0,0.0,,,
2151,C[NH+](C)CCC[C@@]1(c2ccc(cc2CO1)C#N)c3ccc(cc3)F,325.407,2.39588,1.0,2.0,0.0,,,
2152,Cc1cc(c(c(c1/C=C/C(=C/C=C/C(=C/C(=O)[O-])/C)/C)C)C)OC,325.4280000000001,3.832360000000002,0.0,3.0,0.0,,,
2153,C/C=C\1/C[NH+]2[C@H]3Cc4c5cc(ccc5[nH]c4[C@@H]2C[C@@H]1[C@H]3CO)OC,325.4320000000001,1.6154999999999997,3.0,2.0,0.0,,,
2154,COc1ccc2c(c1)c(ccn2)[C@H]([C@@H]3C[C@@H]4CC[NH+]3C[C@@H]4C=C)O,325.4320000000001,1.7560999999999996,2.0,3.0,0.0,,,
2155,COc1ccc2c(c1)c(ccn2)[C@@H]([C@H]3C[C@@H]4CC[NH+]3C[C@@H]4C=C)O,325.4320000000001,1.7560999999999996,2.0,3.0,0.0,,,
2156,CC1([C@@H](N2[C@H](S1)[C@@H](C2=O)/[NH+]=C/N3CCCCCC3)C(=O)[O-])C,325.4340000000001,-1.847899999999996,1.0,4.0,0.0,,,
2157,CC[NH2+][C@H]1C[C@@H](S(=O)(=O)c2c1cc(s2)S(=O)(=O)N)C,325.45700000000005,-0.41419999999999835,2.0,5.0,0.0,,,
2158,CCC(=O)N(CC(C)[NH+](C)CCc1ccccc1)c2ccccc2,325.476,2.575500000000001,1.0,1.0,0.0,,,
2159,CC[N+](CC)(Cc1ccccc1)CC(=O)Nc2c(cccc2C)C,325.47600000000006,4.298740000000003,1.0,1.0,0.0,,,
2160,CCC1Nc2cc(c(cc2S(=O)(=O)N1)S(=O)(=O)N)Cl,325.7990000000001,0.42730000000000024,3.0,5.0,0.0,,,
2161,COc1ccc(cc1OC)/C=C/C(=O)Nc2ccccc2C(=O)[O-],326.3280000000001,1.7191999999999996,1.0,5.0,0.0,,,
2162,COc1ccc2c(c1O)C[NH+]3CCc4cc5c(cc4C3C2)OCO5,326.37200000000007,1.3678999999999997,2.0,4.0,0.0,,,
2163,C[NH+]1CCc2cc3c(c-4c2C1Cc5c4c(c(cc5)OC)O)OCO3,326.37200000000007,1.4645,2.0,4.0,0.0,,,
2164,C[NH+]1CCc2cc(c(c-3c2[C@@H]1Cc4c3cc5c(c4)OCO5)O)OC,326.37200000000007,1.4645,2.0,4.0,0.0,,,
2165,C[NH+]1CC[C@]23C=C(C(=O)C=C2[C@H]1Cc4c3cc5c(c4)OCO5)OC,326.37200000000007,0.5356000000000007,1.0,4.0,0.0,,,
2166,C/C(=C\C=C\C=C(/C)\C=C\C=C(\C)/C(=O)[O-])/C=C/C=C(\C)/C(=O)[O-],326.3920000000001,1.9399999999999997,0.0,4.0,0.0,,,
2167,C[NH+]1CCCC(C1)OC(=O)C(c2ccccc2)(c3ccccc3)O,326.416,1.1428000000000007,2.0,3.0,0.0,,,
2168,C[C@@H](CO)NC(=O)[C@H]1C[NH+]([C@@H]2Cc3c[nH]c4c3c(ccc4)C2=C1)C,326.42,0.11750000000000238,4.0,2.0,0.0,,,
2169,c1ccc2c(c1)CCCN3C2CN(CC3=O)C(=O)C4CCCCC4,326.44000000000017,2.9250000000000016,0.0,2.0,0.0,,,
2170,CC(C)[NH2+]CC(COc1ccc(cc1)COCCOC(C)C)O,326.45700000000005,1.3397000000000006,2.0,4.0,0.0,,,
2171,CC[NH+](CC)CCOc1ccccc1C(=O)CCc2ccccc2,326.46000000000004,2.805600000000001,1.0,2.0,0.0,,,
2172,CC(C(c1ccc(cc1)O)O)[NH+]2CCC(CC2)Cc3ccccc3,326.46,2.3517,3.0,2.0,0.0,,,
2173,Cc1ccccc1N2CC[NH+](CC2)CCc3nnc4n3CCCC4,326.46800000000013,0.8704200000000006,1.0,4.0,0.0,,,
2174,Cc1ccc(c(c1)[C@H](CC[NH+](C(C)C)C(C)C)c2ccccc2)O,326.504,3.924320000000003,2.0,1.0,0.0,,,
2175,c1cc(ccc1NC(=O)c2cc(ccc2O)Br)Cl,326.577,4.060400000000002,2.0,2.0,0.0,,,
2176,CCCCCCCCCCCCCCCCCCCCCCO,326.60900000000004,7.800600000000008,1.0,1.0,1.0,,,
2177,Cc1[nH+]cc2n1-c3ccc(cc3C(=NC2)c4ccccc4F)Cl,326.78200000000004,3.7433200000000024,0.0,2.0,0.0,,,
2178,c1ccc2c(c1)nc(n2Cc3ccc(cc3)Cl)C[NH+]4CCCC4,326.8510000000001,2.9167000000000014,1.0,2.0,0.0,,,
2179,c1cc(c(cc1[N+](=O)[O-])Cl)NC(=O)c2cc(ccc2O)Cl,327.12300000000005,3.859500000000001,2.0,4.0,0.0,,,
2180,CN(c1ccc(cc1)OC(=O)c2ccco2)C(=O)[C-](Cl)Cl,327.1429999999999,3.4286900000000022,0.0,4.0,0.0,,,
2181,c1ccc\2c(c1)C=CC(=O)/C2=N/Nc3ccc(cc3)S(=O)(=O)[O-],327.34100000000007,2.0027999999999997,1.0,6.0,0.0,,,
2182,CC(C)[NH2+]CC(COc1cccc2c1OCC(C2)O[N+](=O)[O-])O,327.357,-0.0900999999999989,2.0,6.0,0.0,,,
2183,CC[C@H]1[C@@H]2C[C@H]3[C@H]4[C@@]5(C[C@@H](C2[C@H]5O)[NH+]3[C@@H]1O)c6ccccc6N4C,327.4480000000001,0.1374000000000013,3.0,3.0,0.0,,,
2184,CC[C@]12CC[C@H]3[C@H]([C@@H]1CC[C@]2(C#C)O)CCC4=C/C(=N/O)/CC[C@H]34,327.468,4.1437000000000035,2.0,3.0,0.0,,,
2185,CC(CN1c2ccccc2Sc3c1cc(cc3)C(=O)C)[NH+](C)C,327.473,3.0249000000000015,1.0,3.0,0.0,,,
2186,CO[C@@H]1[C@@H]([C@H]([C@@H]([C@H](O1)CNC(=O)N(CCCl)N=O)O)O)O,327.721,-1.6277999999999992,4.0,8.0,0.0,,,
2187,c1nc(c2c(n1)n(cn2)[C@H]3[C@@H]([C@H]4[C@H](O3)COP(=O)(O4)[O-])O)N,328.2010000000001,-1.4493999999999994,2.0,11.0,1.0,,,
2188,c1cc(c(cc1C(F)(F)F)[N+](=O)[O-])C(=O)[C-]2C(=O)CCCC2=O,328.22200000000015,2.692890000000001,0.0,5.0,0.0,,,
2189,COc1c(cc2c(c1O)[C@H]3[C@@H]([C@H]([C@@H]([C@H](O3)CO)O)O)OC2=O)O,328.2730000000001,-1.2006000000000006,5.0,9.0,0.0,,,
2190,COc1cc2c(c3c1c4c(c(=O)o3)C(=O)OCC4)C5C=COC5O2,328.276,1.8605,0.0,7.0,0.0,,,
2191,CC(=O)OC[C@H]1[C@@H]([C@H]([C@@H]([C@H](O1)Oc2ccccc2CO)O)O)O,328.31700000000006,-1.0716000000000003,4.0,8.0,0.0,,,
2192,CC(=O)c1ccc(cc1O[C@H]2[C@@H]([C@H]([C@@H]([C@H](O2)CO)O)O)O)OC,328.317,-0.9235000000000002,4.0,8.0,0.0,,,
2193,C[C@@H]1C[C@H]([C@]2([C@@]13C[C@H]([C@]([C@@]24COC4=O)(C)O)OC(=O)[C@@H]3O)O)O,328.317,-1.9111999999999987,4.0,8.0,0.0,,,
2194,CC(=CCC(C1=CC(=O)c2c(ccc(c2C1=O)[O-])[O-])OC(=O)C)C,328.32000000000005,1.4271999999999996,0.0,6.0,0.0,,,
2195,CC(CCc1ccc(cc1)O)O[C@H]2[C@@H]([C@H]([C@@H]([C@H](O2)CO)O)O)O,328.36100000000005,-0.4702000000000002,5.0,7.0,0.0,,,
2196,CC(C)C(=O)OC(C)OC(=O)NCC1(CCCCC1)CC(=O)[O-],328.3850000000001,1.3482999999999998,1.0,6.0,0.0,,,
2197,COc1cc2c3c(c1OC)-c4cc(c(cc4C[C@@H]3[NH2+]CC2)O)OC,328.3880000000001,1.8016999999999996,2.0,4.0,0.0,,,
2198,COc1cc2c(cc1O)C3Cc4cc(c(cc4C[NH+]3CC2)OC)O,328.3880000000001,1.3534,3.0,4.0,0.0,,,
2199,C[NH+]1CC[C@]23C=C(C(=O)C=C2[C@H]1Cc4c3c(c(cc4)OC)O)OC,328.38800000000003,0.5211000000000006,2.0,4.0,0.0,,,
2200,COc1ccc2c(c1O)C[NH+]3CCc4cc(c(cc4C3C2)O)OC,328.38800000000003,1.3533999999999995,3.0,4.0,0.0,,,
2201,C[NH+]1CCC23C=C(C(=O)C=C2C1Cc4c3cc(c(c4)O)OC)OC,328.38800000000003,0.5211000000000006,2.0,4.0,0.0,,,
2202,COc1cc2c(cc1O)C3Cc4ccc(c(c4C[NH+]3CC2)OC)O,328.3880000000001,1.3533999999999995,3.0,4.0,0.0,,,
2203,C=CC[NH+]1CC[C@]23c4c5ccc(c4O[C@H]2C(=O)CC[C@]3([C@H]1C5)O)O,328.38800000000003,-0.11570000000000069,3.0,4.0,0.0,,,
2204,CC(C)C1=CC2=CC=C3[C@](CC2=C(C1=O)O)(OC(=O)CC3(C)C)C,328.4080000000001,3.951900000000003,1.0,4.0,0.0,,,
2205,c1ccnc(c1)N2CC[NH+](CC2)CCCC(=O)c3ccc(cc3)F,328.41099999999994,1.5886999999999998,1.0,3.0,0.0,,,
2206,CCOC(c1ccccc1)(c2ccccc2)C(=O)OCC[NH+](C)C,328.4320000000001,1.6543999999999996,1.0,3.0,0.0,,,
2207,CN(c1cccc(n1)OC)C(=S)Oc2ccc3c(c2)CCCC3,328.4370000000002,3.7691000000000026,0.0,4.0,0.0,,,
2208,CC1=C(C(=O)C[C@@H]1OC(=O)[C@@H]2[C@H](C2(C)C)C=C(C)C)C/C=C/C=C,328.4520000000001,4.558200000000005,0.0,3.0,0.0,,,
2209,CCOCC(COc1ccc(cc1)NC(=O)CC[S+](C)C)O,328.454,1.6692999999999998,2.0,4.0,0.0,,,
2210,c1cc2c(cc1O)[C@@]34CCCC[C@]3([C@@H](C2)[NH+](CC4)CC5CCC5)O,328.47600000000006,1.9484999999999997,3.0,2.0,0.0,,,
2211,CCCCCCc1cc(c2c(c1)OC(C3=C2CC(CC3)C)(C)C)O,328.49600000000004,6.259600000000007,1.0,2.0,1.0,,,
2212,C[C@]12CC[C@H]3[C@H]([C@@H]1CC[C@]2(C)O)CC[C@@H]4[C@@]3(Cc5cn[nH]c5C4)C,328.5,4.118100000000004,2.0,2.0,0.0,,,
2213,CCCCCCCCCCCCCCCCCC(=O)OCCO,328.53700000000003,5.7834000000000065,1.0,3.0,1.0,,,
2214,c1ccc(cc1)c2nc(c(s2)CC(=O)[O-])c3ccc(cc3)Cl,328.79999999999995,3.422900000000002,0.0,4.0,0.0,,,
2215,c1c2c(cc(c1Cl)S(=O)(=O)N)C(=O)N(C2)C3CCCCC3,328.8210000000002,2.275900000000001,1.0,3.0,0.0,,,
2216,C[NH+]1CCN(CC1)C2=[NH+]c3cc(ccc3Nc4c2cccc4)Cl,328.847,0.3862000000000017,3.0,2.0,0.0,,,
2217,c1ccc2c(c1)CCc3cc(cc(c3C2n4ccnc4)Cl)Cl,329.23,4.926200000000002,0.0,2.0,0.0,,,
2218,COc1cc(cc(c1O)OC)c2cc(=O)c3c(cc(cc3o2)O)[O-],329.28400000000005,1.9620000000000002,2.0,7.0,0.0,,,
2219,C[C@H](CCc1ccccc1)[NH2+]C[C@@H](c2ccc(c(c2)C(=O)N)O)O,329.42,1.1092000000000002,4.0,3.0,0.0,,,
2220,CC(CCc1ccccc1)[NH2+]CC(c2ccc(c(c2)C(=O)N)O)O,329.42,1.1092000000000002,4.0,3.0,0.0,,,
2221,C[C@]12CC[C@H]3[C@H]([C@@H]1CC[C@@H]2O)CC[C@]45[C@@]3(CC(=C([C@H]4O5)O)C#N)C,329.44,3.4668800000000015,2.0,4.0,0.0,,,
2222,CC[NH+](CC)CCNC(=O)c1cc(ccc1OC)S(=O)(=O)C,329.44200000000006,-0.2467999999999988,2.0,4.0,0.0,,,
2223,C[C@@H](CN1c2ccccc2Sc3c1cc(cc3)OC)C[NH+](C)C,329.48900000000003,3.078500000000002,1.0,3.0,0.0,,,
2224,c1cc(oc1)CNc2cc(c(cc2C(=O)[O-])S(=O)(=O)N)Cl,329.741,0.556,2.0,6.0,0.0,,,
2225,C[C@@H]1C[NH+]2CC(=O)Nc3ccc(cc3[C@@]2(O1)c4ccccc4)Cl,329.807,1.7968000000000002,2.0,2.0,0.0,,,
2226,C[NH+]1CCN(CC1)C2=[NH+]c3ccccc3Oc4c2cc(cc4)Cl,329.831,0.43490000000000145,2.0,2.0,0.0,,,
2227,Cc1cc(c2ccccc2c1OP(=O)([O-])[O-])OP(=O)([O-])[O-],330.125,-0.43678000000000083,0.0,8.0,0.0,,,
2228,COC(=O)c1ccc(c(c1)O[C@H]2[C@@H]([C@H]([C@@H]([C@H](O2)CO)O)O)O)O,330.289,-1.6425000000000003,5.0,9.0,0.0,,,
2229,CC(c1ccc(c(c1)F)c2ccccc2)C(=O)OC(C)OC(=O)C,330.35500000000013,4.048500000000003,0.0,4.0,0.0,,,
2230,CCOC(=O)CC(C(=O)OCC)SP(=S)(OC)OC,330.36400000000003,2.1218000000000004,0.0,8.0,0.0,,,
2231,c1cc(ccc1[C@@H]2CC[NH2+]C[C@H]2COc3ccc4c(c3)OCO4)F,330.379,2.3003,1.0,3.0,0.0,,,
2232,C[NH+]1CCc2cc(c(cc2C1Cc3ccc(c(c3)O)OC)O)OC,330.40400000000005,1.4695999999999998,3.0,4.0,0.0,,,
2233,C[NH+]1CC[C@@]23CC(=O)C(=C[C@@H]2[C@@H]1Cc4c3c(c(cc4)OC)O)OC,330.40400000000005,0.6010000000000004,2.0,4.0,0.0,,,
2234,CC(=O)[C@]1(CC[C@@H]2[C@@]1(CC[C@H]3[C@H]2CCC4=CC(=O)CC[C@]34C)C)O,330.4680000000001,3.838400000000003,1.0,3.0,0.0,,,
2235,C[C@]12CC[C@H]3[C@H]([C@@H]1CC[C@]2(C)O)CC[C@@H]4[C@@]3(Cc5c(non5)C4)C,330.47200000000004,3.778000000000003,1.0,4.0,0.0,,,
2236,CC(Cc1ccccc1)[NH2+]CCC(c2ccccc2)c3ccccc3,330.495,4.4032000000000036,1.0,0.0,0.0,,,
2237,CCOC(=O)[C@@]1(CCC[C@]2(C1CC=C3C2CCC(=C3)C(C)C)C)C,330.51200000000006,5.6847000000000065,0.0,2.0,1.0,,,
2238,C[N+]12CCCCC1CCC(=C(c3cccs3)c4cccs4)C2,330.5420000000001,5.404400000000005,0.0,2.0,1.0,,,
2239,CC(=CCC/C(=C/CC/C(=C/CC/C(=C/CCC(=O)C)/C)/C)/C)C,330.55600000000004,7.501300000000007,0.0,1.0,1.0,,,
2240,CC1C2CCC3C2(CCC4C3CC=C5C4(CC[C@@H](C5)[NH3+])C)C[NH+]1C,330.56000000000006,2.0728000000000013,2.0,0.0,0.0,,,
2241,c1ccc(cc1)C(c2ccc(cc2)Cl)OCC[NH+]3CCCCC3,330.87900000000013,3.514800000000001,1.0,1.0,0.0,,,
2242,c1c(c(cc2c1NCNS2(=O)=O)S(=O)(=O)N)C(F)(F)F,331.29699999999997,0.014100000000000168,3.0,5.0,0.0,,,
2243,c1c2c(cc(c1F)N3CC[NH2+]CC3)n(cc(c2=O)C(=O)[O-])C4CC4,331.3470000000001,-0.7776000000000001,1.0,5.0,0.0,,,
2244,CN1C(=C(c2ccccc2S1(=O)=O)O)C(=O)Nc3ccccn3,331.353,1.5810000000000002,2.0,5.0,0.0,,,
2245,C[C@]12CC[C@H]3[C@H]([C@@H]1CC[C@]2(C)O)CC[C@@H]4[C@@]3(C/C(=C/[O-])/C(=O)C4)C,331.47600000000006,3.2033000000000014,1.0,3.0,0.0,,,
2246,C[NH+](C)C(CN(Cc1ccccc1)c2ccccc2)c3ccccc3,331.4830000000001,3.5790000000000033,1.0,1.0,0.0,,,
2247,c1c(cc(c(c1O)O)O)C(=O)O[C@H]2[C@@H]([C@H]([C@@H]([C@H](O2)CO)O)O)O,332.261,-2.2399,7.0,10.0,1.0,,,
2248,c1ccc2c(c1)C(=O)OC23c4ccc(cc4Oc5c3ccc(c5)O)O,332.311,3.6658000000000026,2.0,5.0,0.0,,,
2249,CC(=O)N[C@@H]1[C@H](C=C(O[C@H]1[C@@H]([C@@H](CO)O)O)C(=O)[O-])[NH+]=C(N)N,332.3130000000001,-7.039600000000002,7.0,7.0,1.0,,,
2250,CC(Cc1ccc2c(c1)OCO2)[NH2+]CC(c3ccc(c(c3)O)O)O,332.376,1.0544999999999995,4.0,5.0,0.0,,,
2251,C[C@@]12CC[C@H]([C@@]([C@H]1CCC(=C)[C@H]2C/C=C/3\C=COC3=O)(C)CO)O,332.44000000000005,3.115400000000003,2.0,4.0,0.0,,,
2252,CC(C)[N+]1([C@@H]2CC[C@@H]1CC(C2)OC(=O)C(CO)c3ccccc3)C,332.464,2.8541000000000016,1.0,3.0,0.0,,,
2253,C[NH+](C)CCOC1=Cc2ccccc2Sc3c1cc(cc3)Cl,332.8760000000001,3.4638000000000027,1.0,2.0,0.0,,,
2254,c1cc(c(c(c1)C(=O)c2ccc(cc2)Br)N)CC(=O)[O-],333.1610000000001,1.5546999999999993,1.0,4.0,0.0,,,
2255,CCn1cc(c(=O)c2c1cc(c(c2)F)N3CC[NH+](CC3)C)C(=O)[O-],333.36300000000017,-1.1412999999999982,1.0,5.0,0.0,,,
2256,*C(=O)[C@H](CCCCNC(=O)OCCOC)NC(=O)OCCOC,333.36100000000016,0.34640000000000093,2.0,7.0,0.0,,,
2257,CC1([C@@H](N2[C@H](S1)[C@@H](C2=O)NC(=O)Cc3ccccc3)C(=O)[O-])C,333.38900000000007,-0.4739000000000002,1.0,5.0,0.0,,,
2258,CCCN(CCC)C(=O)C(CCC(=O)[O-])NC(=O)c1ccccc1,333.408,0.9637000000000004,1.0,4.0,0.0,,,
2259,CN/C(=C\[N+](=O)[O-])/[NH2+]CCSCc1csc(n1)C[NH+](C)C,333.48300000000006,-1.120799999999997,3.0,6.0,0.0,,,
2260,c1ccc2c(c1)c(c(c(=O)o2)Cc3c(c4ccccc4oc3=O)[O-])[O-],334.2830000000001,1.6374,0.0,6.0,0.0,,,
2261,CC(C)([C@@H](COc1c2c(ccc(=O)o2)c(c3c1occ3)OC)O)O,334.324,2.0584000000000007,2.0,7.0,0.0,,,
2262,Cc1c2cc3c(cc2c[n+]4c1-c5cc6c(cc5CC4)OCO6)OCO3,334.3510000000001,3.116220000000002,0.0,4.0,0.0,,,
2263,C[C@@H]1CC(=O)[C@]2([C@@H](O1)O[C@@H]3[C@H]([C@@H]([C@@H]([C@@H]([C@H]3O2)[NH2+]C)O)[NH2+]C)O)O,334.369,-4.977999999999995,5.0,7.0,0.0,,,
2264,C[NH+]1CC[C@]23C[C@@H](CC[C@]2([C@H]1Cc4c3c(c(cc4)OC)OC)O)O,334.43600000000004,0.06060000000000143,3.0,4.0,0.0,,,
2265,CC[NH+](CC)CCOCCOC(=O)C1(CCCC1)c2ccccc2,334.47999999999996,1.9829,1.0,3.0,0.0,,,
2266,CCCCCCCCCCCC[N+](C)(C)CCOc1ccccc1,334.568,6.062700000000007,0.0,1.0,1.0,,,
2267,CC(COc1ccc(cc1)C(C)(C)C)OS(=O)OCCCl,334.865,3.6021000000000027,0.0,4.0,0.0,,,
2268,CN1c2ccc(cc2C(=NC(C1=O)O)c3ccccc3Cl)Cl,335.18999999999994,3.125600000000002,1.0,3.0,0.0,,,
2269,C[NH+](C)CCOC(c1ccccc1)c2ccc(cc2)Br,335.265,2.699600000000001,1.0,1.0,0.0,,,
2270,c1ccc2c(c1)C34CC[NH+]5C3CC(/C(=C/CO)/C5)C6=CCC(=O)N2C46,335.4270000000001,0.5790999999999997,2.0,2.0,0.0,,,
2271,c1ccc2c(c1)[C@]34CC[NH+]5[C@H]3C[C@@H]6[C@@H]7[C@@H]4N2C(=O)C[C@@H]7OCC=C6C5,335.42700000000013,0.6753999999999996,1.0,2.0,0.0,,,
2272,C[n+]1ccc2cc(c(c-3c2c1C(=O)c4c3cc5c(c4)OCO5)O)OC,336.3230000000001,2.3186,1.0,5.0,0.0,,,
2273,CC1=C(C(=O)C2=C(C1=O)[NH+]3C[C@H]4[C@@H]([C@@]3([C@@H]2COC(=O)N)OC)N4)[NH3+],336.348,-3.7850999999999972,4.0,6.0,0.0,,,
2274,COc1ccc2cc-3[n+](cc2c1OC)CCc4c3cc5c(c4)OCO5,336.3670000000001,3.096300000000001,0.0,4.0,0.0,,,
2275,CN1/C(=C(/Nc2ccccn2)\[O-])/C(=O)c3c(ccs3)S1(=O)=O,336.374,0.6013999999999997,1.0,7.0,0.0,,,
2276,CC1(C(=C(C(=O)O1)OCC2CC2)c3ccc(cc3)S(=O)(=O)C)C,336.40900000000005,2.563200000000001,0.0,5.0,0.0,,,
2277,C[C@]12CCC(=O)C=C1CC[C@@H]3[C@@]2([C@H](C[C@]4([C@H]3CC[C@]4(C)O)C)O)F,336.447,3.3322000000000025,2.0,3.0,0.0,,,
2278,CC[C@H]1C[NH+]2CCc3c(cc(c(c3O)OC)OC)[C@@H]2C[C@@H]1CCO,336.4520000000001,1.3199999999999998,3.0,4.0,0.0,,,
2279,C[NH+]1[C@H](CCC[C@H]1CC(=O)c2ccccc2)CC(=O)c3ccccc3,336.45500000000004,2.9682000000000013,1.0,2.0,0.0,,,
2280,CNS(=O)(=O)CCc1ccc2c(c1)c(c[nH]2)C3CC[NH+](CC3)C,336.4810000000002,0.6517000000000002,3.0,2.0,0.0,,,
2281,C[NH+](C)CCc1c[nH]c2c1cc(cc2)CS(=O)(=O)N3CCCC3,336.48100000000017,0.7805000000000006,2.0,2.0,0.0,,,
2282,CCC(CC)(c1ccccc1)C(=O)OCCOCC[NH+](CC)CC,336.4960000000001,2.2288999999999994,1.0,3.0,0.0,,,
2283,CCC(=O)C(CC[NH+]1CCCCC1)(c2ccccc2)c3ccccc3,336.499,3.410700000000001,1.0,1.0,0.0,,,
2284,C1CC2(C1)C(=O)O[Pt]OC2=O,337.18800000000005,0.16920000000000002,0.0,4.0,0.0,,,
2285,c1cc(ccc1/C=C/C(=O)O[C@H]2C[C@@](C[C@@H]([C@@H]2O)O)(C(=O)[O-])O)O,337.30400000000003,-1.6862000000000004,4.0,8.0,0.0,,,
2286,CCCCOC(=O)c1ccccc1Nc2cccc(c2)C(F)(F)F,337.341,5.405900000000003,1.0,3.0,1.0,,,
2287,CC(=O)NC[C@H]1CN(C(=O)O1)c2ccc(c(c2)F)N3CCOCC3,337.35100000000017,1.1235999999999995,1.0,5.0,0.0,,,
2288,C[NH+](C)CC/C=C\1/c2ccccc2COc3c1cc(cc3)CC(=O)[O-],337.4190000000001,0.8376999999999994,1.0,3.0,0.0,,,
2289,CCCC(=O)Nc1ccc(c(c1)C(=O)C)OCC(C[NH2+]C(C)C)O,337.44000000000005,1.3392999999999995,3.0,4.0,0.0,,,
2290,CC1C23CC(C14C5(C2[NH+](CC5)CC=C3)c6ccccc6N4)C(=O)OC,337.44300000000004,1.1446999999999996,2.0,3.0,0.0,,,
2291,C[C@]12CC[C@H]3[C@H]([C@@H]1CC[C@]2(C#C)O)CCC4=Cc5c(cno5)C[C@]34C,337.4630000000001,4.221000000000004,1.0,3.0,0.0,,,
2292,CCC(=O)N(c1ccccc1)C2CC[NH+](CC2)CCc3ccccc3,337.487,2.7196000000000007,1.0,1.0,0.0,,,
2293,CC(Cc1ccccc1)[NH+]2CCC(CC2)N(c3ccccc3)C(=O)C,337.487,2.718000000000001,1.0,1.0,0.0,,,
2294,CCCCCCCC/C=C\CCCCCCCCCCCC(=O)[O-],337.5680000000001,6.334200000000006,0.0,2.0,1.0,,,
2295,CC[NH+](CCCC(C)Nc1cc[nH+]c2c1ccc(c2)Cl)CCO,337.89500000000015,1.7849999999999993,3.0,2.0,0.0,,,
2296,C(C(C(C(F)(F)F)(F)F)(F)F)(C(C(F)(F)F)(F)F)(F)F,338.03799999999995,4.6522,0.0,0.0,0.0,,,
2297,C(c1c(c(sc1C(=O)[O-])N(CC(=O)[O-])CC(=O)[O-])C#N)C(=O)[O-],338.25300000000004,-5.418119999999998,0.0,11.0,1.0,,,
2298,CC(=O)OCC1=C(N2[C@@H]([C@@H](C2=O)NC(=O)CC#N)SC1)C(=O)[O-],338.3210000000001,-2.1329199999999977,1.0,8.0,0.0,,,
2299,COc1ccc(cc1)c2c(onc2c3ccc(cc3)OC)CC(=O)[O-],338.3390000000001,2.3182,0.0,6.0,0.0,,,
2300,COc1cc2c(cc1OC)-c3cc4ccc(c(c4c[n+]3CC2)OC)O,338.3830000000001,3.0818000000000016,1.0,4.0,0.0,,,
2301,COc1ccc2cc-3[n+](cc2c1OC)CCc4c3cc(c(c4)O)OC,338.38300000000004,3.081800000000001,1.0,4.0,0.0,,,
2302,COc1ccc2cc-3[n+](cc2c1OC)CCc4c3cc(c(c4)OC)O,338.38300000000004,3.0818000000000016,1.0,4.0,0.0,,,
2303,CC(=CCC/C(=C/COc1c2ccc(=O)oc2cc3c1cco3)/C)C,338.4030000000001,5.610700000000005,0.0,4.0,1.0,,,
2304,CC(=CCc1cc2c(cc1OC)OC(CC2=O)c3ccc(cc3)O)C,338.403,4.616000000000005,1.0,4.0,0.0,,,
2305,Cc1nc(c(o1)c2ccc(c(c2)F)S(=O)(=O)N)C3CCCCC3,338.40400000000017,3.4842200000000023,1.0,4.0,0.0,,,
2306,C/C=C(\C)/C(=O)O[C@@H]1CC[NH+]2[C@@H]1[C@H](CC2)COC(=O)/C(=C\C)/CO,338.42400000000004,0.02330000000000193,2.0,5.0,0.0,,,
2307,CCCCOCCOCCOCc1cc2c(cc1CCC)OCO2,338.44400000000013,3.7177000000000024,0.0,5.0,0.0,,,
2308,CC1=C(C(=O)C(=C(C1=O)OC)OC)CCCCCCCCCCO,338.44400000000013,3.462300000000003,1.0,5.0,0.0,,,
2309,c1c(nc(s1)[NH+]=C(N)N)CSCCC(=NS(=O)(=O)N)N,338.46400000000006,-2.6873999999999985,5.0,5.0,0.0,,,
2310,C[NH+]1[C@@H](CCC[C@@H]1CC(=O)c2ccccc2)C[C@@H](c3ccccc3)O,338.47100000000006,2.8189000000000006,2.0,2.0,0.0,,,
2311,C[N+]1(CCCCC1)CC2COC(O2)(c3ccccc3)c4ccccc4,338.47100000000006,3.933600000000003,0.0,2.0,0.0,,,
2312,CCC(C1C=CCC2[NH+]1CCCN(CCCCNC(=O)C2)C=O)O,338.47200000000004,-0.5120999999999973,3.0,3.0,0.0,,,
2313,c1ccc2c(c1)C(=O)NC2(c3ccc(c(c3)S(=O)(=O)N)Cl)O,338.772,0.9242000000000001,3.0,4.0,0.0,,,
2314,c1nc2c(n1/C=C\3/CC3(CCP(=O)([O-])[O-])CO)[nH]c(nc2=O)N,339.248,-1.7710999999999983,3.0,9.0,0.0,,,
2315,CC1(O[C@@H]2CO[C@@]3([C@H]([C@@H]2O1)OC(O3)(C)C)COS(=O)(=O)N)C,339.36600000000004,-0.3953999999999982,1.0,8.0,0.0,,,
2316,COc1ccc(cc1OC)Cc2c3cc(c(cc3ccn2)OC)OC,339.3910000000001,3.860000000000004,0.0,5.0,0.0,,,
2317,C/C=C\1/C[NH2+][C@H]2Cc3c4ccccc4[nH]c3C(=O)C[C@@H]1[C@@H]2C(=O)OC,339.4150000000001,1.5940999999999992,2.0,3.0,0.0,,,
2318,C[C@H]([C@@H]1[C@H]2CC(=C(N2C1=O)C(=O)[O-])S[C@H]3CCN(C3)C(=[NH2+])C)O,339.4170000000001,-2.4555999999999956,2.0,5.0,0.0,,,
2319,C(C[Ge](=O)O[Ge](=O)CCC(=O)O)C(=O)O,339.35900000000004,-0.21020000000000044,2.0,5.0,0.0,,,
2320,CC(C[NH+]1CCOCC1)C(c2ccccc2)(c3ccccc3)C(=O)[O-],339.4350000000001,0.2738000000000018,1.0,3.0,0.0,,,
2321,CCN(CC)C(=O)N[C@@H]1C[NH+]([C@@H]2Cc3c[nH]c4c3c(ccc4)C2=C1)C,339.4630000000001,1.4243000000000008,3.0,1.0,0.0,,,
2322,C[C@@H]1CCC[C@@H]([NH+]1CCCC(c2ccccc2)(c3ccccn3)O)C,339.50300000000004,2.943500000000001,2.0,2.0,0.0,,,
2323,CCCCCCCCCC/C=C/Cc1cccc2c1n(ccc2=O)C,339.5230000000001,6.168000000000007,0.0,2.0,1.0,,,
2324,CCCCCCCCCCCCCCCCCCCCCC(=O)[O-],339.58400000000006,6.5582000000000065,0.0,2.0,1.0,,,
2325,c1ccc(cc1)[Hg]O[N+](=O)[O-],339.70000000000005,0.5176999999999998,0.0,3.0,0.0,,,
2326,COc1cccc2c1cc(c3c2c4c(cc3C(=O)[O-])OCO4)[N+](=O)[O-],340.26700000000005,2.002,0.0,7.0,0.0,,,
2327,c1cc(=O)oc2c1cc(c(c2)O)O[C@H]3[C@@H]([C@H]([C@@H]([C@H](O3)CO)O)O)O,340.2840000000001,-1.3227000000000004,5.0,9.0,0.0,,,
2328,COc1c2c3c(c4c1OCO4)-c5cc6c(cc5CC3[NH2+]CC2)OCO6,340.35500000000013,1.5362999999999998,1.0,5.0,0.0,,,
2329,COc1cc2c(cc1OC)C3Cc4ccc5c(c4C[NH+]3CC2)OCO5,340.3990000000001,1.6708999999999998,1.0,4.0,0.0,,,
2330,C[N+]1(CCCC(C1)OC(=O)C(c2ccccc2)(c3ccccc3)O)C,340.44300000000004,2.7045000000000012,1.0,3.0,0.0,,,
2331,CC[NH+]1CCCC(C1)OC(=O)C(c2ccccc2)(c3ccccc3)O,340.44300000000004,1.5329000000000006,2.0,3.0,0.0,,,
2332,c1ccc(cc1)C(c2ccccc2)(C(=O)OCC[NH+]3CCCCC3)O,340.44300000000015,1.534499999999999,2.0,3.0,0.0,,,
2333,C=C1CC[C@]2([C@H]3Cc4ccc(c5c4[C@]2([C@H]1O5)CC[NH+]3CC6CC6)O)O,340.4430000000001,1.0954000000000004,3.0,3.0,0.0,,,
2334,CC[N+](C)(CC)CCOC(=O)C1c2ccccc2Oc3c1cccc3,340.4430000000001,3.953800000000003,0.0,3.0,0.0,,,
2335,CC[C@@H](CO)NC(=O)[C@H]1C[NH+]([C@@H]2Cc3c[nH]c4c3c(ccc4)C2=C1)C,340.44700000000006,0.5076000000000018,4.0,2.0,0.0,,,
2336,CC(=O)O[C@]1(CC[C@@H]2[C@@]1(CC[C@H]3[C@H]2CCC4=CC(=O)CC[C@H]34)C)C#C,340.46300000000014,4.0633000000000035,0.0,3.0,0.0,,,
2337,CCC(C(CC(C)[NH2+]C)(c1ccccc1)c2ccccc2)OC(=O)C,340.48700000000014,3.286200000000002,1.0,2.0,0.0,,,
2338,CCC(=O)O[C@@](Cc1ccccc1)(c2ccccc2)[C@@H](C)C[NH+](C)C,340.48700000000014,2.8584000000000005,1.0,2.0,0.0,,,
2339,C[NH+]1C(CCCC1CC(c2ccccc2)O)CC(c3ccccc3)O,340.4870000000001,2.6696000000000013,3.0,2.0,0.0,,,
2340,CCC(=O)O[C@](Cc1ccccc1)(c2ccccc2)[C@H](C)C[NH+](C)C,340.48700000000014,2.8584000000000005,1.0,2.0,0.0,,,
2341,CC(C)[NH+](CCC(c1ccccc1)(c2ccccn2)C(=O)N)C(C)C,340.49100000000016,1.9448,2.0,2.0,0.0,,,
2342,CC#C[C@@]1(CC[C@@H]2[C@@]1(CC[C@H]3[C@H]2C[C@@H](C4=CC(=O)CC[C@]34C)C)C)O,340.5070000000001,4.518700000000005,1.0,2.0,0.0,,,
2343,CCCCC(CC)C[NH+]1CC(CN(C1)CC(CC)CCCC)(C)N,340.6200000000001,3.2946000000000017,2.0,2.0,0.0,,,
2344,CC(C1C[NH+]2CCC34C2CC1C(=C3Nc5c4cccc5)C(=O)OC)O,341.4310000000001,0.4647000000000004,3.0,4.0,0.0,,,
2345,CC1([C@@H](N2[C@H](S1)[C@@H](C2=O)NC(=O)C3(CCCCC3)[NH3+])C(=O)[O-])C,341.43300000000005,-1.7717999999999967,2.0,5.0,0.0,,,
2346,COc1ccnc2c1CCCC[C@H]2[S@](=O)c3[nH]c4ccccc4n3,341.43600000000004,3.541800000000002,1.0,4.0,0.0,,,
2347,CCN(CC)C(=O)N[C@H]1C[C@@H]2c3cccc4c3c(c[nH]4)C[C@H]2[NH+](C1)C,341.47900000000004,1.5146000000000006,3.0,1.0,0.0,,,
2348,CCC(=O)c1ccc2c(c1)N(c3ccccc3S2)CC(C)[NH+](C)C,341.5000000000001,3.415000000000001,1.0,3.0,0.0,,,
2349,C([C@@H]1[C@@H]([C@@H]([C@H]([C@@H](O1)O[C@@H]2[C@H](O[C@@]([C@H]2O)(CO)O)CO)O)O)O)O,342.297,-5.395599999999993,8.0,11.0,2.0,,,
2350,C([C@@H]1[C@H]([C@@H]([C@H]([C@H](O1)O[C@@H]2[C@H](O[C@@H]([C@H]([C@H]2O)O)O)CO)O)O)O)O,342.297,-5.397199999999994,8.0,11.0,2.0,,,
2351,C([C@@H]1[C@@H]([C@@H]([C@H]([C@@H](O1)O[C@@H]2[C@H](O[C@H]([C@@H]([C@H]2O)O)O)CO)O)O)O)O,342.297,-5.397199999999994,8.0,11.0,2.0,,,
2352,C([C@@H]1[C@@H]([C@@H]([C@H]([C@@H](O1)O[C@@H]2[C@H](OC([C@@H]([C@H]2O)O)O)CO)O)O)O)O,342.297,-5.397199999999994,8.0,11.0,2.0,,,
2353,C([C@@H]1[C@H]([C@@H]([C@H]([C@H](O1)O[C@@H]2[C@H](OC([C@@H]([C@H]2O)O)O)CO)O)O)O)O,342.297,-5.397199999999994,8.0,11.0,2.0,,,
2354,C([C@@H]1[C@H]([C@@H]([C@H]([C@H](O1)O[C@]2([C@H]([C@@H]([C@H](O2)CO)O)O)CO)O)O)O)O,342.297,-5.395599999999995,8.0,11.0,2.0,,,
2355,C([C@@H]1[C@H]([C@@H]([C@H]([C@H](O1)O[C@@H]2[C@@H]([C@H]([C@@H]([C@H](O2)CO)O)O)O)O)O)O)O,342.297,-5.3971999999999944,8.0,11.0,2.0,,,
2356,COc1cc-2c(cc1O)C[C@H]3c4c2c5c(c(c4CC[NH2+]3)OC)OCO5,342.3710000000001,1.5217999999999998,2.0,5.0,0.0,,,
2357,COc1c(ccc2c1-c3c4c(c(c5c3OCO5)OC)CC[NH2+][C@H]4C2)O,342.3710000000001,1.5217999999999996,2.0,5.0,0.0,,,
2358,C[N@@+]12CCc3cc(c(cc3[C@@H]1Cc4cc(c(cc4C2)OC)O)O)OC,342.415,2.9151000000000016,2.0,4.0,0.0,,,
2359,C[N+]1(CCc2cc(c(c-3c2C1Cc4c3cc(c(c4)O)OC)O)OC)C,342.4150000000001,3.011700000000002,2.0,4.0,0.0,,,
2360,C[N@@+]12CCc3cc(c(cc3[C@@H]1Cc4ccc(c(c4C2)O)OC)O)OC,342.415,2.9151000000000007,2.0,4.0,0.0,,,
2361,COc1ccc2c(c1OC)C[NH+]3CCc4cc(c(cc4[C@@H]3C2)O)OC,342.4150000000001,1.6563999999999997,2.0,4.0,0.0,,,
2362,C[N+]12CCc3cc(c(cc3C1Cc4ccc(c(c4C2)O)OC)OC)O,342.415,2.915100000000001,2.0,4.0,0.0,,,
2363,c1cc(c2c3c1C[C@@H]4[C@]5([C@]3(CC[NH+]4CC6CC6)[C@@H](O2)C(=O)CC5)O)O,342.4150000000001,0.10829999999999995,3.0,4.0,0.0,,,
2364,CC(=O)OC1=CCC2C3Cc4ccc(c5c4C2(C1O5)CC[NH+]3C)OC,342.4150000000001,1.0039999999999998,1.0,4.0,0.0,,,
2365,COc1c(cc(cc1)[C@]2(CC[C@H](CC2)C(=O)[O-])C#N)OC3CCCC3,342.4150000000001,2.7180800000000005,0.0,5.0,0.0,,,
2366,c1cc(c(c(c1)O)C(=O)CCCCCCCCc2ccc(cc2)O)O,342.4349999999999,4.959500000000005,3.0,4.0,0.0,,,
2367,CC[NH+]1CCC[C@H]1CNC(=O)c2cc(ccc2OC)S(=O)(=O)N,342.4410000000001,-0.8603999999999972,3.0,4.0,0.0,,,
2368,CC[NH+]1CCCC1CNC(=O)c2cc(ccc2OC)S(=O)(=O)N,342.4410000000001,-0.8603999999999972,3.0,4.0,0.0,,,
2369,[H]/[NH+]=C(\N)/c1ccc(cc1)OCCCCCOc2ccc(cc2)/C(=[NH+]/[H])/N,342.4429999999999,-0.7564999999999984,4.0,2.0,0.0,,,
2370,CCC[NH2+]CC(COc1ccccc1C(=O)CCc2ccccc2)O,342.459,2.2152000000000007,2.0,3.0,0.0,,,
2371,CC[N+](C)(CC)CCOC(=O)C(c1ccccc1)(c2ccccc2)O,342.45900000000006,2.952100000000001,1.0,3.0,0.0,,,
2372,Cc1cc(c2c(c1)OC3(CCC4C(CCCC45C3[C@H]2OC5)(C)C)C)O,342.47900000000004,5.145720000000005,1.0,3.0,1.0,,,
2373,c1ccc(c(c1)C2=NCC(=O)N(c3c2cc(cc3)Cl)CC4CC4)F,342.8010000000001,4.073100000000003,0.0,2.0,0.0,,,
2374,CCc1cc2c(s1)-n3c(nnc3CN=C2c4ccccc4Cl)C,342.8550000000001,4.2040200000000025,0.0,5.0,0.0,,,
2375,Cc1nnc2n1-c3ccc(cc3C(=NC2)c4ccccc4Cl)Cl,343.217,4.233520000000002,0.0,4.0,0.0,,,
2376,c1c(nnn1[C@H]2[C@@H]([C@H]([C@@H](O2)CO)O)O)Cn3cc(c(=O)[nH]c3=O)F,343.271,-3.0729999999999995,4.0,10.0,0.0,,,
2377,Cc1cc2c(c(c1O)OC)C(=O)c3c(cc(c(c3[O-])OC)OC)C2=O,343.3110000000001,1.5754199999999994,1.0,7.0,0.0,,,
2378,CCC(=O)N(c1ccccc1)C2CC[NH+](CC2)CCc3cccs3,343.516,2.7811000000000012,1.0,2.0,0.0,,,
2379,COc1cc(cc(c1O)OC)c2c(c(=O)c3c(cc(cc3o2)O)[O-])[O-],344.27500000000003,1.0356,2.0,8.0,0.0,,,
2380,C([C@@H]1[C@@H]([C@@H]([C@H]([C@@H](O1)O[C@H]([C@@H](CO)O)[C@@H]([C@H](CO)O)O)O)O)O)O,344.313,-5.7611999999999925,9.0,11.0,2.0,,,
2381,Cc1c(c(c2c(c1O)C3(C(=CC(=O)C(C3=O)C(=O)C)O2)C)C(=O)C)O,344.3190000000001,1.4998199999999995,2.0,7.0,0.0,,,
2382,CC12CC(OC(=O)C1CC(=O)C3C2CC4CC3C(=O)O4)c5ccoc5,344.36300000000006,2.4307000000000007,0.0,6.0,0.0,,,
2383,C/C/1=C\[C@@H]2[C@@H]([C@H](CC3=C[C@@H](C1)OC3=O)OC(=O)C(=C)C)C(=C)C(=O)O2,344.36300000000017,2.1639999999999997,0.0,6.0,0.0,,,
2384,CC12CC[C@H]3C4(C1[C@@H](OC2)OC4)C5CCC6CC5(C(=O)C6=C)C(=O)O3,344.4070000000001,2.2426000000000004,0.0,5.0,0.0,,,
2385,C[NH+]1CCc2cc(c(cc2C1Cc3ccc(c(c3)O)OC)OC)OC,344.4310000000001,1.7726,2.0,4.0,0.0,,,
2386,CC(=O)O[C@H]1CC[C@H]2[C@H]3Cc4ccc(c5c4[C@]2([C@H]1O5)CC[NH+]3C)OC,344.4310000000001,0.8788000000000005,1.0,4.0,0.0,,,
2387,CC12CC[C@@H](CC1=CCC3C2CCC45C36CCC4C(O6)(OC5=O)C)O,344.4510000000001,3.3322000000000025,1.0,4.0,0.0,,,
2388,CCCCOc1cc(c2ccccc2n1)C(=O)NCC[NH+](CC)CC,344.47900000000016,2.0681999999999996,2.0,3.0,0.0,,,
2389,C[C@H]1C[C@H]2[C@@H]3CC[C@@H]([C@]3(C[C@@H]([C@@H]2[C@@]4(C1=CC(=O)CC4)C)O)C)C(=O)C,344.49500000000006,3.9403000000000032,1.0,3.0,0.0,,,
2390,CCC(=O)O[C@H]1CC[C@@H]2[C@@]1(CC[C@H]3[C@H]2CCC4=CC(=O)CC[C@]34C)C,344.4950000000001,4.840100000000005,0.0,3.0,0.0,,,
2391,C[C@H]1C[C@@H]2[C@H](CC[C@]3([C@H]2CC[C@@]3(C(=O)C)O)C)[C@@]4(C1=CC(=O)CC4)C,344.4950000000001,4.084400000000003,1.0,3.0,0.0,,,
2392,C[N+]1(CCCCC1)CC2COC(O2)(c3ccccc3)C4CCCCC4,344.51900000000023,4.465600000000004,0.0,2.0,0.0,,,
2393,CCCCCCCCCCCCCCCCCCOCC(CO)O,344.58,5.617700000000006,2.0,3.0,1.0,,,
2394,CC1[C@H]2CCC3[C@@]2(CCC4C3CC=C5[C@@]4(CC[C@@H](C5)[NH+](C)C)C)C[NH2+]1,344.5870000000001,2.0241000000000025,2.0,0.0,0.0,,,
2395,CC1C2CCC3C2(CCC4C3CC=C5C4(CC[C@@H](C5)[NH2+]C)C)C[NH+]1C,344.5870000000001,2.0241000000000025,2.0,0.0,0.0,,,
2396,c1ccc(cc1)C(c2ccccc2)(c3ccccc3Cl)n4ccnc4,344.845,5.376700000000004,0.0,2.0,1.0,,,
2397,C[C@@](c1ccccc1)(c2ccc(cc2)Cl)OCC[C@H]3CCC[NH+]3C,344.9060000000002,3.6873000000000022,1.0,1.0,0.0,,,
2398,Cc1cc(cc(c1C(=O)[O-])O)OC(=O)c2c(cc(c(c2O)C)OC)C,345.32700000000006,1.6143600000000002,2.0,7.0,0.0,,,
2399,C=C1CC23CC1(CCC2C45CC=CC(C4[C@@H]3C(=O)[O-])(C(=O)O5)CO)O,345.3710000000001,-0.30600000000000016,2.0,6.0,0.0,,,
2400,CC12[C@H](C=C[C@@]3([C@@H]1[C@@H]([C@]45[C@H]3CC[C@](C4)(C(=C)C5)O)C(=O)[O-])OC2=O)O,345.37100000000004,-0.3076,2.0,6.0,0.0,,,
2401,C[C@@]12[C@H](C=C[C@@]3([C@@H]1[C@@H]([C@]45[C@H]3CC[C@](C4)(C(=C)C5)O)C(=O)[O-])OC2=O)O,345.37100000000004,-0.3076,2.0,6.0,0.0,,,
2402,C[C@H](Cc1ccc(cc1)OC)[NH2+]C[C@@H](c2ccc(c(c2)NC=O)O)O,345.419,1.1970999999999994,4.0,4.0,0.0,,,
2403,CC(Cc1ccc(cc1)OC)[NH2+]CC(c2ccc(c(c2)NC=O)O)O,345.419,1.1970999999999994,4.0,4.0,0.0,,,
2404,Cc1cnc(c(c1OC)C)CS(=O)c2[nH]c3cc(ccc3n2)OC,345.4240000000001,2.8997400000000013,1.0,5.0,0.0,,,
2405,CN1CCC[NH+]=C1COC(=O)C(c2ccccc2)(C3CCCCC3)O,345.46300000000025,0.8123000000000009,2.0,4.0,0.0,,,
2406,CCCCCC/C=C\CCCCCCCc1cccc(c1C(=O)[O-])O,345.50300000000004,5.165400000000006,1.0,3.0,1.0,,,
2407,C[C@@H]1CCC[C@@H](N1NC(=O)c2ccc(c(c2)Cl)S(=O)(=O)N)C,345.8520000000001,1.8951,2.0,4.0,0.0,,,
2408,C[NH+]1CCN(CC1)C2=[NH+]c3ccccc3Sc4c2cc(cc4)Cl,345.8990000000001,0.7938000000000012,2.0,2.0,0.0,,,
2409,C1=CO[C@H]([C@H]2[C@@H]1[C@@H](C=C2CO)O)O[C@H]3[C@@H]([C@H]([C@@H]([C@H](O3)CO)O)O)O,346.33200000000005,-2.8014999999999977,6.0,9.0,1.0,,,
2410,CC1=C(C(C(=C(N1)C)C(=O)OC)c2ccccc2[N+](=O)[O-])C(=O)OC,346.3390000000001,2.1756,1.0,7.0,0.0,,,
2411,C/C/1=C\C(=O)/C=C(\[C@@H]([C@@H]2[C@@H]([C@H](C1)OC(=O)C(=C)C)C(=C)C(=O)O2)O)/C,346.3790000000001,1.7984,1.0,6.0,0.0,,,
2412,COc1cc(cc(c1OC)OC)C[C@H]2c3cc(c(cc3CC[NH2+]2)O)O,346.4030000000001,1.526899999999999,3.0,5.0,0.0,,,
2413,C[NH+]1CCC23C14CC(c5c2c(c(cc5)OC)OC)OC4(C(=O)CC3)O,346.40300000000013,0.1253000000000009,2.0,5.0,0.0,,,
2414,Cc1cnc(c(c1OC)C)CS(=O)c2[nH]c3ccc(nc3n2)OC,346.4120000000001,2.29474,1.0,6.0,0.0,,,
2415,Cc1cccc(c1)OCC(C[NH2+]CCc2ccc(c(c2)OC)OC)O,346.44700000000006,1.5580199999999995,2.0,4.0,0.0,,,
2416,Cn1c2c(ccc3c2cc4c(c3)OCO4)c5ccc6c(c5c1=O)OCO6,347.32600000000014,3.3023000000000016,0.0,6.0,0.0,,,
2417,C[C@@H](C(=O)N1CCC[C@H]1C(=O)[O-])[NH2+][C@@H](CCc2ccccc2)C(=O)[O-],347.391,-2.5694999999999935,1.0,5.0,0.0,,,
2418,CC1=C(N2[C@@H]([C@@H](C2=O)NC(=O)[C@@H](c3ccccc3)[NH3+])SC1)C(=O)[O-],347.39600000000013,-1.606599999999998,2.0,5.0,0.0,,,
2419,Cc1cccc(c1)Nc2ccncc2S(=O)(=O)[N-]C(=O)NC(C)C,347.4200000000001,3.314020000000001,2.0,5.0,0.0,,,
2420,C/C/1=C\CC/C(=C/[C@@H]2[C@@H](CC1)[C@@H](C(=O)O2)C[NH+]3CCC[C@H]3C(=O)[O-])/C,347.4550000000001,0.4080000000000017,1.0,4.0,0.0,,,
2421,Cc1cc2c(cc1C(=C)c3ccc(cc3)C(=O)[O-])C(CCC2(C)C)(C)C,347.4780000000002,4.769020000000005,0.0,2.0,0.0,,,
2422,CCOC(=O)C1(CCN(CC1)CC[NH+]2CCOCC2)c3ccccc3,347.47900000000004,0.49840000000000306,1.0,4.0,0.0,,,
2423,CCCCCCCCCCCCCCCc1cccc(c1C(=O)[O-])O,347.51900000000006,5.389400000000006,1.0,3.0,1.0,,,
2424,CC[C@@]1(c2cc-3n(c(=O)c2COC1=O)Cc4c3nc5ccccc5c4)O,348.35799999999995,2.0795999999999997,1.0,6.0,0.0,,,
2425,C[n+]1cc2cc(c(cc2c3c1c4cc5c(cc4cc3)OCO5)OC)OC,348.37800000000016,3.7166000000000023,0.0,4.0,0.0,,,
2426,C[n+]1cc2c(ccc(c2OC)OC)c3c1c4cc5c(cc4cc3)OCO5,348.37800000000004,3.7166000000000023,0.0,4.0,0.0,,,
2427,CC1C(CC2C1C3C(C(CC2=C)OC(=O)C(=C)CO)C(=C)C(=O)O3)O,348.39500000000004,1.1374999999999997,2.0,6.0,0.0,,,
2428,C[NH+]1CCC2=CCC3C(C21)c4cc(c(c(c4C(O3)O)OC)OC)OC,348.4190000000001,0.8028,2.0,5.0,0.0,,,
2429,Cc1ccc(cc1)/C(=C\C[NH+]2CCCC2)/c3cccc(n3)/C=C/C(=O)[O-],348.446,1.26352,1.0,3.0,0.0,,,
2430,CC[N+](C)(CC)CCOC(=O)C(c1ccccc1)(C2CCCCC2)O,348.50700000000023,3.484100000000003,1.0,3.0,0.0,,,
2431,c1ccc(cc1)CC[NH+]2CC[C@]34CCCC[C@H]3[C@H]2Cc5c4cc(cc5)O,348.51,3.2762000000000024,2.0,1.0,0.0,,,
2432,c1c(c(=O)[nH]c(=O)n1[C@H]2[C@H]([C@@H]([C@H](O2)CO)O)O)/C=C/Br,349.137,-1.4862999999999997,4.0,7.0,0.0,,,
2433,c1cc(ccc1NC(=O)Nc2ccc(c(c2)C(F)(F)F)Cl)Cl,349.1389999999999,5.656200000000001,2.0,1.0,1.0,,,
2434,CC(c1ccccc1)(c2ccc(cc2)Br)OCC[NH+](C)C,349.29200000000014,2.8737000000000013,1.0,1.0,0.0,,,
2435,C[C@@H](c1c(cncn1)F)[C@](Cn2cncn2)(c3ccc(cc3F)F)O,349.31600000000003,2.1769000000000003,1.0,6.0,0.0,,,
2436,CC1([C@@H](N2[C@H](S1)[C@@H](C2=O)NC(=O)COc3ccccc3)C(=O)[O-])C,349.3880000000001,-0.6375999999999995,1.0,6.0,0.0,,,
2437,[H]/[NH+]=C(/c1ccc2cc(ccc2c1)OC(=O)c3ccc(cc3)[NH+]=C(N)N)\N,349.39400000000006,-1.4910999999999985,5.0,2.0,0.0,,,
2438,CC(C)c1cccc(c1NC(=O)C[NH+](CC(=O)[O-])CC(=O)[O-])C(C)C,349.4070000000001,-1.7433999999999965,2.0,5.0,0.0,,,
2439,C[C@H]1[C@H]2C[n+]3ccc4c5ccccc5[nH]c4c3C[C@@H]2C(=CO1)C(=O)OC,349.41000000000014,2.872700000000001,1.0,3.0,0.0,,,
2440,CC1=C(N2[C@@H]([C@@H](C2=O)NC(=O)[C@@H](C3=CCC=CC3)[NH3+])SC1)C(=O)[O-],349.4120000000001,-1.7028999999999974,2.0,5.0,0.0,,,
2441,CC1([C@@H](N2[C@H](S1)[C@@H](C2=O)NC(=O)[C@@H](c3ccccc3)[NH3+])C(=O)[O-])C,349.4120000000001,-1.7333999999999985,2.0,5.0,0.0,,,
2442,C[C@]12CC[C@@H]3c4ccc(cc4CC[C@H]3[C@@H]1CCC2=O)OS(=O)(=O)[O-],349.428,2.950800000000001,0.0,5.0,0.0,,,
2443,c1ccc(cc1)[C@H](C(=O)N[C@H]2[C@H]3CCC(=C(N3C2=O)C(=O)[O-])Cl)[NH3+],349.77400000000006,-1.3406999999999984,2.0,4.0,0.0,,,
2444,c1ccc(c(c1)C23c4cc(ccc4NC(=O)C[NH+]2CCO3)Cl)Cl,350.225,2.061699999999999,2.0,2.0,0.0,,,
2445,C[C@@H]1[C@@H]2[C@H](C(=O)N2C(=C1SC3Cn4cnc[n+]4C3)C(=O)[O-])[C@@H](C)O,350.40000000000015,-1.8949999999999974,1.0,7.0,0.0,,,
2446,c1ccc2c(c1)[C@]34CC[N+]5([C@H]3C[C@@H]6[C@@H]7[C@@H]4N2C(=O)C[C@@H]7OCC=C6C5)[O-],350.4180000000001,2.1050999999999997,0.0,3.0,0.0,,,
2447,CC1(CCC(c2c1ccc(c2)NC(=O)c3ccc(cc3)C(=O)[O-])(C)C)C,350.43800000000016,3.6514000000000024,1.0,3.0,0.0,,,
2448,C[C@@]12CC[C@H](C([C@H]1CCC(=C)[C@H]2C/C=C/3\C(COC3=O)O)(C)CO)O,350.45500000000004,1.9626000000000001,3.0,5.0,0.0,,,
2449,CC(=CC1C(C1(C)C)C(=O)OCc2cccc(c2)Oc3ccccc3)C,350.4580000000001,5.760500000000006,0.0,3.0,1.0,,,
2450,CCC(=O)C(CC(C)[NH+]1CCCCC1)(c2ccccc2)c3ccccc3,350.526,3.7992000000000026,1.0,1.0,0.0,,,
2451,CCn1cc(c(=O)c2c1c(c(c(c2)F)N3CC[NH2+]C(C3)C)F)C(=O)[O-],351.35300000000007,-0.5649999999999988,1.0,5.0,0.0,,,
2452,C[NH2+]CCc1cc2c(cc1c3cc4ccc5c(c4cn3)OCO5)OCO2,351.3820000000002,2.0948999999999995,1.0,5.0,0.0,,,
2453,Cc1cnc(s1)NC(=O)C2=C(c3ccccc3S(=O)(=O)N2C)O,351.4090000000001,1.9509199999999998,2.0,6.0,0.0,,,
2454,CCCCC[C@@H](/C=C/[C@H]1[C@@H](CC(=O)[C@@H]1C/C=C\CCCC(=O)[O-])O)O,351.4630000000001,1.9164000000000003,2.0,5.0,0.0,,,
2455,CCOC(=O)c1ccc(nc1)C#Cc2ccc3c(c2)C(CCS3)(C)C,351.4710000000001,4.431500000000004,0.0,4.0,0.0,,,
2456,CC[C@@]12CCC[NH+]3[C@@H]1c4c(c5ccccc5n4C(=C2)C(=O)OCC)CC3,351.4700000000002,2.731200000000001,1.0,3.0,0.0,,,
2457,CCCCCCCCC(=O)NCc1ccc(c(c1)OC)CC(CO)O,351.48700000000014,2.9577000000000027,3.0,4.0,0.0,,,
2458,CCC(=O)N(c1ccccc1)C2CC[NH+](CC2)C(C)Cc3ccccc3,351.51400000000007,3.108100000000002,1.0,1.0,0.0,,,
2459,CCC(=O)N(c1ccccc1)C2CC[NH+](CC2C)CCc3ccccc3,351.51400000000007,2.965600000000001,1.0,1.0,0.0,,,
2460,Cc1ccc(c2c1O[Hg]2)[N+](=O)[O-],351.71100000000007,0.9184199999999999,0.0,3.0,0.0,,,
2461,COc1cc2cc(c(=O)oc2cc1O)Oc3ccc4ccc(=O)oc4c3,352.2980000000001,3.4059000000000017,1.0,7.0,0.0,,,
2462,CC(=O)CC(c1ccc(cc1)[N+](=O)[O-])c2c(c3ccccc3oc2=O)[O-],352.3220000000001,2.8858000000000015,0.0,6.0,0.0,,,
2463,c1cc2c(cc1C[C@H]\3COC(=O)/C3=C/c4ccc5c(c4)OCO5)OCO2,352.34200000000016,2.9431000000000003,0.0,6.0,0.0,,,
2464,C/C=C\1/C[C@H]([C@@](C(=O)OCC2=CC[NH+]3[C@H]2[C@@H](CC3)OC1=O)(CO)O)C,352.4070000000001,-1.251899999999998,3.0,6.0,0.0,,,
2465,COc1ccc2cc-3[n+](cc2c1OC)CCc4c3cc(c(c4)OC)OC,352.4100000000001,3.384800000000002,0.0,4.0,0.0,,,
2466,CN1CC[NH+](CC1)CC(=O)N2c3ccccc3C(=O)Nc4c2nccc4,352.41800000000006,0.14230000000000192,2.0,4.0,0.0,,,
2467,C[C@H]1C[C@H](OC1=O)[C@@H]2CC[C@@H]3[NH+]2CCC[C@H]([C@@]34C[C@H](C(=O)O4)C)OC,352.4510000000001,0.4845000000000017,1.0,5.0,0.0,,,
2468,CC(C)(C)C(=O)Oc1ccc(cc1OC(=O)C(C)(C)C)C(C[NH2+]C)O,352.4510000000001,1.8161999999999998,2.0,5.0,0.0,,,
2469,C[N+]12CCC(CC1)C(C2)OC(=O)C(c3ccccc3)(c4ccccc4)O,352.45400000000006,2.704500000000001,1.0,3.0,0.0,,,
2470,C/C=C(\NC1=C(C=NC1=C)C(=C)[NH2+][C@H](C)C(C)(C)C)/Oc2ccccc2,352.502,3.880200000000003,2.0,3.0,0.0,,,
2471,CCCCCCCCCCCCCCCCCCCCCCCCC,352.69100000000014,9.998499999999995,0.0,0.0,1.0,,,
2472,c1ccc(cc1)C2=NCC(=O)N(c3c2cc(cc3)Cl)CC(F)(F)F,352.74300000000005,4.086300000000002,0.0,2.0,0.0,,,
2473,C[C@@H]1CC(=O)C=C([C@]12C(=O)c3c(cc(c(c3O2)Cl)OC)OC)OC,352.7700000000001,2.8103000000000007,0.0,6.0,0.0,,,
2474,c1ccc(c(c1)CC(=O)OCC(=O)[O-])Nc2c(cccc2Cl)Cl,353.1809999999999,2.5726000000000004,1.0,5.0,0.0,,,
2475,c1cc(c(cc1/C=C/C(=O)O[C@@H]2C[C@@](C[C@H]([C@H]2O)O)(C(=O)[O-])O)O)O,353.30300000000005,-1.9806000000000008,5.0,9.0,0.0,,,
2476,c1cc(c(cc1/C=C/C(=O)O[C@@H]2C[C@](C[C@H]([C@@H]2O)O)(C(=O)[O-])O)O)O,353.30300000000005,-1.9806000000000008,5.0,9.0,0.0,,,
2477,c1cc(ccc1NC(=O)CCC(=O)[O-])S(=O)(=O)[N-]c2nccs2,353.381,1.0057999999999996,1.0,7.0,0.0,,,
2478,C[NH+](C)CCCN1c2ccccc2Sc3c1cc(cc3)C(F)(F)F,353.43300000000005,3.8427000000000042,1.0,2.0,0.0,,,
2479,CC1=C(C(=O)C(=C(C1=O)C)C(CCCCCC(=O)[O-])c2ccccc2)C,353.438,3.2753000000000023,0.0,4.0,0.0,,,
2480,CC(=O)N1c2ccccc2C34C1C5C6CC3[NH+](CC4)CC6=CCOC5O,353.4420000000001,0.24140000000000122,2.0,3.0,0.0,,,
2481,C/C=C\1/C[NH+]2CCc3c4ccccc4[nH]c3[C@@H]2C[C@@H]1C(C=O)C(=O)OC,353.4420000000001,1.6042999999999996,2.0,3.0,0.0,,,
2482,C[C@H]1[C@@H]2C[NH+]3CCc4c5ccccc5[nH]c4[C@H]3C[C@@H]2C(=CO1)C(=O)OC,353.4420000000002,1.7616999999999994,2.0,3.0,0.0,,,
2483,C[C@H]1[C@H]2C[NH+]3CCc4c5ccccc5[nH]c4[C@@H]3C[C@@H]2C(=CO1)C(=O)OC,353.4420000000002,1.7616999999999994,2.0,3.0,0.0,,,
2484,CCCCC[C@@H](/C=C/[C@H]1[C@@H](C[C@@H]([C@@H]1C/C=C\CCCC(=O)[O-])O)O)O,353.47900000000004,1.7082000000000002,3.0,5.0,0.0,,,
2485,CCCCC[C@@H](/C=C/[C@H]1[C@@H](CC(=O)[C@@H]1CCCCCCC(=O)[O-])O)O,353.47900000000004,2.1404000000000005,2.0,5.0,0.0,,,
2486,CCOC(=O)C1(CC[NH+](CC1)CCc2ccc(cc2)N)c3ccccc3,353.48600000000005,1.9911000000000005,2.0,3.0,0.0,,,
2487,CCC(=O)N(c1ccccc1)C2CC[NH+](CC2)CC(c3ccccc3)O,353.486,2.2105,2.0,2.0,0.0,,,
2488,C[NH+]1CCCCC1CCc2ccccc2NC(=O)c3ccc(cc3)OC,353.4860000000001,2.947300000000001,2.0,2.0,0.0,,,
2489,CC(C)[N+](C)(CCC(c1ccccc1)(c2ccccc2)C(=O)N)C(C)C,353.53000000000014,4.111500000000002,1.0,1.0,0.0,,,
2490,Cc1cccc(c1NC(=O)c2cc(c(cc2[O-])Cl)S(=O)(=O)N)C,353.8070000000001,1.9301400000000002,2.0,4.0,0.0,,,
2491,c1c(c(=O)[nH]c(=O)n1[C@H]2C[C@@H]([C@H](O2)CO)O)I,354.09999999999997,-1.2181000000000002,3.0,6.0,0.0,,,
2492,c1cc(=O)oc2c1c(c(c(c2)O)O)c3c4ccc(=O)oc4cc(c3O)O,354.2700000000001,2.3888000000000016,4.0,8.0,0.0,,,
2493,c1cc(c(cc1Cl)Cl)[C@@H]2CS/C(=C(/C#N)\n3ccnc3)/S2,354.287,5.060880000000003,0.0,5.0,1.0,,,
2494,COc1cccc2c1cc(c3c2c4c(cc3CC(=O)[O-])OCO4)[N+](=O)[O-],354.2940000000001,1.9308999999999996,0.0,7.0,0.0,,,
2495,c1cc2c(cc1[C@@H]3[C@H]4CO[C@@H]([C@H]4CO3)c5ccc6c(c5)OCO6)OCO2,354.3580000000001,3.2192000000000007,0.0,6.0,0.0,,,
2496,c1cc2c(cc1[C@@H]3[C@H]4CO[C@H]([C@H]4CO3)c5ccc6c(c5)OCO6)OCO2,354.3580000000001,3.2192000000000007,0.0,6.0,0.0,,,
2497,c1ccc2c(c1)C(OS2(=O)=O)(c3ccc(cc3)O)c4ccc(cc4)O,354.38300000000004,3.1086000000000023,2.0,5.0,0.0,,,
2498,C[NH+]1CCc2cc3c(cc2C(=O)Cc4ccc5c(c4C1)OCO5)OCO3,354.3820000000002,1.1402,1.0,5.0,0.0,,,
2499,C[NH+]1Cc2c(ccc3c2OCO3)[C@@H]4[C@H]1c5cc6c(cc5C[C@@H]4O)OCO6,354.3820000000001,0.9141999999999997,2.0,5.0,0.0,,,
2500,Cc1ccc2c(n1)Oc3ccc(cc3C2)C(C)C(=O)OCC(=O)N(C)C,354.4060000000002,2.8214200000000007,0.0,5.0,0.0,,,
2501,CCOC(=O)C(CC[NH+]1CCOCC1)(c2ccccc2)c3ccccc3,354.47,1.8410000000000009,1.0,3.0,0.0,,,
2502,C[N+]1(CCCCC1COC(=O)C(c2ccccc2)(c3ccccc3)O)C,354.4700000000001,3.0946000000000016,1.0,3.0,0.0,,,
2503,CC[N+]1(CCCC(C1)OC(=O)C(c2ccccc2)(c3ccccc3)O)C,354.4700000000001,3.0946000000000016,1.0,3.0,0.0,,,
2504,CC[C@@H](CO)NC(=O)[C@H]1C[NH+]([C@@H]2Cc3cn(c4c3c(ccc4)C2=C1)C)C,354.4740000000001,0.5180000000000022,3.0,3.0,0.0,,,
2505,CCOC(=O)/C=C(\C)/C=C/C=C(\C)/C=C/c1c(cc(c(c1C)C)OC)C,354.4900000000001,5.645560000000007,0.0,3.0,1.0,,,
2506,c1cc(ccc1C(c2ccc(cc2)Cl)C(Cl)(Cl)Cl)Cl,354.491,6.495500000000001,0.0,0.0,1.0,,,
2507,CC[C@@H](C(C[C@@H](C)[NH+](C)C)(c1ccccc1)c2ccccc2)OC(=O)C,354.5140000000001,3.2375000000000016,1.0,2.0,0.0,,,
2508,CCC(C(CC(C)[NH+](C)C)(c1ccccc1)c2ccccc2)OC(=O)C,354.5140000000001,3.2375000000000016,1.0,2.0,0.0,,,
2509,CC[C@@H](C(C[C@H](C)[NH+](C)C)(c1ccccc1)c2ccccc2)OC(=O)C,354.5140000000001,3.2375000000000016,1.0,2.0,0.0,,,
2510,CCCCC/C=C\C/C=C\CCCCCCCC(=O)OCC(CO)O,354.531,4.696300000000005,2.0,4.0,0.0,,,
2511,CS(=O)(=O)c1ccc(cc1)[C@H]([C@@H](CO)NC(=O)[C-](Cl)Cl)O,355.219,0.5676900000000002,3.0,5.0,0.0,,,
2512,c1cc(ccc1C(=O)NCCC(=O)[O-])/N=N/c2ccc(c(c2)C(=O)[O-])O,355.3060000000001,0.04089999999999999,2.0,8.0,0.0,,,
2513,c1cc(ccc1C(=O)NCCC(=O)[O-])N/N=C\2/C=CC(=O)C(=C2)C(=O)[O-],355.3060000000001,-1.8604999999999987,2.0,8.0,0.0,,,
2514,CC(C)[C@@H](C(=O)OCC(CO)OCn1cnc2c1[nH]c(nc2=O)N)[NH3+],355.37500000000006,-2.1534999999999984,4.0,9.0,0.0,,,
2515,Cc1ccc2c(c1C)[nH]c(=O)c3c2oc(cc3=O)C(=O)OCCC(C)C,355.39000000000016,3.454240000000002,1.0,5.0,0.0,,,
2516,CC\1=C(c2cc(ccc2/C1=C\c3ccc(cc3)S(=O)C)F)CC(=O)[O-],355.41000000000014,3.030800000000002,0.0,3.0,0.0,,,
2517,CCc1ccc(nc1)CCOc2ccc(cc2)CC3C(=O)[N-]C(=O)S3,355.4390000000001,3.9437000000000024,0.0,5.0,0.0,,,
2518,COC(=O)[C@H]1[C@H](CC[C@@H]2[C@@H]1C[C@H]3c4c(c5ccccc5[nH]4)CC[NH+]3C2)O,355.45800000000014,1.23,3.0,3.0,0.0,,,
2519,CCC(=O)N(c1ccc(cc1)F)C2CC[NH+](CC2)CCc3ccccc3,355.4770000000001,2.8587000000000007,1.0,1.0,0.0,,,
2520,CC[NH+]1CCCC1CNC(=O)c2cc(ccc2OC)S(=O)(=O)CC,355.48000000000013,0.2858000000000007,2.0,4.0,0.0,,,
2521,c1c(cc(c(c1Sc2cc(cc(c2O)Cl)Cl)O)Cl)Cl,356.057,5.862600000000001,2.0,3.0,1.0,,,
2522,C1CN(CCN1C(=O)CCBr)C(=O)CCBr,356.05800000000005,1.2272,0.0,2.0,0.0,,,
2523,C=C[C@H]1[C@@H](OC=C2C1=CCOC2=O)O[C@H]3[C@@H]([C@H]([C@@H]([C@H](O3)CO)O)O)O,356.32700000000006,-1.671499999999999,4.0,9.0,0.0,,,
2524,c1cc2c(cc1C[C@H]3CO[C@@H]([C@@H]3Cc4ccc5c(c4)OCO5)O)OCO2,356.37400000000014,2.5101999999999993,1.0,6.0,0.0,,,
2525,COc1ccc2c(c1)[C@@H]([C@@H](O2)c3cc(c(cc3OC)/C=C/C=O)O)CO,356.374,2.8311000000000024,2.0,6.0,0.0,,,
2526,CCOC(=O)c1ccc(cc1)OCC[NH+]2C[C@@H]([C@H]([C@@H]([C@H]2CO)O)O)O,356.39500000000004,-2.415799999999996,5.0,7.0,0.0,,,
2527,CN(CCOc1ccc(cc1)CC2C(=O)[N-]C(=O)S2)c3ccccn3,356.427,3.275000000000002,0.0,6.0,0.0,,,
2528,C[N+]1(CCc2cc(c(c-3c2C1Cc4c3cc(c(c4)O)OC)OC)OC)C,356.4420000000001,3.314700000000002,1.0,4.0,0.0,,,
2529,COc1ccc2c(c1OC)C[NH+]3CCc4cc(c(cc4C3C2)OC)OC,356.4420000000001,1.9593999999999998,1.0,4.0,0.0,,,
2530,COc1ccc2c(c1OC)C[NH+]3CCc4cc(c(cc4[C@@H]3C2)OC)OC,356.4420000000001,1.9593999999999998,1.0,4.0,0.0,,,
2531,C[N+]1(CCc2cc(c(c-3c2[C@@H]1Cc4c3c(c(cc4)OC)O)OC)OC)C,356.4420000000001,3.314700000000002,1.0,4.0,0.0,,,
2532,C[NH+]1CCc2cc(c(c-3c2[C@@H]1Cc4c3cc(c(c4)OC)OC)OC)OC,356.4420000000001,2.056,1.0,4.0,0.0,,,
2533,C[N+]1(CC[C@]23c4c5ccc(c4O[C@H]2C(=O)CC[C@]3([C@H]1C5)O)O)CC6CC6,356.4420000000001,1.67,2.0,4.0,0.0,,,
2534,Cc1ccc(cc1)C2(CC[NH+](CC2)CCCC(=O)c3ccc(cc3)F)O,356.46099999999996,2.6635200000000014,2.0,2.0,0.0,,,
2535,CCCCC(=O)O[C@H]1CC[C@@H]2[C@@]1(CC[C@H]3[C@H]2CCc4c3ccc(c4)O)C,356.50600000000003,5.350300000000006,1.0,3.0,1.0,,,
2536,CCCSS/C(=C(\C)/N(Cc1cnc(nc1N)C)C=O)/CCO,356.5170000000001,2.7309200000000007,2.0,7.0,0.0,,,
2537,Cc1c(c2cc(ccc2n1C(=O)c3ccc(cc3)Cl)OC)CC(=O)[O-],356.78500000000014,2.59262,0.0,5.0,0.0,,,
2538,c1cc2c(cc1Cl)n(c(=O)s2)CC(=O)N3CC[NH+](CC3)CCO,356.8550000000002,-0.5641999999999994,2.0,5.0,0.0,,,
2539,CC[NH+](CC)Cc1cc(ccc1O)Nc2ccnc3c2ccc(c3)Cl,356.87700000000007,3.762100000000002,3.0,3.0,0.0,,,
2540,Cn1c2ccc(cc2nc1CCCC(=O)[O-])N(CCCl)CCCl,357.26099999999997,1.9298999999999997,0.0,5.0,0.0,,,
2541,C([C@@H]1[C@@H]([C@@H]([C@H]([C@@H](O1)O[C@H]([C@@H](CO)O)[C@@H]([C@H](C(=O)[O-])O)O)O)O)O)O,357.288,-7.003599999999993,8.0,12.0,2.0,,,
2542,CC1(C[C@@H]1C(=O)N/C(=C\CCCCSC[C@@H](C(=O)[O-])[NH3+])/C(=O)[O-])C,357.45200000000006,-1.9535999999999956,2.0,6.0,0.0,,,
2543,CCC(=O)N(c1ccccc1)C2CC[NH+](CC2C)CCc3cccs3,357.54300000000006,3.0271000000000017,1.0,2.0,0.0,,,
2544,CCC(=O)N(c1ccccc1)C2CC[NH+](CC2)C(C)Cc3cccs3,357.54300000000006,3.1696000000000017,1.0,2.0,0.0,,,
2545,Cc1cc2c(c(c1O)OC)C(=O)c3c(cc(c(c3OC)OC)OC)C2=O,358.3460000000001,2.5104200000000008,1.0,7.0,0.0,,,
2546,C=CC/C(=N/OS(=O)(=O)[O-])/S[C@H]1[C@@H]([C@H]([C@@H]([C@H](O1)CO)O)O)O,358.37000000000006,-2.1140999999999996,4.0,11.0,1.0,,,
2547,CC(C)[C@@]12[C@@H](O1)[C@H]3[C@@]4(O3)[C@]5(CCC6=C([C@@H]5C[C@H]7[C@]4(C2=O)O7)COC6=O)C,358.3900000000001,1.3112999999999997,0.0,6.0,0.0,,,
2548,COc1cc(ccc1O)C[C@H]2COC(=O)[C@@H]2Cc3ccc(c(c3)OC)O,358.39000000000004,2.6894000000000013,2.0,6.0,0.0,,,
2549,COc1cc(ccc1O)[C@@H]2[C@H]3CO[C@@H]([C@H]3CO2)c4ccc(c(c4)OC)O,358.39000000000004,3.190200000000002,2.0,6.0,0.0,,,
2550,C[C@H](c1cccc2c1cccc2)[NH2+]CCCc3cccc(c3)C(F)(F)F,358.42699999999996,5.115800000000004,1.0,0.0,1.0,,,
2551,C[C@]12CC(=O)[C@H]3[C@H]([C@@H]1CC[C@@]2(C(=O)CO)O)CCC4=CC(=O)C=C[C@]34C,358.434,1.7658,2.0,5.0,0.0,,,
2552,C[NH+]1CCc2cc(c(cc2-c3cc(cc(c3CC1)OC)OC)OC)OC,358.4580000000001,2.0012999999999996,1.0,4.0,0.0,,,
2553,c1cc(c2c3c1C[C@@H]4[C@]5([C@]3(CC[NH+]4CC6CCC6)[C@@H](O2)[C@H](CC5)O)O)O,358.458,0.29020000000000007,4.0,4.0,0.0,,,
2554,CC[NH+](CC)CC#CCOC(=O)C(c1ccccc1)(C2CCCCC2)O,358.50200000000024,1.925800000000001,2.0,3.0,0.0,,,
2555,c1ccc(cc1)CC[NH2+]CCCCCC[NH2+]CCc2ccc(c(c2)O)O,358.52599999999995,1.570199999999999,4.0,2.0,0.0,,,
2556,C[C@H]1[C@H]2CC[C@@H]3[C@@]2(CC[C@H]4[C@H]3CC=C5[C@@]4(CC[C@@H](C5)[NH+](C)C)C)C[NH+]1C,358.6140000000001,1.975400000000003,2.0,0.0,0.0,,,
2557,Cc1ccc(cn1)c2c(cc(cn2)Cl)c3ccc(cc3)S(=O)(=O)C,358.8500000000001,4.175920000000003,0.0,4.0,0.0,,,
2558,c1cc(c(cc1C[C@H](C(=O)[O-])OC(=O)/C=C/c2ccc(c(c2)O)O)O)O,359.31000000000006,0.42659999999999926,4.0,8.0,0.0,,,
2559,Cc1cc(c(c(c1C(=O)Oc2cc(c(c(c2C)O)C(=O)[O-])C)O)C)OC,359.3540000000001,1.92278,2.0,7.0,0.0,,,
2560,CCCCCOC(=O)Nc1c(cn(c(=O)n1)[C@H]2[C@@H]([C@@H]([C@H](O2)C)O)O)F,359.35400000000004,0.7601999999999995,3.0,8.0,0.0,,,
2561,CC1CCc2c3n1cc(c(=O)c3cc(c2N4CCC(CC4)O)F)C(=O)[O-],359.3770000000001,0.9724000000000002,1.0,6.0,0.0,,,
2562,Cc1c2c(cc(c1F)N3CC[NH2+]C(C3)C)n(cc(c2=O)C(=O)[O-])C4CC4,359.4010000000002,-0.08067999999999942,1.0,5.0,0.0,,,
2563,CC[NH+]1CCN(CC1)c2cc3c(cc2F)c(=O)c(cn3C4CC4)C(=O)[O-],359.4010000000001,-0.4361999999999979,1.0,5.0,0.0,,,
2564,C[NH+](C)CCOc1ccc(cc1)CNC(=O)c2ccc(c(c2)OC)OC,359.44600000000014,1.157100000000001,2.0,4.0,0.0,,,
2565,Cc1c(ccnc1CS(=O)c2[nH]c3ccccc3n2)OCCCOC,359.45100000000025,2.989420000000001,1.0,5.0,0.0,,,
2566,CC#CCC(C)[C@@H](/C=C/[C@H]1[C@@H](C[C@H]2[C@@H]1C/C(=C/CCCC(=O)[O-])/C2)O)O,359.4860000000001,2.206600000000001,2.0,4.0,0.0,,,
2567,CSc1[nH]c2cc(c(cc2n1)Oc3cccc(c3Cl)Cl)Cl,359.66499999999996,6.037300000000001,1.0,3.0,1.0,,,
2568,CN1C(Nc2cc(c(cc2S1(=O)=O)S(=O)(=O)N)Cl)CCl,360.244,0.5982999999999998,2.0,5.0,0.0,,,
2569,c1ccc(cc1)C2(C(=O)N(C(=O)N2)COP(=O)([O-])[O-])c3ccccc3,360.262,0.2847999999999997,1.0,6.0,0.0,,,
2570,C[C@H]([C@H]1[C@@H]2N(C1=O)C(=C(S2)COC(=O)N)C(=O)OCOC(=O)C)O,360.3440000000001,-0.7308000000000003,2.0,9.0,0.0,,,
2571,C/C=C/[C@@H]1[C@H](C1(C)C)C(=O)OCc2c(c(c(c(c2F)F)COC)F)F,360.34700000000004,4.2809000000000035,0.0,3.0,0.0,,,
2572,C=C1CC23CC1(CCC2C45CCCC(C4[C@@H]3C(=O)[O-])(C(=O)O5)C(=O)[O-])O,360.3620000000001,-1.3243999999999976,1.0,7.0,0.0,,,
2573,CCOC(=O)C1=C(NC(=C(C1c2cccc(c2)[N+](=O)[O-])C(=O)OC)C)C,360.36600000000016,2.5657000000000005,1.0,7.0,0.0,,,
2574,CC(C)/C(=N\OS(=O)(=O)[O-])/S[C@H]1[C@@H]([C@H]([C@@H]([C@H](O1)CO)O)O)O,360.3860000000001,-2.0341999999999985,4.0,11.0,1.0,,,
2575,CC(C)[C@@]12[C@@H](O1)[C@H]3[C@@]4(O3)[C@]5(CCC6=C([C@@H]5C[C@H]7[C@]4([C@@H]2O)O7)COC6=O)C,360.40600000000006,1.1030999999999997,1.0,6.0,0.0,,,
2576,CC(C)[C@@]12[C@@H](O1)[C@@H](C3=C([C@@H]2O)C(=O)C[C@@H]4[C@@]3(CCC5=C4COC5=O)C)O,360.4060000000001,1.0544999999999998,2.0,6.0,0.0,,,
2577,C/C=C(\C)/C(=O)OC1C(C2C(C3C(C1O)C(=C)C(=O)O3)C(=CC2=O)C)C,360.4060000000001,1.7342,1.0,6.0,0.0,,,
2578,C[NH+]1CCC23C1(CCc4c2c(c(cc4)O)OC)C(=C(C(=O)C3)OC)OC,360.4300000000002,0.7191999999999996,2.0,5.0,0.0,,,
2579,C[NH+]1CC[C@@]23[C@@]1(CCc4c2c(c(cc4)OC)O)C(=C(C(=O)C3)OC)OC,360.4300000000002,0.7192000000000005,2.0,5.0,0.0,,,
2580,C[C@]12C[C@@H]([C@H]3[C@H]([C@@H]1CC[C@@]2(C(=O)CO)O)CCC4=CC(=O)C=C[C@]34C)O,360.45000000000005,1.5575999999999999,3.0,5.0,0.0,,,
2581,C[C@]12CCC(=O)C=C1CC[C@@H]3[C@@H]2C(=O)C[C@]4([C@H]3CC[C@@]4(C(=O)CO)O)C,360.4500000000001,1.9898,2.0,5.0,0.0,,,
2582,CC1CCCC[NH+]1CCCOC(=O)c2ccc(cc2)OC3CCCCC3,360.51800000000026,3.402300000000002,1.0,3.0,0.0,,,
2583,CCC(=O)O[C@H]1CC[C@@H]2[C@@]1(CC[C@H]3[C@H]2CC[C@@H]4[C@@]3(C[C@H](C(=O)C4)C)C)C,360.5380000000001,5.166000000000006,0.0,3.0,1.0,,,
2584,CCCCCCCCCCCCCCCC[N+](C)(C)Cc1ccccc1,360.65000000000003,7.744300000000009,0.0,0.0,1.0,,,
2585,CCOC(=O)C1C(=O)Nc2ccc(cc2C(=N1)c3ccccc3F)Cl,360.77200000000005,3.2003000000000013,1.0,4.0,0.0,,,
2586,CC(C)(C(=O)[O-])Oc1ccc(cc1)CCNC(=O)c2ccc(cc2)Cl,360.817,2.2197999999999993,1.0,4.0,0.0,,,
2587,CC(C)OC(=O)C(C)(C)Oc1ccc(cc1)C(=O)c2ccc(cc2)Cl,360.837,4.680000000000004,0.0,4.0,0.0,,,
2588,CC(=O)OCC(C(c1cn(nn1)c2ccccc2)OC(=O)C)OC(=O)C,361.3540000000002,1.3662999999999998,0.0,9.0,0.0,,,
2589,C[C@H]1COc2c3n1cc(c(=O)c3cc(c2N4CC[NH+](CC4)C)F)C(=O)[O-],361.3730000000001,-1.2077999999999987,1.0,6.0,0.0,,,
2590,CC1COc2c3n1cc(c(=O)c3cc(c2N4CC[NH+](CC4)C)F)C(=O)[O-],361.3730000000001,-1.2077999999999987,1.0,6.0,0.0,,,
2591,CC(=O)Oc1ccc(cc1)C(c2ccc(cc2)OC(=O)C)c3ccccn3,361.3970000000001,4.112400000000003,0.0,5.0,0.0,,,
2592,c1c(c(cc(c1Cl)Cl)Cl)OCC#CI,361.393,4.4215,0.0,1.0,0.0,,,
2593,c1ccc(cc1)Oc2c(cc(cc2S(=O)(=O)N)C(=O)[O-])N3CCCC3,361.3990000000002,1.0899999999999999,1.0,6.0,0.0,,,
2594,C/C=C(/C)\C(=O)OC1CCC2C3CN4C(CCCC4=O)C(C3=O)C[NH+]2C1,361.4620000000001,0.12150000000000288,1.0,4.0,0.0,,,
2595,CCCCC(CC)COC(=O)C(=C(c1ccccc1)c2ccccc2)C#N,361.48500000000007,5.771680000000006,0.0,3.0,1.0,,,
2596,c1ccc2c(c1)C(=O)O[Bi](O2)O,362.093,0.2129999999999998,1.0,4.0,0.0,,,
2597,C1=CO[C@H]([C@H]2[C@@H]1[C@@H]([C@H]3[C@@]2(O3)CO)O)O[C@H]4[C@@H]([C@H]([C@@H]([C@H](O4)CO)O)O)O,362.3310000000001,-3.5902999999999965,6.0,10.0,1.0,,,
2598,C[n+]1cc2c(c3c1c4cc5c(cc4cc3)OCO5)c(cc6c2OCO6)OC,362.36100000000016,3.436700000000002,0.0,5.0,0.0,,,
2599,C[NH+]1CCN(CC1)c2c(cc3c4c2OCN(n4cc(c3=O)C(=O)[O-])C)F,362.3610000000001,-2.2434999999999947,1.0,7.0,0.0,,,
2600,c1c([nH]cn1)C[C@@H](C(=O)N2CCC[C@H]2C(=O)N)NC(=O)[C@@H]3CCC(=O)N3,362.3900000000001,-1.808099999999996,4.0,5.0,0.0,,,
2601,CC[NH+](CC)CCc1c(c2ccc(cc2oc1=O)OCC(=O)OCC)C,362.4460000000002,1.5105199999999999,1.0,5.0,0.0,,,
2602,C[NH+]1CCC23C1(CCc4c2c(c(cc4)OC)O)C(=C(C(C3)O)OC)OC,362.44600000000014,0.5110000000000002,3.0,5.0,0.0,,,
2603,C[C@]12CCC(=O)C=C1CC[C@@H]3[C@@H]2[C@H](C[C@]4([C@H]3CC[C@@]4(C(=O)CO)O)C)O,362.46600000000007,1.7815999999999996,3.0,5.0,0.0,,,
2604,CCOC(=O)C1(CC[NH+](CC1)CCOCC2CCCO2)c3ccccc3,362.49,1.361800000000001,1.0,4.0,0.0,,,
2605,c1ccc(cc1)C(=O)C[NH+]2CCC34CCCCC3C2Cc5c4cc(cc5)O,362.49300000000005,2.9164000000000017,2.0,2.0,0.0,,,
2606,c1ccc(cc1)C(Cc2nc(on2)CC[NH+]3CCCCC3)c4ccccc4,362.49700000000007,3.055500000000001,1.0,3.0,0.0,,,
2607,CCOP(=S)(OCC)Oc1ccc2c(c(c(=O)oc2c1)Cl)C,362.771,4.4311200000000035,0.0,6.0,0.0,,,
2608,Cc1cccc(c1C(=O)Nc2cn[nH]c2C(=O)NC3CC[NH2+]CC3)Cl,362.84100000000024,1.0794199999999998,4.0,3.0,0.0,,,
2609,c1nc2c(nc(nc2n1[C@H]3[C@H]([C@@H]([C@H](O3)COP(=O)([O-])[O-])O)O)F)N,363.1980000000001,-2.987899999999999,3.0,12.0,1.0,,,
2610,Cn1c2c(ccc3c2cc4c(c3)OCO4)c5cc(c(cc5c1=O)OC)OC,363.3690000000001,3.5908000000000024,0.0,6.0,0.0,,,
2611,Cn1c2c(ccc3c2cc4c(c3)OCO4)c5ccc(c(c5c1=O)OC)OC,363.36900000000014,3.5908000000000024,0.0,6.0,0.0,,,
2612,CC1=C(N2[C@@H]([C@@H](C2=O)NC(=O)[C@@H](c3ccc(cc3)O)[NH3+])SC1)C(=O)[O-],363.3950000000001,-1.9009999999999982,3.0,6.0,0.0,,,
2613,CC(C(=O)N[C@H]1[C@@H]2N(C1=O)[C@H](C(S2)(C)C)C(=O)[O-])Oc3ccccc3,363.4150000000001,-0.24909999999999988,1.0,6.0,0.0,,,
2614,CCCCNc1cc(cc(c1Oc2ccccc2)S(=O)(=O)N)C(=O)[O-],363.41500000000013,1.7017999999999998,2.0,6.0,0.0,,,
2615,c1ccc(cc1)[C@H]2c3ccccc3CCN2C(=O)O[C@H]4C[NH+]5CCC4CC5,363.4810000000001,2.4478,1.0,2.0,0.0,,,
2616,CCCCCCCCCCCC(=O)OCCNC(=O)C[n+]1ccccc1,363.52200000000005,3.554400000000001,1.0,3.0,0.0,,,
2617,CC1COC2([NH+]1CC(=O)Nc3c2cc(cc3)Cl)c4ccccc4Cl,364.25200000000007,2.4502000000000006,2.0,2.0,0.0,,,
2618,CC[C@@]1(c2cc-3n(c(=O)c2COC1=O)Cc4c3nc5ccc(cc5c4)O)O,364.35699999999997,1.7851999999999997,2.0,7.0,0.0,,,
2619,C[C@@H]1[C@H]([C@@]2([C@@H](C2(C)C)[C@H]3[C@]1([C@@H]4C=C(C(=O)[C@]4(CC(=C3)CO)O)C)O)O)O,364.43800000000005,-0.06990000000000013,5.0,6.0,0.0,,,
2620,C[C@@H]1C[C@@H](C(=O)[C@]2([C@H]1C[C@@H]3[C@@]4([C@@H]2[C@@H](C(=O)[C@@H]([C@@H]4CC(=O)O3)C)O)C)C)O,364.4380000000001,1.1162999999999998,2.0,6.0,0.0,,,
2621,CC(=O)Oc1ccc(cc1)C(=C2CCCCC2)c3ccc(cc3)OC(=O)C,364.44100000000003,5.303200000000005,0.0,4.0,1.0,,,
2622,CC(=O)C1(CCC2(C1(C(CC3C2CC=C4C3(CCC(C4)O)C)O)C)O)O,364.482,1.7159000000000004,4.0,5.0,0.0,,,
2623,CC(=O)C1CC[C@]2(C1([C@@H](CC3C2(CC=C4C3(CC[C@@H](C4)O)C)O)O)C)O,364.482,1.7159000000000002,4.0,5.0,0.0,,,
2624,CC(=O)C1CC[C@]2([C@@]1([C@@H](CC3C2(CC=C4C3(CC[C@@H](C4)O)C)O)O)C)O,364.482,1.7159000000000002,4.0,5.0,0.0,,,
2625,c1ccc2c(c1)C=Cc3ccccc3N2CCCN4CC[NH+](CC4)CCO,364.5130000000002,1.8914000000000004,2.0,3.0,0.0,,,
2626,CCCCC[C@H](/C=C/[C@H]1[C@@H](C[C@H]2[C@@H]1CC(=C2)CCCCC(=O)OC)O)O,364.52600000000007,4.160500000000005,2.0,4.0,0.0,,,
2627,C[C@]12CC[C@@H]3c4ccc(cc4CC[C@H]3[C@@H]1CC[C@]2(C#C)O)OC5CCCC5,364.5290000000001,5.228400000000006,1.0,2.0,1.0,,,
2628,CCCCCCCCCCCC[N+](CCO)(CCO)Cc1ccccc1,364.59400000000005,4.908900000000005,2.0,2.0,0.0,,,
2629,CCCCCCCCCCCCCCCCCCCCCCCCC=C,364.70200000000017,10.164599999999995,0.0,0.0,1.0,,,
2630,CC(=O)O[C@H]1CC[C@@H]2[C@@]1(CC[C@H]3[C@H]2CCC4=C(C(=O)CC[C@]34C)Cl)C,364.91300000000007,5.016500000000005,0.0,3.0,1.0,,,
2631,CC1([C@@H](N2[C@H](S1)[C@@H](C2=O)NC(=O)[C@@H](c3ccc(cc3)O)[NH3+])C(=O)[O-])C,365.4110000000001,-2.0277999999999983,3.0,6.0,0.0,,,
2632,COC1=C(N2[C@@H]([C@@H](C2=O)NC(=O)[C@@H](C3=CCC=CC3)[NH3+])SC1)C(=O)[O-],365.4110000000001,-2.1188999999999965,2.0,6.0,0.0,,,
2633,CO[C@]12C[C@@H]3[C@H]4[C@@H]5CC(=O)N6[C@@H]4C1(CC[NH+]2CC3=CCO5)c7c6cccc7,365.4530000000001,0.6495000000000006,1.0,3.0,0.0,,,
2634,COc1ccc2c(c1)C34CC[NH+]5C3CC6C7C4N2C(=O)CC7OCC=C6C5,365.4530000000002,0.6839999999999999,1.0,3.0,0.0,,,
2635,c1ccc(cc1)CN2C3C[S+]4CCCC4C3N(C2=O)Cc5ccccc5,365.5220000000001,3.6559000000000026,0.0,1.0,0.0,,,
2636,c1cc2c(cc1)C(=O)C(=C(C2=O)[C@H]3CC[C@@H](CC3)c4ccc(cc4)Cl)[O-],365.836,4.307400000000004,0.0,3.0,0.0,,,
2637,Cc1ccccc1N2C(Nc3cc(c(cc3C2=O)S(=O)(=O)N)Cl)C,365.84200000000004,2.714120000000001,2.0,4.0,0.0,,,
2638,CC1Cc2ccccc2N1NC(=O)c3ccc(c(c3)S(=O)(=O)N)Cl,365.842,2.0834,2.0,4.0,0.0,,,
2639,c1cc2c(=O)cc([nH]c2c(c1)O[C@H]3[C@H]([C@H]([C@H]([C@H](O3)CO)O)O)O)C(=O)[O-],366.3020000000001,-2.929699999999999,5.0,9.0,0.0,,,
2640,CC1(C=Cc2c3c(c(=O)c4ccccc4n3C)c(c(c2O1)[N+](=O)[O-])OC)C,366.37300000000016,3.7927000000000026,0.0,6.0,0.0,,,
2641,c1ccc(cc1)C(=O)SCC(=O)NCC(=O)NCC(=O)NCC(=O)[O-],366.3750000000001,-2.3414999999999973,3.0,7.0,0.0,,,
2642,Cc1cc(cc(c1Nc2ccnc(n2)Nc3ccc(cc3)C#N)C)/C=C/C#N,366.4280000000001,4.989100000000002,2.0,6.0,0.0,,,
2643,Cc1c2ccc(c(c2c[n+]3c1-c4cc(c(cc4CC3)OC)OC)OC)OC,366.4370000000001,3.693220000000003,0.0,4.0,0.0,,,
2644,CC(C1(CC[C@]2([C@@]1([C@@H](CC3C2CC=C4[C@@]3(CC[C@@H](C4)O)C)O)C)O)O)O,366.498,1.5077000000000003,5.0,5.0,0.0,,,
2645,C[C@]12CCC(=O)C=C1[C@@H]3C[C@@H]3[C@@H]4[C@@H]2CC[C@]5([C@H]4[C@@H]6C[C@@H]6[C@@]57CCC(=O)O7)C,366.50100000000015,4.305900000000004,0.0,3.0,0.0,,,
2646,CC(=CCC/C(=C/CC/C(=C/COc1ccc2ccc(=O)oc2c1)/C)/C)C,366.50100000000015,6.591000000000006,0.0,3.0,1.0,,,
2647,c1ccc2c(c1)N(c3cc(ccc3S2)C#N)CCC[NH+]4CCC(CC4)O,366.51000000000016,2.590680000000001,2.0,4.0,0.0,,,
2648,CCCCCCCCCCCCCCCCCCCCCCCCCC,366.7180000000002,10.388599999999993,0.0,0.0,1.0,,,
2649,COC(CNC(=O)N)C[Hg]Cl,367.198,0.3243000000000004,2.0,2.0,0.0,,,
2650,CC(=O)Oc1cccc2c1C(=O)c3c(cc(cc3OC(=O)C)C(=O)[O-])C2=O,367.28900000000016,0.6760999999999998,0.0,8.0,0.0,,,
2651,CO/C=C(/[C@H]1C[C@H]2c3c(c4ccccc4[nH]3)CC[NH+]2C[C@@H]1C=C)\C(=O)OC,367.46900000000016,2.1754,2.0,3.0,0.0,,,
2652,CO/C=C(\[C@H]1C[C@@H]2c3c(c4ccccc4[nH]3)CC[NH+]2C[C@@H]1C=C)/C(=O)OC,367.46900000000016,2.1754,2.0,3.0,0.0,,,
2653,C[C@]12CC[C@H]3[C@H]([C@@H]1CCC2=O)CC=C4[C@@]3(CC[C@@H](C4)OS(=O)(=O)[O-])C,367.4870000000001,3.3637000000000024,0.0,5.0,0.0,,,
2654,CCCCC[C@@](C)(/C=C/[C@H]1[C@@H](C[C@@H]([C@@H]1C/C=C/CCCC(=O)[O-])O)O)O,367.50600000000014,2.0983000000000014,3.0,5.0,0.0,,,
2655,CCC(=O)N(c1ccccc1)C2CC[NH+](CC2C)CC(c3ccccc3)O,367.51300000000003,2.4565000000000006,2.0,2.0,0.0,,,
2656,CCOC(=O)C1(CC[NH+](CC1)CCCNc2ccccc2)c3ccccc3,367.51300000000003,2.668400000000001,2.0,3.0,0.0,,,
2657,CC(C)COCC(CN(Cc1ccccc1)c2ccccc2)[NH+]3CCCC3,367.5570000000002,3.413100000000002,1.0,2.0,0.0,,,
2658,CCCCCCCCCCCCCCCCCCCCCCCC(=O)[O-],367.63800000000015,7.338400000000008,0.0,2.0,1.0,,,
2659,CC(=O)OCC(=O)Nc1cc(cc(c1Cl)NC(=O)COC(=O)C)C#N,367.7450000000002,1.21488,2.0,7.0,0.0,,,
2660,c1ccc(cc1)[C@H](C(=O)N[C@H]2[C@@H]3N(C2=O)C(=C(CS3)Cl)C(=O)[O-])[NH3+],367.8140000000001,-1.4301999999999984,2.0,5.0,0.0,,,
2661,COc1c(ccc(c1)/C=C/C(=O)CC(=O)/C=C/c2cc(c(cc2)O)OC)O,368.38500000000005,3.3699000000000026,2.0,6.0,0.0,,,
2662,C[C@@]12c3ccc4c(c3C[NH+]([C@@H]1c5cc6c(cc5C[C@@H]2O)OCO6)C)OCO4,368.40900000000016,1.0882999999999994,2.0,5.0,0.0,,,
2663,CC1c2ccc3c(c2C[NH+](CCc4cc5c(cc4C1=O)OCO5)C)OCO3,368.40900000000016,1.7011999999999998,1.0,5.0,0.0,,,
2664,CC(C)(C)[NH2+]CC(c1cc(cc(c1)OC(=O)N(C)C)OC(=O)N(C)C)O,368.4540000000001,1.2027000000000003,2.0,5.0,0.0,,,
2665,CCC[C@@H](C(=O)OCC)[NH2+][C@@H](C)C(=O)N1[C@H]2CCCC[C@H]2C[C@H]1C(=O)[O-],368.47400000000016,-0.4202999999999968,1.0,5.0,0.0,,,
2666,Cc1c(c(c(cn1)CSSCc2cnc(c(c2CO)O)C)CO)O,368.48000000000013,2.570840000000003,4.0,8.0,0.0,,,
2667,CCOC(=O)C1(CC[NH+](CC1)CCC(c2ccccc2)O)c3ccccc3,368.497,2.2899000000000003,2.0,3.0,0.0,,,
2668,CC(C)[N+](C)(CCOC(=O)C1c2ccccc2Oc3c1cccc3)C(C)C,368.4970000000001,4.730800000000005,0.0,3.0,0.0,,,
2669,CCOC(=O)C1(CC[NH+](CC1)CCOCc2ccccc2)c3ccccc3,368.497,2.383000000000001,1.0,3.0,0.0,,,
2670,CCCOC(c1ccccc1)(c2ccccc2)C(=O)OC3CC[NH+](CC3)C,368.4970000000002,2.5771000000000006,1.0,3.0,0.0,,,
2671,CC[N+]1(CCCCC1)CCOC(=O)C(c2ccccc2)(c3ccccc3)O,368.49700000000007,3.486300000000002,1.0,3.0,0.0,,,
2672,CCC(c1ccccc1)C(=O)OCC[NH+]2CCOC(C2C)c3ccccc3,368.49699999999996,2.7683,1.0,3.0,0.0,,,
2673,CC[NH+]1CCN(CC1)c2cc(c3c(n2)CCCCCC3)c4ccc(cc4)F,368.5200000000001,3.2715000000000023,1.0,2.0,0.0,,,
2674,CC1=CC(=O)N2CC(=O)N(c3ccc(cc3C2(O1)c4ccccc4)Cl)C,368.82,3.280100000000002,0.0,3.0,0.0,,,
2675,CCCc1c2c(cc3c1oc(cc3=O)C(=O)[O-])c(=O)cc(n2CC)C(=O)[O-],369.3290000000001,-0.1927000000000001,0.0,8.0,0.0,,,
2676,C[NH+]1CCN(CC1)c2c(cc3c(c2F)n(cc(c3=O)C(=O)[O-])CCF)F,369.34300000000013,-1.0525999999999982,1.0,5.0,0.0,,,
2677,Cc1c(ccnc1C[S@@](=O)c2[nH]c3ccccc3n2)OCC(F)(F)F,369.3680000000001,3.515220000000002,1.0,4.0,0.0,,,
2678,Cc1c(ccnc1CS(=O)c2[nH]c3ccccc3n2)OCC(F)(F)F,369.3680000000001,3.515220000000002,1.0,4.0,0.0,,,
2679,CCC(=O)[N-]S(=O)(=O)c1ccc(cc1)c2c(onc2c3ccccc3)C,369.4220000000001,4.3160200000000035,0.0,5.0,0.0,,,
2680,Cc1c(ccc2c1c(nc(n2)N)N)CNc3cc(c(c(c3)OC)OC)OC,369.4250000000001,2.740520000000001,3.0,8.0,0.0,,,
2681,C[C@H]1[C@H]2C[NH+]3CC[C@]4([C@@H]3C[C@@H]2C(=CO1)C(=O)OC)c5ccccc5NC4=O,369.44100000000003,0.6454000000000006,2.0,4.0,0.0,,,
2682,C[C@H]1[C@@H]2C[NH+]3CC[C@@]4([C@@H]3C[C@@H]2C(=CO1)C(=O)OC)c5ccccc5NC4=O,369.44100000000003,0.6454000000000006,2.0,4.0,0.0,,,
2683,CC1C2C[NH+]3CCC4(C3CC2C(=CO1)C(=O)OC)c5ccccc5NC4=O,369.44100000000003,0.6454000000000006,2.0,4.0,0.0,,,
2684,C[C@H]1[C@@H]2C[NH+]3CC[C@]4([C@@H]3C[C@@H]2C(=CO1)C(=O)OC)c5ccccc5NC4=O,369.44100000000003,0.6454000000000006,2.0,4.0,0.0,,,
2685,c1cc2c(cc1OCCCCc3nnnn3C4CCCCC4)CCC(=O)N2,369.4690000000002,3.4647000000000014,1.0,6.0,0.0,,,
2686,CC[C@H]1C[NH+]2CCc3c4ccccc4[nH]c3[C@H]2C[C@@H]1/C(=C\OC)/C(=O)OC,369.4850000000002,2.3994,2.0,3.0,0.0,,,
2687,CC[C@]12CC[C@H]3[C@H]([C@@H]1CC[C@]2(C#C)OC(=O)C)CCC4=C/C(=N/O)/CC[C@H]34,369.5050000000001,4.714500000000005,1.0,4.0,0.0,,,
2688,c1ccc(cc1)/C=C/CN2CC[NH+](CC2)C(c3ccccc3)c4ccccc4,369.532,3.6899000000000024,1.0,1.0,0.0,,,
2689,c1ccc2c(c1)c(cc(=O)[nH]2)CC(C(=O)[O-])NC(=O)c3ccc(cc3)Cl,369.7840000000001,1.2724999999999993,2.0,4.0,0.0,,,
2690,c1cc(c(cc1C(=O)NN2C[C@H]3[C@@H]4CC[C@@H](C4)[C@H]3C2)S(=O)(=O)N)Cl,369.874,1.6101,2.0,4.0,0.0,,,
2691,COc1cc2ccc(=O)oc2c(c1O)O[C@H]3[C@@H]([C@H]([C@@H]([C@H](O3)CO)O)O)O,370.31000000000006,-1.3141,5.0,10.0,0.0,,,
2692,COc1cc(cc(c1)O[C@H]2[C@@H]([C@H]([C@@H]([C@H](O2)CO)O)O)O)/C=C/C(=O)OC,370.3540000000001,-0.9399000000000002,4.0,9.0,0.0,,,
2693,c1cc2c(cc1[C@@H]3[C@H]4CO[C@@H]([C@H]4CO3)Oc5ccc6c(c5)OCO6)OCO2,370.35700000000014,2.883000000000001,0.0,7.0,0.0,,,
2694,c1cc2c(cc1[C@@H]3[C@H]4CO[C@@H]([C@]4(CO3)O)c5ccc6c(c5)OCO6)OCO2,370.35700000000014,2.3340999999999994,1.0,7.0,0.0,,,
2695,c1cc2c(cc1[C@@H]3[C@]4(COC([C@H]4CO3)c5ccc6c(c5)OCO6)O)OCO2,370.35700000000014,2.3340999999999994,1.0,7.0,0.0,,,
2696,C[NH+](C)CCc1cc(c2c3c1c(=O)oc4c3c(ccc4OC)c(=O)o2)OC,370.38100000000014,1.1946000000000006,1.0,6.0,0.0,,,
2697,C[NH+]1CCc2cc3c(cc2C4C1c5ccc6c(c5C(O4)O)OCO6)OCO3,370.3810000000002,1.0183,2.0,6.0,0.0,,,
2698,C[NH+]1CCc2cc3c(cc2C(=O)Cc4ccc(c(c4C1)OC)OC)OCO3,370.4250000000002,1.4287,1.0,5.0,0.0,,,
2699,CC(=O)Oc1ccc2c3c1O[C@@H]4[C@]35CC[NH+]([C@H](C2)[C@@H]5C=C[C@@H]4OC(=O)C)C,370.42500000000007,0.5715000000000003,1.0,5.0,0.0,,,
2700,C[C@H]1c2ccc(c(c2C[NH+]3[C@H]1c4cc(c(cc4CC3)OC)OC)OC)OC,370.46900000000016,2.5204000000000004,1.0,4.0,0.0,,,
2701,CC(CCC[NH2+]/C(=C/1\CCOC1=O)/C)Nc2cc(cc3c2nccc3)OC,370.4730000000001,2.6083000000000007,2.0,5.0,0.0,,,
2702,CC[NH+]1CCCC1CNC(=O)c2cc(c(cc2OC)N)S(=O)(=O)CC,370.4950000000001,-0.13199999999999656,3.0,5.0,0.0,,,
2703,CCC(=O)[C@]1([C@@H](CC2[C@@]1(C[C@@H](C3C2CCC4=CC(=O)C=C[C@]34C)O)C)C)C,370.5330000000001,4.496500000000005,1.0,3.0,0.0,,,
2704,CC1([C@@H]([C@H]1C(=O)OCc2c(c(cc(c2F)F)F)F)C=C(Cl)Cl)C,371.157,4.877400000000002,0.0,2.0,0.0,,,
2705,CC1=C(C(C(=C(N1)C)C(=O)OC(C)C)c2cccc3c2non3)C(=O)OC,371.39300000000014,2.5822000000000003,1.0,8.0,0.0,,,
2706,CC\1=C(c2cc(ccc2/C1=C\c3ccc(cc3)S(=O)(=O)C)F)CC(=O)[O-],371.40900000000016,2.696900000000001,0.0,4.0,0.0,,,
2707,C[NH+]1CCCCC1CCN2c3ccccc3Sc4c2cc(cc4)SC,371.59500000000014,4.468500000000004,1.0,3.0,0.0,,,
2708,CN1c2ccc(cc2C(=NC(C1=O)OC(=O)N(C)C)c3ccccc3)Cl,371.82400000000007,3.1781000000000015,0.0,4.0,0.0,,,
2709,CN1C(=C(c2c(cc(s2)Cl)S1(=O)=O)O)C(=O)Nc3ccccn3,371.82700000000006,2.2959000000000005,2.0,6.0,0.0,,,
2710,c1ccc(c(c1)c2nc(n(n2)c3ccc(cc3)C(=O)[O-])c4ccccc4O)O,372.36000000000007,2.3760000000000003,2.0,7.0,0.0,,,
2711,COc1cc(ccc1O)CCC(=O)CC(=O)CCc2ccc(c(c2)OC)O,372.41700000000003,3.2087000000000026,2.0,6.0,0.0,,,
2712,C[C@H]1C[C@H]2[C@@H]3CCC4=CC(=O)C=C[C@@]4([C@H]3C(=O)C[C@@]2([C@]1(C(=O)CO)O)C)C,372.4610000000001,2.0118,2.0,5.0,0.0,,,
2713,CC(=O)OCC(=O)[C@H]1CC[C@@H]2[C@@]1(CC[C@H]3[C@H]2CCC4=CC(=O)CC[C@]34C)C,372.50500000000017,4.266700000000004,0.0,4.0,0.0,,,
2714,CC/C(=C(\c1ccccc1)/c2ccc(cc2)OCC[NH+](C)C)/c3ccccc3,372.53200000000004,4.579000000000004,1.0,1.0,0.0,,,
2715,CN(C)c1ccc(cc1)C(=C2C=CC(=[N+](C)C)C=C2)c3ccc(cc3)N(C)C,372.53600000000006,4.459600000000004,0.0,2.0,0.0,,,
2716,CCCCCCC(C)(C)c1cc(c2c(c1)OC([C@H]3[C@H]2CC(=O)CC3)(C)C)O,372.5490000000002,6.264000000000007,1.0,3.0,1.0,,,
2717,C[C@]12CC[C@H]3[C@H]([C@@H]1CC[C@@H]2C(=O)NC(C)(C)C)CC[C@@H]4[C@@]3(C=CC(=O)N4)C,372.5530000000001,3.8145000000000024,2.0,2.0,0.0,,,
2718,CC(C)(C)[NH2+]CC(CSc1nc(cs1)c2ccc(s2)C(=O)N)O,372.5610000000001,1.7854,3.0,6.0,0.0,,,
2719,CC(=O)[C@H]1C(CC2([C@@]1(CC[C@]34[C@H]2CCC5[C@]3(C4)CC[C@@H](C5=C)[NH2+]C)C)C)O,372.5730000000001,3.077100000000002,2.0,2.0,0.0,,,
2720,C[Si](C)(C)O[Si](c1ccccc1)(O[Si](C)(C)C)O[Si](C)(C)C,372.7620000000001,4.387000000000004,0.0,3.0,0.0,,,
2721,c1ccc(c(c1)C(=O)OCC(CO)O)Nc2ccnc3c2ccc(c3)Cl,372.8080000000001,3.1418000000000017,3.0,6.0,0.0,,,
2722,c1ccn2c(c1)nn(c2=O)CCC[NH+]3CCN(CC3)c4cccc(c4)Cl,372.88,0.9446000000000001,1.0,5.0,0.0,,,
2723,Cc1cc(c(c(c1C(=O)[O-])O)C)OC(=O)c2c(cc(c(c2OC)C)OC)C,373.3810000000002,2.2257800000000003,1.0,7.0,0.0,,,
2724,C=C[C@H]1[C@@H](OC=C2[C@]1(CCOC2=O)O)O[C@H]3[C@@H]([C@H]([C@@H]([C@H](O3)CO)O)O)O,374.34200000000004,-2.4766999999999975,5.0,10.0,0.0,,,
2725,Cc1cc(c(c(c1C(=O)Oc2cc(c(c(c2C)O)C(=O)OC)C)O)C=O)O,374.3450000000001,2.5469600000000017,3.0,8.0,0.0,,,
2726,CS(=O)(=O)Nc1cc2c(cc1Oc3ccccc3)c(=O)c(co2)NC=O,374.37400000000014,2.5250999999999992,2.0,6.0,0.0,,,
2727,CC(=CC(=O)O[C@H]1CC2=C[C@@H](C[C@@]3([C@H](O3)[C@@H]4[C@@H]1C(=C)C(=O)O4)C)OC2=O)C,374.3890000000002,1.7652999999999999,0.0,7.0,0.0,,,
2728,CCC(C)/C(=N\OS(=O)(=O)[O-])/S[C@H]1[C@@H]([C@H]([C@@H]([C@H](O1)CO)O)O)O,374.41300000000007,-1.644099999999999,4.0,11.0,1.0,,,
2729,CCO[C@@]12/C=C(\C[C@@H]([C@@H]3[C@@H]([C@@H](O1)C(=C2)C)OC(=O)C3=C)OC(=O)C(=C)C)/C,374.4330000000002,3.0000000000000018,0.0,6.0,0.0,,,
2730,CC(=O)Oc1cc2c(s1)CC[NH+](C2)C(c3ccccc3F)C(=O)C4CC4,374.4570000000001,2.4739000000000004,1.0,4.0,0.0,,,
2731,C[NH+]1CC[C@@]23[C@@]1(CCc4c2c(c(cc4)OC)OC)C(=C(C(=O)C3)OC)OC,374.4570000000002,1.0222000000000007,1.0,5.0,0.0,,,
2732,C[C@H]1C[C@H]2[C@@H]3CC[C@@]([C@]3(C[C@@H]([C@@H]2[C@@]4(C1=CC(=O)C=C4)C)O)C)(C(=O)CO)O,374.47700000000015,1.8036000000000003,3.0,5.0,0.0,,,
2733,C[C@]12CC[C@@H](C[C@H]1CC[C@@H]3[C@@H]2CC[C@]4([C@@]3(CC[C@@H]4C5=CC(=O)OC5)O)C)O,374.5210000000001,3.6043000000000034,2.0,4.0,0.0,,,
2734,CCCCCC/C=C\CCCCCCCCCC1=CC(=O)C=C(C1=O)OC,374.56500000000005,6.632400000000008,0.0,3.0,1.0,,,
2735,C[C@@H]([C@H]1CC[C@@H]2[C@@]1(CC[C@H]3[C@H]2CC=C4[C@@]3(CC[C@@H](C4)[NH+](C)C)C)C)[NH+](C)C,374.6570000000001,2.611500000000003,2.0,0.0,0.0,,,
2736,COc1cc(c(cc1C(=O)NC2CC[NH+](CC2)Cc3ccccc3)Cl)N,374.89200000000005,1.9080999999999992,3.0,3.0,0.0,,,
2737,CC(=O)[C@]1(CC[C@@H]2[C@@]1(CC[C@H]3[C@H]2C=C(C4=CC(=O)[C@@H]5C[C@@H]5[C@]34C)Cl)C)O,374.90800000000013,4.036800000000004,1.0,3.0,0.0,,,
2738,CN1CC[NH+](CC1)CCCN2c3ccccc3Sc4c2cc(cc4)Cl,374.9610000000001,3.163100000000002,1.0,3.0,0.0,,,
2739,C[NH+]1CCN(CC1)CCCN2c3ccccc3Sc4c2cc(cc4)Cl,374.9610000000001,3.163100000000002,1.0,3.0,0.0,,,
2740,CC1CN(CC[NH2+]1)c2c(cc3c(c2OC)n(cc(c3=O)C(=O)[O-])C4CC4)F,375.40000000000015,-0.38049999999999917,1.0,6.0,0.0,,,
2741,Cc1ccsc1C(=CCC[NH+]2CCC[C@H](C2)C(=O)[O-])c3c(ccs3)C,375.5590000000001,2.2930400000000004,1.0,4.0,0.0,,,
2742,c1ccc(cc1)C(c2ccc(cc2)Cl)N3CC[NH+](CC3)CCOCCO,375.9200000000002,1.6387999999999998,2.0,3.0,0.0,,,
2743,Cc1cc2c(cc1C)n(c-3nc(=O)[nH]c(=O)c3n2)C[C@@H]([C@@H]([C@@H](CO)O)O)O,376.369,-1.7235599999999995,5.0,9.0,0.0,,,
2744,CC1([C@@H](N2[C@H](S1)[C@@H](C2=O)NC(=O)C(c3ccccc3)C(=O)[O-])C(=O)[O-])C,376.39000000000016,-2.1828999999999974,1.0,7.0,0.0,,,
2745,C/C=C(\C)/C(=O)O[C@@H]([C@@H](c1cc2ccc(=O)oc2cc1OC)O)C(C)(C)O,376.4050000000001,2.4839000000000007,2.0,7.0,0.0,,,
2746,CC(C)[C@@]12[C@@H](O1)[C@H]3[C@@]4(O3)[C@]5(C[C@@H](C6=C([C@@H]5C[C@H]7[C@]4([C@@H]2O)O7)COC6=O)O)C,376.4050000000001,0.07389999999999974,2.0,7.0,0.0,,,
2747,CC1=CC(=O)[C@H]([C@]2([C@H]1C[C@@H]3[C@]45[C@@H]2[C@]([C@@H](C(=C)[C@@H]4CC(=O)O3)O)(OC5)O)C)O,376.4050000000001,0.08629999999999999,3.0,7.0,0.0,,,
2748,C[C@]12CCC3=C([C@@H]1C[C@H]4[C@@]5([C@@]26[C@@H](O6)[C@H]7[C@@]([C@H]5O)(O7)C(C)(C)O)O4)COC3=O,376.40500000000014,0.21799999999999986,2.0,7.0,0.0,,,
2749,CCOC(=O)[C@H](CCc1ccccc1)[NH2+][C@@H](C)C(=O)N2CCC[C@H]2C(=O)[O-],376.45300000000026,-0.7562999999999966,1.0,5.0,0.0,,,
2750,C[C@@H]1C[C@H]2[C@@H]3CCC4=CC(=O)C=C[C@@]4([C@]3([C@H](C[C@@]2([C@H]1C(=O)CO)C)O)F)C,376.46800000000013,2.780800000000001,2.0,4.0,0.0,,,
2751,C[C@H]1C[C@H]2[C@@H]3CC[C@@]([C@]3(C[C@@H]([C@@]2([C@@]4(C1=CC(=O)C=C4)C)F)O)C)(C(=O)C)O,376.4680000000001,2.9233000000000016,2.0,4.0,0.0,,,
2752,C[C@@H]1C[C@H]2[C@@H]3C[C@@H](C4=CC(=O)C=C[C@@]4([C@H]3[C@H](C[C@@]2([C@H]1C(=O)CO)C)O)C)F,376.46800000000013,2.636700000000001,2.0,4.0,0.0,,,
2753,C[NH+]1CC[C@]23c4c5ccc(c4O[C@H]2[C@H](C=C[C@H]3[C@H]1C5)O)OCc6ccccc6,376.4760000000001,1.6543999999999996,2.0,3.0,0.0,,,
2754,C[C@]12CC[C@@H]3c4ccc(cc4CC[C@H]3[C@@H]1CC[C@@H]2O)OC(=O)c5ccccc5,376.49600000000004,5.122800000000005,1.0,3.0,1.0,,,
2755,CC(C(c1ccccc1)O)[NH+](C)CCOC(c2ccccc2)c3ccccc3,376.52000000000004,3.429400000000002,2.0,2.0,0.0,,,
2756,c1cc(ccc1C(=O)CCC[NH+]2CCC(CC2)(c3ccc(cc3)Cl)O)F,376.8789999999999,3.008500000000002,2.0,2.0,0.0,,,
2757,C[NH+](Cc1cc(cc(c1N)Br)Br)C2CCCCC2,377.1440000000002,3.1412000000000013,2.0,1.0,0.0,,,
2758,CCOC1c2c(ccc3c2OCO3)-c4ccc5cc6c(cc5c4N1C)OCO6,377.39600000000013,4.449100000000004,0.0,6.0,0.0,,,
2759,c1ccc2c(c1)cccc2NN=C3C=Cc4c(cccc4S(=O)(=O)[O-])C3=O,377.4010000000001,3.4215000000000018,1.0,6.0,0.0,,,
2760,Cc1cc(nc(n1)O[C@H](C(=O)[O-])C(c2ccccc2)(c3ccccc3)OC)C,377.42000000000013,2.1809399999999997,0.0,6.0,0.0,,,
2761,CCC(C(=O)N[C@H]1[C@@H]2N(C1=O)[C@H](C(S2)(C)C)C(=O)[O-])Oc3ccccc3,377.44200000000006,0.1410000000000009,1.0,6.0,0.0,,,
2762,CCC(=O)N(c1ccccc1)C2(CC[NH+](CC2)CCC(=O)OC)C(=O)OC,377.4610000000001,0.5832000000000015,1.0,5.0,0.0,,,
2763,c1cc(ccc1C(=O)CCC[NH+]2CCC(CC2)(C(=O)N)[NH+]3CCCCC3)F,377.50400000000013,-0.2397999999999958,3.0,2.0,0.0,,,
2764,c1ccc(c(c1)C23c4cc(ccc4N(C(=O)C[NH+]2CCO3)CCO)Cl)F,377.82300000000015,0.9341999999999995,2.0,3.0,0.0,,,
2765,c1ccc(c(c1)C23c4cc(ccc4NC(=O)C[NH+]2CCO3)Br)F,378.221,1.6564999999999996,2.0,2.0,0.0,,,
2766,CC1=CO[C@@H](C2C1([C@H](C[C@@]2(C)O)O)O)O[C@H]3[C@@H]([C@@H]([C@@H]([C@H](O3)CO)O)O)O,378.3740000000001,-3.074099999999997,7.0,10.0,1.0,,,
2767,C[n+]1cc2c(c3c1c4cc5c(cc4cc3)OCO5)c(cc(c2OC)OC)OC,378.40400000000017,3.7252000000000027,0.0,5.0,0.0,,,
2768,C[C@]12C[C@@H]([C@H]3[C@H]([C@@H]1CC[C@@]2(C(=O)CO)O)C[C@@H](C4=CC(=O)C=C[C@]34C)F)O,378.44000000000005,1.5055999999999998,3.0,5.0,0.0,,,
2769,CC(C)c1cc2c(cc1S(=O)(=O)[O-])[C@]3(CCC[C@@]([C@@H]3CC2)(C)C(=O)[O-])C,378.4900000000001,2.4743000000000004,0.0,5.0,0.0,,,
2770,c1c(cc(c(c1C[NH2+]C2CCC(CC2)O)N)Br)Br,379.116,2.1607,3.0,2.0,0.0,,,
2771,c1cc2c(cc(nc2c(c1)C(F)(F)F)C(F)(F)F)C(C3CCCC[NH2+]3)O,379.3240000000001,3.421700000000001,2.0,2.0,0.0,,,
2772,CN1c2c(ccc3c2cc4c(c3)OCO4)-c5ccc(c(c5C1CO)OC)OC,379.41200000000015,3.7359000000000027,1.0,6.0,0.0,,,
2773,CC1([C@@H](N2[C@H](S1)[C@@H](C2=O)NC(=O)c3c(cccc3OC)OC)C(=O)[O-])C,379.4140000000002,-0.3855999999999993,1.0,7.0,0.0,,,
2774,CCCC[C@H](C)C[C@@H](/C=C/[C@H]1[C@@H](CC(=O)[C@@H]1CCCC/C=C/C(=O)[O-])O)O,379.5170000000001,2.552500000000001,2.0,5.0,0.0,,,
2775,CCN1CC(C(C1=O)(c2ccccc2)c3ccccc3)CC[NH+]4CCOCC4,379.5240000000003,1.7562000000000004,1.0,2.0,0.0,,,
2776,c1c2c(cc(c1Cl)S(=O)(=O)N)S(=O)(=O)NC(N2)CC3CCCC3,379.8910000000002,1.5975999999999995,3.0,5.0,0.0,,,
2777,CC(=O)N[C@@H]1C[C@@H]([C@H](O[C@H]1O[C@H]2[C@@H]([C@H]([C@@H](O[C@@H]2C(=O)[O-])O)O)O)CO)O,380.3260000000001,-5.4665999999999935,6.0,11.0,2.0,,,
2778,c1ccc2c(c1)[nH]c(=O)n2C3=CC[NH+](CC3)CCCC(=O)c4ccc(cc4)F,380.44300000000004,2.2612999999999994,2.0,3.0,0.0,,,
2779,Cc1ccccc1/N=N/c2ccc(c(c2)C)NN=C3c4ccccc4C=CC3=O,380.45100000000014,6.130940000000005,1.0,5.0,1.0,,,
2780,C[C@]12CCC(=O)C=C1CC[C@@H]3[C@@]2([C@H](C[C@]4([C@H]3CC[C@@]4(C(=O)CO)O)C)O)F,380.4560000000001,1.8737,3.0,5.0,0.0,,,
2781,CC(=O)[C@]1(CC[C@]2([C@@]1([C@@H](CC3C2(CC=C4[C@@]3(CC[C@@H](C4)O)C)O)O)C)O)O,380.48100000000005,0.8307999999999998,5.0,6.0,0.0,,,
2782,COc1cc2c(cc1OC)C(=O)C(C2)CC3CC[NH+](CC3)Cc4ccccc4,380.5080000000001,2.944000000000001,1.0,3.0,0.0,,,
2783,CCN(CC)C(=O)Nc1ccc(c(c1)C(=O)C)OCC(C[NH2+]C(C)(C)C)O,380.5090000000002,1.8645,3.0,4.0,0.0,,,
2784,Cc1c(c2cc(c(cc2[nH]1)OC)OC)CC[NH+]3CCN(CC3)c4ccccc4,380.5120000000001,2.4411200000000006,2.0,3.0,0.0,,,
2785,CCN1C(c2ccccc2C1=O)Nc3ccc(cc3)OCC[NH+]4CCCCC4,380.5120000000003,2.7206,2.0,3.0,0.0,,,
2786,CC12CCC3c4ccc(cc4CCC3C1C[C@H]([C@]2(C#C)O)O)OC5CCCC5,380.52800000000013,4.199200000000004,2.0,3.0,0.0,,,
2787,c1c2c(cc(c1Cl)S(=O)(=O)N)S(=O)(=O)NC(N2)C(Cl)Cl,380.6619999999999,0.8209999999999997,3.0,5.0,0.0,,,
2788,CCCCCCCCCCCCCCCCCCCCCCCCCCC,380.74500000000023,10.77869999999999,0.0,0.0,1.0,,,
2789,COc1ccc(cc1)C(=C(c2ccc(cc2)OC)Cl)c3ccc(cc3)OC,380.8710000000001,5.867800000000005,0.0,3.0,1.0,,,
2790,Cc1ccc(cc1)c2cc(nn2c3ccc(cc3)S(=O)(=O)N)C(F)(F)F,381.3790000000001,3.5139200000000015,1.0,4.0,0.0,,,
2791,C[NH+]1CCC23c4ccccc4N5C2C6C(CC5=O)OCC=C(C1)C6(CC3=O)O,381.4520000000002,-0.3929999999999984,2.0,4.0,0.0,,,
2792,C[NH+]1CCC23c4cccc(c4N5[C@H]2[C@H]6[C@@H](CC3=O)C(=CCO[C@H]6CC5=O)C1)O,381.45200000000017,0.1977000000000007,2.0,4.0,0.0,,,
2793,Cc1ccc(cc1S(=O)(=O)N)C(C[NH2+]CCOc2ccccc2OC)O,381.4740000000001,0.3268200000000013,3.0,5.0,0.0,,,
2794,CCCCCCCC(=O)CC[C@H]1[C@@H](C[C@@H]([C@@H]1C/C=C\CCCC(=O)[O-])O)O,381.5330000000002,2.920600000000002,2.0,5.0,0.0,,,
2795,CCOC(C[NH+]1CCN(CC1)CC(C)C(=O)c2ccccc2)c3ccccc3,381.54,2.4837000000000016,1.0,3.0,0.0,,,
2796,c1cc(ccc1COC(Cn2ccnc2)c3ccc(cc3Cl)Cl)Cl,381.68999999999994,5.801400000000003,0.0,3.0,1.0,,,
2797,CC[Hg]Sc1ccccc1C(=O)[O-],381.82600000000014,1.5778999999999994,0.0,3.0,0.0,,,
2798,CO/N=C(/c1csc(n1)N)\C(=O)N[C@H]2[C@@H]3N(C2=O)C(=CCS3)C(=O)[O-],382.40300000000013,-1.8904999999999987,2.0,10.0,0.0,,,
2799,CC1([C@@H](N2[C@H](S1)[C@@H](C2=O)NC(=O)[C@@H](c3ccsc3)C(=O)[O-])C(=O)[O-])C,382.41900000000015,-2.1213999999999977,1.0,8.0,0.0,,,
2800,c1ccc2cc(ccc2c1)CC[NH+]3CCC(=CC3)c4cccc(c4)C(F)(F)F,382.44899999999996,4.773300000000003,1.0,0.0,0.0,,,
2801,c1ccc2c(c1)[nH]c(=O)n2C3CC[NH+](CC3)CCCC(=O)c4ccc(cc4)F,382.45900000000006,2.3515999999999995,2.0,3.0,0.0,,,
2802,CC[C@H]1c2cc(c(cc2C(=NN=C1C)c3ccc(c(c3)OC)OC)OC)OC,382.46000000000015,4.441500000000004,0.0,6.0,0.0,,,
2803,CCOCCP(CCOCC)CCP(CCOCC)CCOCC,382.4620000000002,4.096200000000003,0.0,4.0,0.0,,,
2804,Cc1cc(c(n1c2ccccc2)C)/C=C/c3ccc4cc(ccc4[n+]3C)N(C)C,382.5310000000002,5.308240000000006,0.0,2.0,1.0,,,
2805,CCCCC(C)(C/C=C/[C@H]1[C@@H](CC(=O)[C@@H]1CCCCCCC(=O)OC)O)O,382.54100000000017,3.9536000000000047,2.0,5.0,0.0,,,
2806,CCCCCCCCCCCCCCCCCCCCCCCCCCO,382.7170000000002,9.360999999999999,1.0,1.0,1.0,,,
2807,C[NH+]1CCC23C1(C[C@@H](C24CC(=CC4=O)OC)Cl)C(=C(C(=O)C3)OC)OC,382.8640000000002,0.6077999999999999,1.0,5.0,0.0,,,
2808,CCOC(=O)N1CCC(=C2c3ccc(cc3CCc4c2nccc4)Cl)CC1,382.8910000000001,4.887800000000005,0.0,3.0,0.0,,,
2809,CC1(CCCO1)CN(C)S(=O)(=O)c2ccc(c(c2)S(=O)(=O)N)Cl,382.8910000000001,1.1770000000000005,1.0,5.0,0.0,,,
2810,C[NH+]1CCCC(CC1)n2c(=O)c3ccccc3c(n2)Cc4ccc(cc4)Cl,382.9150000000001,2.8804000000000016,1.0,3.0,0.0,,,
2811,COc1ccnc(c1OC)CS(=O)c2[nH]c3cc(ccc3n2)OC(F)F,383.37600000000003,2.8843000000000005,1.0,6.0,0.0,,,
2812,CC(=O)NC1CCc2cc3c(c(c2-c4c1cc(=O)c(cc4)OC)OC)OCO3,383.40000000000015,2.583100000000001,1.0,6.0,0.0,,,
2813,COc1cc2c(cc1OC)nc(nc2N)N3CCN(CC3)C(=O)c4ccco4,383.40800000000013,1.7845999999999997,1.0,8.0,0.0,,,
2814,C[C@@H]1CC[C@H]2[C@H]([C@@H](O[C@H]3[C@@]24[C@H]1CC[C@](O3)(OO4)C)OC(=O)CCC(=O)[O-])C,383.41700000000014,1.2676999999999998,0.0,8.0,0.0,,,
2815,CC1C2C[NH+]3CCc4c5ccc(cc5[nH]c4C3CC2C(=CO1)C(=O)OC)OC,383.4680000000002,1.7702999999999993,2.0,4.0,0.0,,,
2816,CO/C=C(\[C@H]1CC2C3(CC[NH+]2C[C@@H]1C=C)c4ccccc4NC3=O)/C(=O)OC,383.46800000000013,1.0590999999999995,2.0,4.0,0.0,,,
2817,CO/C=C(\[C@H]1C[C@H]2[C@]3(CC[NH+]2C[C@@H]1C=C)c4ccccc4NC3=O)/C(=O)OC,383.46800000000013,1.0590999999999995,2.0,4.0,0.0,,,
2818,C[C@@H]1[C@@H]2[C@H](C(=O)N2C(=C1S[C@H]3C[C@H]([NH2+]C3)C(=O)N(C)C)C(=O)[O-])[C@@H](C)O,383.47000000000014,-2.668899999999995,2.0,6.0,0.0,,,
2819,C[NH+]1CCC[C@@H]1Cc2c[nH]c3c2cc(cc3)CCS(=O)(=O)c4ccccc4,383.53700000000003,2.4039,2.0,2.0,0.0,,,
2820,CCC(c1ccccc1)C(=O)N(C)C(C)C(c2ccccc2)O[Si](C)(C)C,383.60800000000006,5.619900000000006,0.0,2.0,1.0,,,
2821,CCCCC/C=C\C/C=C\CCCCCCCC(=O)NC(C)c1ccccc1,383.61999999999995,7.677300000000008,1.0,1.0,1.0,,,
2822,c1cc(c(cc1F)F)C(Cn2cncn2)(Cn3cncn3)OP(=O)([O-])[O-],384.2390000000001,-0.4112000000000007,0.0,10.0,0.0,,,
2823,B([C@H](CC(C)C)NC(=O)[C@H](Cc1ccccc1)NC(=O)c2cnccn2)(O)O,384.2450000000001,0.36059999999999875,4.0,6.0,0.0,,,
2824,c1ccc(cc1)OC(=O)CCCCCCCCC#CI,384.2569999999999,5.108700000000003,0.0,2.0,1.0,,,
2825,CCOC(=O)C1=C(NC(=C(C1c2cccc(c2Cl)Cl)C(=O)OC)C)C,384.2590000000001,3.9643000000000024,1.0,5.0,0.0,,,
2826,C[NH+]1CCc2cc3c(cc2[C@@H]4[C@H]1c5ccc6c(c5[C@H](O4)OC)OCO6)OCO3,384.40800000000024,1.6723999999999999,1.0,6.0,0.0,,,
2827,c1ccc2c(c1)C(=C3c4ccccc4C(=O)c5c3cccc5)c6ccccc6C2=O,384.4340000000001,5.782800000000005,0.0,2.0,1.0,,,
2828,CC(=O)N[C@H]1CCc2cc(c(c(c2-c3c1cc(=O)c(cc3)N)OC)OC)OC,384.43200000000013,2.4452000000000007,2.0,6.0,0.0,,,
2829,CC[NH+](CC)CCCCC(c1ccccc1)NC(=O)c2ccc(cc2)[N+](=O)[O-],384.50000000000017,3.1609000000000007,2.0,3.0,0.0,,,
2830,c1cnc(nc1)N2CC[NH+](CC2)CCCCN3C(=O)[C@H]4[C@@H]5CC[C@@H](C5)[C@H]4C3=O,384.50400000000013,-0.007199999999998541,1.0,5.0,0.0,,,
2831,CC(=O)O[C@H]1CC[C@@H]2[C@H]3CC[C@]4([C@H]([C@@H]3CCC2=C1)CC[C@]4(C#C)OC(=O)C)C,384.5160000000002,4.425900000000004,0.0,4.0,0.0,,,
2832,C[C@]12CC[C@@H](C[C@H]1CCC3C2CC[C@]4([C@]35[C@H](O5)C[C@@H]4c6ccc(=O)oc6)C)O,384.5160000000001,4.258300000000005,1.0,4.0,0.0,,,
2833,CCC(=O)Oc1ccc2c(c1)CC[C@@H]3[C@@H]2CC[C@]4([C@H]3CC[C@@H]4OC(=O)CC)C,384.5160000000002,5.179900000000005,0.0,4.0,1.0,,,
2834,CC1=C[C@@H]2[C@H](CC[C@]3([C@H]2CC[C@@]3(C(=O)C)OC(=O)C)C)[C@@]4(C1=CC(=O)CC4)C,384.5160000000002,4.575300000000004,0.0,4.0,0.0,,,
2835,CC[NH2+][C@H]1CN(S(=O)(=O)c2c1cc(s2)S(=O)(=O)N)CCCOC,384.52500000000026,-0.9392999999999978,2.0,6.0,0.0,,,
2836,CC[NH+](CC)CCOC(=O)C(Cc1cccc2c1cccc2)CC3CCCO3,384.5400000000002,3.0355000000000016,1.0,3.0,0.0,,,
2837,CCCCCCC(=O)O[C@H]1CC[C@@H]2[C@@]1(CC[C@H]3[C@H]2CCc4c3ccc(c4)O)C,384.5600000000002,6.130500000000008,1.0,3.0,1.0,,,
2838,C[C@H](CCCC(C)C)[C@H]1CC[C@@H]\2[C@@]1(CCC/C2=C\C=C/3\C[C@H](CCC3=C)O)C,384.6480000000002,7.6190000000000095,1.0,1.0,1.0,,,
2839,COC1=CC(=O)[C@@]2([C@@H]1O)[C@H](C[C@@]34[C@@]2(CC[NH2+]3)CC(=O)C(=C4OC)OC)Cl,384.8360000000001,-0.3726999999999978,2.0,6.0,0.0,,,
2840,CC1=C(C(C(=C(N1)C#N)C(=O)OC)c2cccc(c2)[N+](=O)[O-])C(=O)OC(C)C,385.37600000000015,2.4578800000000003,1.0,8.0,0.0,,,
2841,COc1ccc(cc1OC)C[NH2+]C[C@H](COc2ccc3c(c2)ccc(=O)[nH]3)O,385.44000000000005,1.0485999999999995,3.0,5.0,0.0,,,
2842,CC(=O)SCC(Cc1ccccc1)C(=O)NCC(=O)OCc2ccccc2,385.4850000000002,2.9846000000000013,1.0,5.0,0.0,,,
2843,CC[C@H]1C[NH+]2CCc3c4c(cccc4O)[nH]c3[C@@H]2C[C@@H]1/C(=C\OC)/C(=O)OC,385.4840000000002,2.1049999999999995,3.0,4.0,0.0,,,
2844,CC[C@H]1C[NH+]2CC[C@]3([C@@H]2C[C@@H]1/C(=C\OC)/C(=O)OC)c4ccccc4NC3=O,385.4840000000001,1.2831000000000001,2.0,4.0,0.0,,,
2845,c1ccc2c(c1)C(=[NH+]c3ccccc3S2)N4CC[NH+](CC4)CCOCCO,385.53300000000024,-0.4804999999999981,3.0,4.0,0.0,,,
2846,CCCCCCC[NH+](CC)CCCC(c1ccc(cc1)NS(=O)(=O)C)O,385.59400000000005,2.7469000000000006,3.0,3.0,0.0,,,
2847,Cc1cc(c(c(c1NC(=O)C[NH+](CC(=O)[O-])CC(=O)[O-])C)Br)C,386.22200000000004,-2.3024399999999963,2.0,5.0,0.0,,,
2848,c1ccc2c(c1)C(=O)c3cc(cc(c3C2=O)OCC(C(C(C=O)O)O)O)CO,386.35600000000005,-0.3853000000000002,4.0,8.0,0.0,,,
2849,COc1cc(cc(c1OC)OC)c2coc3cc4c(c(c3c2=O)OC)OCO4,386.3560000000002,3.2231000000000014,0.0,8.0,0.0,,,
2850,c1ccc2c(c1)cc(c(c2Cc3c4ccccc4cc(c3O)C(=O)[O-])O)C(=O)[O-],386.35900000000015,1.7220000000000004,2.0,6.0,0.0,,,
2851,C[NH+]1CCc2cc(c(cc2C(=O)Cc3ccc(c(c3C1)OC)OC)OC)OC,386.4680000000002,1.7172,1.0,5.0,0.0,,,
2852,CC(=O)OCC(=O)[C@]1(CC[C@@H]2[C@@]1(CC=C3[C@H]2CCC4=CC(=O)CC[C@@]43C)C)O,386.48800000000017,3.3017000000000025,1.0,5.0,0.0,,,
2853,c1cnc(nc1)N2CC[NH+](CC2)CCCCN3C(=O)CC4(CCCC4)CC3=O,386.52000000000027,0.6711000000000005,1.0,5.0,0.0,,,
2854,C[C@H]1C[C@@H]2[C@H](CC[C@]3([C@H]2CC[C@@]3(C(=O)C)OC(=O)C)C)[C@@]4(C1=CC(=O)CC4)C,386.5320000000002,4.655200000000004,0.0,4.0,0.0,,,
2855,CC(C)CCC(=O)O[C@H]1CC[C@@H]2[C@@]1(CC[C@H]3[C@H]2CCC4=CC(=O)CC[C@]34C)C,386.5760000000002,5.866300000000007,0.0,3.0,1.0,,,
2856,CC(=O)[C@H]1C(CC2([C@@]1(CC[C@]34[C@H]2CCC5[C@]3(C4)CC[C@@H](C5=C)[NH+](C)C)C)C)O,386.6000000000001,3.0284000000000018,2.0,2.0,0.0,,,
2857,C[C@H](CCCC(C)C)[C@H]1CC[C@@H]2[C@@]1(CC[C@H]3[C@H]2CC=C4[C@@]3(CC[C@@H](C4)O)C)C,386.66400000000016,7.38870000000001,1.0,1.0,1.0,,,
2858,C[C@H]1[C@H]2[C@H](C[C@@H]3[C@@]2(CC[C@H]4[C@H]3CCC5[C@@]4(CCCC5)C)C)OC1CCC(C)C,386.66400000000016,7.485000000000009,0.0,1.0,1.0,,,
2859,c1ccc(c(c1)C2=NCC(=S)N(c3c2cc(cc3)Cl)CC(F)(F)F)F,386.80100000000004,5.026200000000002,0.0,2.0,1.0,,,
2860,COc1cc2c(cc1OC)nc(nc2N)N3CCN(CC3)C(=O)C4CCCO4,387.4400000000002,1.0567999999999995,1.0,8.0,0.0,,,
2861,CCC(=O)N(c1ccccc1)C2(CC[NH+](CC2)CCc3cccs3)COC,387.5690000000001,2.7977000000000007,1.0,3.0,0.0,,,
2862,C[NH+]1CCCCC1CCN2c3ccccc3Sc4c2cc(cc4)S(=O)C,387.59400000000016,3.4840000000000027,1.0,3.0,0.0,,,
2863,c1cc(c(cc1Cl)Cl)C(Cn2ccnc2)OCc3ccsc3Cl,387.71900000000016,5.862900000000003,0.0,4.0,1.0,,,
2864,c1ccc(cc1)CC2Nc3cc(c(cc3S(=O)(=O)N2)S(=O)(=O)N)Cl,387.87,1.26,3.0,5.0,0.0,,,
2865,CC[NH+](CC)CCn1c2ccc(cc2nc1Cc3ccc(cc3)Cl)[N+](=O)[O-],387.89100000000013,3.113400000000002,1.0,4.0,0.0,,,
2866,C(NC(=O)NC1C(=O)NC(=O)N1CO)NC(=O)NC2C(=O)NC(=O)N2CO,388.2970000000001,-4.802299999999996,8.0,8.0,1.0,,,
2867,COC(=O)C1=CO[C@H]([C@@H]([C@@H]1CC=O)C=C)O[C@H]2[C@@H]([C@H]([C@@H]([C@H](O2)CO)O)O)O,388.3690000000001,-1.7764999999999984,4.0,10.0,0.0,,,
2868,C[C@H]1CC(=O)[C@H]2[C@@H]1[C@@H](OC=C2C(=O)OC)O[C@H]3[C@@H]([C@H]([C@@H]([C@H](O3)CO)O)O)O,388.369,-1.9425999999999983,4.0,10.0,0.0,,,
2869,CC1=C(C(C(=C(N1)C)C(=O)OCC(=O)C)c2ccccc2[N+](=O)[O-])C(=O)OC,388.37600000000015,2.1348000000000003,1.0,8.0,0.0,,,
2870,CC1=C(C(C(=C(N1)C)C(=O)OCC(C)C)c2ccccc2[N+](=O)[O-])C(=O)OC,388.42000000000013,3.2018000000000013,1.0,7.0,0.0,,,
2871,C[C@@H]1C=C(C(=O)[C@]2([C@H]1C[C@@H]3[C@@]4([C@@H]2C(=O)C(=C([C@@H]4CC(=O)O3)C)OC)C)C)OC,388.46000000000015,2.819000000000001,0.0,6.0,0.0,,,
2872,CCC(COC(=O)c1cc(c(c(c1)OC)OC)OC)(c2ccccc2)[NH+](C)C,388.48400000000004,2.3192000000000004,1.0,5.0,0.0,,,
2873,Cn1c(cc(=O)n(c1=O)C)NCCC[NH+]2CCN(CC2)c3ccccc3OC,388.49200000000013,-0.7002999999999966,2.0,7.0,0.0,,,
2874,CCC(=O)O[C@H]1CC[C@@H]2[C@H]3CC[C@]4([C@H]([C@@H]3CCC2=C1)CC[C@@H]4OC(=O)CC)C,388.5480000000002,5.202700000000005,0.0,4.0,1.0,,,
2875,C[C@H](CCCC(C)C)[C@H]1CC[C@@H]2[C@@]1(CC[C@H]3[C@H]2CC[C@@H]4[C@@]3(CC[C@@H](C4)O)C)C,388.6800000000002,7.46860000000001,1.0,1.0,1.0,,,
2876,C[C@H](CCCC(C)C)[C@H]1CC[C@@H]2[C@@]1(CC[C@H]3[C@H]2CC[C@@H]4[C@@]3(CC[C@H](C4)O)C)C,388.6800000000002,7.46860000000001,1.0,1.0,1.0,,,
2877,CC[NH+](CC)CCN1c2ccc(cc2C(=NCC1=O)c3ccccc3F)Cl,388.8940000000001,2.5878000000000014,1.0,2.0,0.0,,,
2878,c1ccnc(c1)[C@H](c2ccc(cc2)Cl)OC3CC[NH+](CC3)CCCC(=O)[O-],388.89500000000027,1.4183999999999992,1.0,4.0,0.0,,,
2879,c1ccc(cc1)C(c2ccc(cc2)Cl)N3CC[NH+](CC3)CCOCC(=O)[O-],388.8950000000002,0.3964000000000012,1.0,4.0,0.0,,,
2880,c1ccc(cc1)[C@H](c2ccc(cc2)Cl)N3CC[NH+](CC3)CCOCC(=O)[O-],388.8950000000002,0.3964000000000012,1.0,4.0,0.0,,,
2881,C[C@H]1[C@H](CC[NH+]1Cc2ccccc2)NC(=O)c3cc(c(cc3OC)NC)Cl,388.9190000000001,2.3659999999999997,3.0,3.0,0.0,,,
2882,CO/N=C/1\CN(CC1C[NH3+])c2c(cc3c(=O)c(cn(c3n2)C4CC4)C(=O)[O-])F,389.38700000000017,-1.0854999999999986,1.0,8.0,0.0,,,
2883,CN1CC(=O)N2[C@@H](C1=O)Cc3c4ccccc4[nH]c3[C@H]2c5ccc6c(c5)OCO6,389.4110000000002,2.2112999999999996,1.0,4.0,0.0,,,
2884,C[NH2+]C1CCCN(C1)c2c(cc3c(c2OC)n(cc(c3=O)C(=O)[O-])C4CC4)F,389.42700000000025,0.009600000000000497,1.0,6.0,0.0,,,
2885,C/C=C/C1=C(N2[C@@H]([C@@H](C2=O)NC(=O)[C@@H](c3ccc(cc3)O)[NH3+])SC1)C(=O)[O-],389.4330000000001,-1.3447999999999976,3.0,6.0,0.0,,,
2886,CN(CCCNC(=O)C1CCCO1)c2nc3cc(c(cc3c(n2)N)OC)OC,389.45600000000013,1.3507000000000002,2.0,8.0,0.0,,,
2887,CCCCC([C@]1(CC[C@H]2[C@H](O1)CC(=O)[C@H]2CCCCCCC(=O)[O-])O)(F)F,389.4590000000001,2.9752000000000023,1.0,5.0,0.0,,,
2888,C[NH+](C)CCOc1ccc(cc1)CNC(=O)c2cc(c(c(c2)OC)OC)OC,389.4720000000002,1.165700000000001,2.0,5.0,0.0,,,
2889,CC1([C@@H](N2[C@H](S1)[C@@H](C2=O)N3C(=O)[C@H]([NH2+]C3(C)C)c4ccccc4)C(=O)[O-])C,389.4770000000001,-0.9497999999999973,1.0,5.0,0.0,,,
2890,CCCCC[C@H](CC[C@H]1[C@@H]2Cc3cccc(c3C[C@@H]2C[C@@H]1O)OCC(=O)[O-])O,389.51200000000017,2.2485000000000004,2.0,5.0,0.0,,,
2891,C[NH+]1CCN(CC1)C(=O)OC2c3c(nccn3)C(=O)N2c4ccc(cn4)Cl,389.8230000000001,0.15090000000000003,1.0,6.0,0.0,,,
2892,C[NH+]1CCN(CC1)C(=O)O[C@H]2c3c(nccn3)C(=O)N2c4ccc(cn4)Cl,389.8230000000001,0.15090000000000003,1.0,6.0,0.0,,,
2893,c1c2c(cc(c1Cl)S(=O)(=O)N)S(=O)(=O)NC(N2)C3CC4CC3C=C4,389.8860000000001,1.2294999999999996,3.0,5.0,0.0,,,
2894,C(CN(CC[NH+](CC(=O)[O-])CC(=O)[O-])CC(=O)[O-])[NH+](CC(=O)[O-])CC(=O)[O-],390.32500000000016,-12.19230000000001,2.0,11.0,1.0,,,
2895,CNC(=O)c1cnn(c1)c2nc(c3c(n2)n(cn3)[C@H]4[C@@H]([C@@H]([C@H](O4)CO)O)O)N,390.3600000000001,-2.434699999999998,5.0,12.0,1.0,,,
2896,C[C@H]1[C@H](C[C@H]2[C@@H]1[C@@H](OC=C2C(=O)OC)O[C@H]3[C@@H]([C@H]([C@@H]([C@H](O3)CO)O)O)O)O,390.38500000000005,-2.1507999999999976,5.0,10.0,0.0,,,
2897,c1ccc(cc1)C(=O)OC[C@@H]2[C@H]([C@@H]([C@H]([C@@H](O2)Oc3ccccc3CO)O)O)O,390.3880000000001,0.22229999999999983,4.0,8.0,0.0,,,
2898,c1cc(ccc1/C=C/c2cc(cc(c2)O[C@H]3[C@@H]([C@H]([C@@H]([C@H](O3)CO)O)O)O)O)O,390.3880000000001,0.44690000000000035,6.0,8.0,1.0,,,
2899,CC(C)C(=O)c1c(c2c(cc(=O)oc2c3c1OC(C=C3)(C)C)c4ccccc4)O,390.43500000000006,5.188500000000006,1.0,5.0,1.0,,,
2900,CCC1C2C3CCC([NH+]3CCCC2OC14C=C(C(=O)O4)C)C5CC(C(=O)O5)C,390.50000000000017,1.3883000000000005,1.0,5.0,0.0,,,
2901,C[C@]12CC[C@@H](C[C@H]1CC[C@@H]3[C@@H]2CC[C@]4([C@@]3(C[C@@H]([C@@H]4C5=CC(=O)OC5)O)O)C)O,390.5200000000001,2.575100000000002,3.0,5.0,0.0,,,
2902,CC12CCC3C(C1(CCC2C4=CC(=O)OC4)O)CCC5C3(CCC(C5)O)CO,390.5200000000002,2.576700000000001,3.0,5.0,0.0,,,
2903,C(CCC[NH+]=C(N)N)CCC(=O)NC(C(=O)NCCCC[NH2+]CCC[NH3+])O,390.5530000000003,-5.182700000000003,8.0,3.0,1.0,,,
2904,CC1(C(C1C(=O)OCc2cccc(c2)Oc3ccccc3)C=C(Cl)Cl)C,391.29400000000004,6.113300000000003,0.0,3.0,1.0,,,
2905,C[C@@]1(C[C@H]([C@H]2[C@@H]1[C@@H](OC=C2C(=O)[O-])O[C@H]3[C@@H]([C@H]([C@@H]([C@H](O3)CO)O)O)O)O)O,391.34900000000005,-4.458999999999994,6.0,11.0,2.0,,,
2906,CC(=O)O[C@H]1CC[C@@]2([C@H]3CC[C@]4([C@H]([C@@H]3CC=C2C1)CC=C4c5cccnc5)C)C,391.5550000000001,5.9694000000000065,0.0,3.0,1.0,,,
2907,C[C@H](CCC(=O)[O-])[C@H]1CC[C@@H]2[C@@]1(CC[C@H]3[C@H]2[C@H](C[C@H]4[C@@]3(CC[C@H](C4)O)C)O)C,391.5720000000002,3.143200000000002,2.0,4.0,0.0,,,
2908,C[C@H](CCC(=O)[O-])[C@H]1CC[C@@H]2[C@@]1(CC[C@H]3[C@H]2[C@@H](C[C@H]4[C@@]3(CC[C@H](C4)O)C)O)C,391.5720000000002,3.143200000000002,2.0,4.0,0.0,,,
2909,C[C@H](CCC(=O)[O-])[C@H]1CC[C@@H]2[C@@]1([C@H](C[C@H]3[C@H]2CC[C@H]4[C@@]3(CC[C@H](C4)O)C)O)C,391.5720000000002,3.143200000000002,2.0,4.0,0.0,,,
2910,Cc1cccc(c1)C[NH+]2CCN(CC2)C(c3ccccc3)c4ccc(cc4)Cl,391.966,4.138520000000003,1.0,1.0,0.0,,,
2911,C[C@@H]1CN(C[C@@H]([NH2+]1)C)c2c(c(c3c(c2F)n(cc(c3=O)C(=O)[O-])C4CC4)N)F,392.4060000000002,-0.2792999999999993,2.0,6.0,0.0,,,
2912,Cc1c(nc(o1)c2ccccc2)CCOc3ccc(cc3)CC4C(=O)NOC4=O,392.4110000000001,3.0182200000000003,1.0,6.0,0.0,,,
2913,C[C@H]1C[C@H]2[C@@H]3CCC4=CC(=O)C=C[C@@]4([C@]3([C@H](C[C@@]2([C@]1(C(=O)CO)O)C)O)F)C,392.4670000000001,1.8957,3.0,5.0,0.0,,,
2914,C[C@@H]1C[C@H]2[C@@H]3CCC4=CC(=O)C=C[C@@]4([C@]3([C@H](C[C@@]2([C@]1(C(=O)CO)O)C)O)F)C,392.4670000000001,1.8957,3.0,5.0,0.0,,,
2915,Cc1c(=O)c2cccc(c2oc1c3ccccc3)C(=O)OCC[NH+]4CCCCC4,392.4750000000003,2.9940200000000017,1.0,4.0,0.0,,,
2916,c1ccc(cc1)C(c2ccccc2)(C(=O)OC3CC4CCC(C3)[N+]45CCCC5)O,392.5190000000003,3.7697000000000025,1.0,3.0,0.0,,,
2917,C[N+]1([C@@H]2CC(C[C@H]1[C@H]3[C@@H]2O3)OC(=O)C(c4cccs4)(c5cccs5)O)C,392.52200000000005,2.3457,1.0,6.0,0.0,,,
2918,CC(CN1c2ccccc2Sc3c1cc(cc3)S(=O)(=O)N(C)C)[NH+](C)C,392.5700000000001,2.0726000000000004,1.0,4.0,0.0,,,
2919,CC[C@@]1(c2cc-3n(c(=O)c2COC1=O)Cc4c3nc5ccccc5c4[N+](=O)[O-])O,393.355,1.9877999999999996,1.0,8.0,0.0,,,
2920,CCOC1c2c(ccc(c2OC)OC)-c3ccc4cc5c(cc4c3N1C)OCO5,393.4390000000002,4.737600000000005,0.0,6.0,0.0,,,
2921,COCCOc1cc2c(cc1OCCOC)ncnc2Nc3cccc(c3)C#C,393.44300000000004,3.405100000000002,1.0,7.0,0.0,,,
2922,COc1cc(ccc1Nc2c3ccccc3nc4c2cccc4)NS(=O)(=O)C,393.4680000000001,4.511700000000004,2.0,5.0,0.0,,,
2923,COc1ccccc1N2CC[NH+](CC2)CC(COc3cccc4c3cccc4)O,393.507,1.9932000000000003,2.0,4.0,0.0,,,
2924,CCc1cc2c(cc1CC)CC(C2)[NH2+]C[C@@H](c3ccc(c4c3ccc(=O)[nH]4)O)O,393.50700000000006,2.1227,4.0,3.0,0.0,,,
2925,CC(C[NH+]1CCOCC1)C(c2ccccc2)(c3ccccc3)C(=O)N4CCCC4,393.5510000000003,2.146300000000001,1.0,2.0,0.0,,,
2926,Cc1nnc2n1-c3c(cc(s3)Br)C(=NC2)c4ccccc4Cl,393.6970000000001,4.4041200000000025,0.0,5.0,0.0,,,
2927,Cc1ccccc1C(=O)N2CC/C(=N\OS(=O)(=O)[O-])/c3c2cc(cc3)Cl,393.8280000000001,2.8798200000000014,0.0,6.0,0.0,,,
2928,c1c2c(c(c(c1F)N3CCCC[C@H](C3)[NH3+])Cl)n(cc(c2=O)C(=O)[O-])C4CC4,393.8460000000002,1.0931999999999993,1.0,5.0,0.0,,,
2929,c1c(cc2c(c1O)O[Bi](O2)O)C(=O)O,394.09100000000007,-0.16119999999999995,3.0,5.0,0.0,,,
2930,COc1cc(ccc1O)c2c(c(=O)c3c(cc(cc3o2)O)[O-])OS(=O)(=O)[O-],394.3130000000001,0.7924000000000004,2.0,10.0,0.0,,,
2931,C=CC1=C(N2[C@@H]([C@@H](C2=O)NC(=O)/C(=N\O)/c3csc(n3)N)SC1)C(=O)[O-],394.41400000000016,-1.5064999999999986,3.0,10.0,0.0,,,
2932,CC(=C)[C@H]1Cc2c(ccc3c2O[C@@H]4COc5cc(c(cc5[C@@H]4C3=O)OC)OC)O1,394.4230000000002,3.7033000000000023,0.0,6.0,0.0,,,
2933,C[C@]12C[C@@H]([C@]3([C@H]([C@@H]1C[C@H]([C@@]2(C(=O)CO)O)O)CCC4=CC(=O)C=C[C@@]43C)F)O,394.4390000000001,0.6205000000000003,4.0,6.0,0.0,,,
2934,CCCCC(C)(C)[C@@H](/C=C/[C@H]1[C@@H](CC(=O)[C@@H]1CCCC/C=C/C(=O)OC)O)O,394.55200000000013,3.975600000000004,2.0,5.0,0.0,,,
2935,CCCCCCCCCCCCCCCCCCCCCCCCCCCC,394.7720000000003,11.168799999999989,0.0,0.0,1.0,,,
2936,C[C@@H]1CN(C[C@@H]([NH2+]1)C)c2c(c3c(c(=O)c(cn3C4CC4)C(=O)[O-])c(c2F)F)F,395.38100000000014,0.2775999999999996,1.0,5.0,0.0,,,
2937,CC(=O)OCC1=C(N2[C@@H]([C@@H](C2=O)NC(=O)Cc3cccs3)SC1)C(=O)[O-],395.4380000000001,-0.7423999999999993,1.0,8.0,0.0,,,
2938,COc1ccc(cc1OC)C(=O)N2CCN(CC2)c3ccc4c(c3)CCC(=O)N4,395.4590000000001,2.5509000000000004,1.0,5.0,0.0,,,
2939,COc1cc2c(cc1OC)N3[C@@H]4[C@]25CC[NH+]6[C@H]5C[C@@H]7[C@H]4[C@H](CC3=O)OCC=C7C6,395.4790000000002,0.6926000000000012,1.0,4.0,0.0,,,
2940,CCOc1ccc(cc1OCC)Cc2c3cc(c(cc3ccn2)OCC)OCC,395.49900000000014,5.420400000000006,0.0,5.0,1.0,,,
2941,CCC(=O)N(c1ccccc1)C2(CC[NH+](CC2)CCc3ccccc3)C(=O)OC,395.5230000000001,2.2627999999999995,1.0,3.0,0.0,,,
2942,CCCCCCCCCCCCCCCCCCCCCCCCCC(=O)[O-],395.69200000000023,8.118600000000008,0.0,2.0,1.0,,,
2943,COC1C(C(C(OC1C(=O)[O-])OC2C(C(C(OC2C(=O)[O-])OC)O)O)O)O,396.3010000000001,-6.573799999999992,4.0,13.0,1.0,,,
2944,c1ccnc(c1)[N-]S(=O)(=O)c2ccc(cc2)/N=N/c3ccc(c(c3)C(=O)[O-])O,396.3840000000001,2.9602000000000017,1.0,8.0,0.0,,,
2945,CC1=C(N2[C@@H]([C@@H](C2=O)NC(=O)/C(=N\OC)/c3csc(n3)N)SC1)C(=O)[O-],396.4300000000001,-1.5003999999999977,2.0,10.0,0.0,,,
2946,c1ccc(cc1)N2CNC(=O)C23CC[NH+](CC3)CCCC(=O)c4ccc(cc4)F,396.4860000000001,1.7999999999999992,2.0,3.0,0.0,,,
2947,CCCCCCCCCCCCCC[C@H]([C@H]([C@H](COP(=O)([O-])[O-])[NH3+])O)O,396.485,1.2552000000000008,3.0,6.0,0.0,,,
2948,C[C@]12CC[C@H]3[C@H]([C@@H]1CC[C@@H]2OC(=O)CCc4ccco4)CCC5=CC(=O)CC[C@H]35,396.5270000000002,5.265800000000006,0.0,4.0,1.0,,,
2949,CCCC[C@H](C)C[C@@H](/C=C/[C@@H]1[C@H]2C[C@@H](C[C@H]2C[C@H]1O)CCOCC(=O)OC)O,396.5680000000002,3.7228000000000026,2.0,5.0,0.0,,,
2950,C[C@H](/C=C/[C@H](C)C(C)C)[C@H]1CC[C@@H]2[C@@]1(CC[C@H]3C2=CC=C4[C@@]3(CC[C@@H](C4)O)C)C,396.65900000000016,7.330800000000009,1.0,1.0,1.0,,,
2951,C[C@H](/C=C/[C@H](C)C(C)C)[C@H]1CC[C@@H]\2[C@@]1(CCC/C2=C\C=C/3\C[C@H](CCC3=C)O)C,396.65900000000016,7.641000000000009,1.0,1.0,1.0,,,
2952,c1cc2c(cc(c(c2nc1)O)I)I,396.953,3.1496,1.0,2.0,0.0,,,
2953,COc1ccc(cc1F)c2cc(nn2c3ccc(cc3)S(=O)(=O)N)C(F)F,397.37800000000004,3.272000000000001,1.0,5.0,0.0,,,
2954,CC#CCC(C)[C@@H](/C=C/[C@H]1[C@@H](C[C@H]2[C@@H]1c3cccc(c3O2)CCCC(=O)[O-])O)O,397.4910000000002,1.9512,2.0,5.0,0.0,,,
2955,CCOC(=O)O[C@H](c1ccnc2c1cc(cc2)OC)[C@@H]3CC4CC[NH+]3C[C@@H]4C=C,397.49500000000023,2.9369000000000005,1.0,5.0,0.0,,,
2956,CC(C)OP(=S)(OC(C)C)SCCNS(=O)(=O)c1ccccc1,397.52400000000006,3.7726000000000024,1.0,6.0,0.0,,,
2957,C([C@@H]1[C@@H]([C@@H]([C@H]([C@H](O1)O[C@]2([C@H]([C@@H]([C@H](O2)CCl)O)O)CCl)O)O)Cl)O,397.63500000000005,-1.6561000000000008,5.0,8.0,0.0,,,
2958,c1cc(ccc1CSC(Cn2ccnc2)c3ccc(cc3Cl)Cl)Cl,397.75800000000004,6.5180000000000025,0.0,3.0,1.0,,,
2959,c1cc(ccc1Nc2nc(nc(n2)N)N)[As]3SCC(S3)CO,398.3490000000001,0.3156999999999997,4.0,9.0,0.0,,,
2960,COc1cc(cc(c1OC)OC)[C@H]2c3cc4c(cc3C[C@H]5[C@H]2C(=O)OC5)OCO4,398.41100000000023,2.9183000000000003,0.0,7.0,0.0,,,
2961,c1ccc(cc1)NC(=O)OCC(C[NH+]2CCCCC2)OC(=O)Nc3ccccc3,398.48300000000006,2.9212,3.0,4.0,0.0,,,
2962,C[N+]1(C2CCC1CC(C2)OC(=O)C(c3ccccc3)(c4ccccc4)O)CCF,398.4980000000001,3.5752000000000024,1.0,3.0,0.0,,,
2963,CCOc1ccc(cc1OCC)/C=C\2/c3cc(c(cc3CC[NH2+]2)OCC)OCC,398.52300000000025,3.899000000000002,1.0,4.0,0.0,,,
2964,c1ccc2c(c1)[nH]c(=S)n2C3CC[NH+](CC3)CCCC(=O)c4ccc(cc4)F,398.5270000000001,3.7208900000000025,2.0,3.0,0.0,,,
2965,CCCCN(CCN(CCCC)C(=O)N1CCOCC1)C(=O)N2CCOCC2,398.5480000000003,2.095000000000001,0.0,4.0,0.0,,,
2966,Cc1ncc(c(n1)N)CN(C=O)/C(=C(/CCO)\SSCC2CCCO2)/C,398.5540000000002,2.4999200000000013,2.0,8.0,0.0,,,
2967,C[C@]12CC[C@H]3[C@H]([C@@H]1CC[C@@H]2C(=O)NC(C)(C)C)CC=C4[C@@]3(CCC(=C4)C(=O)[O-])C,398.56700000000023,3.766300000000003,1.0,3.0,0.0,,,
2968,CC1CCC2C(C3C([NH+]2C1)CC4C3(CCC5C4CC=C6C5(CCC(C6)O)C)C)C,398.6550000000002,4.237900000000003,2.0,1.0,0.0,,,
2969,C[C@H](/C=C/[C@@H](C)C(C)C)[C@H]1CC[C@@H]2[C@@]1(CC[C@H]3[C@H]2CC=C4[C@@]3(CC[C@@H](C4)O)C)C,398.67500000000024,7.410700000000009,1.0,1.0,1.0,,,
2970,C[C@H]\1CC[C@@H](C/C1=C\C=C\2/CCC[C@]3([C@H]2CC[C@@H]3[C@H](C)/C=C/[C@H](C)C(C)C)C)O,398.67500000000007,7.720900000000009,1.0,1.0,1.0,,,
2971,C[NH+]1CC[C@@]23[C@@]1(C[C@@H]([C@@]24[C@@H](C(=CC4=O)OC)O)Cl)C(=C(C(=O)C3)OC)OC,398.8630000000002,-0.4213999999999989,2.0,6.0,0.0,,,
2972,C[NH+]1CCN(CC1)c2cc3c(cc2F)c(=O)c(cn3c4ccc(cc4)F)C(=O)[O-],399.3970000000001,-0.0328999999999986,1.0,5.0,0.0,,,
2973,CN(C)C(=O)COC(=O)Cc1ccc(cc1)OC(=O)c2ccc(cc2)[NH+]=C(N)N,399.42700000000013,-0.9347999999999965,3.0,5.0,0.0,,,
2974,CC(=O)N[C@H]1CCc2cc(c(c(c2-c3c1cc(=O)c(cc3)OC)OC)OC)OC,399.44300000000015,2.8716000000000017,1.0,6.0,0.0,,,
2975,C[S+](CC[C@@H](C(=O)[O-])[NH3+])C[C@@H]1[C@H]([C@H]([C@@H](O1)n2cnc3c2ncnc3N)O)O,399.45300000000015,-3.9736999999999965,4.0,10.0,0.0,,,
2976,C[S+](CCC(C(=O)[O-])[NH3+])C[C@@H]1[C@H]([C@H]([C@@H](O1)n2cnc3c2ncnc3N)O)O,399.45300000000015,-3.9736999999999965,4.0,10.0,0.0,,,
2977,CC[NH+](CC)CCNC(=O)c1c(c([nH]c1C)/C=C\2/c3cc(ccc3NC2=O)F)C,399.4900000000001,1.9178399999999998,4.0,2.0,0.0,,,
2978,c1ccc(cc1)c2c(c(=O)c3ccccc3o2)OC4C(C(C(C(O4)CO)O)O)O,400.3830000000001,0.6386999999999989,4.0,8.0,0.0,,,
2979,C(COC[C@@H]1[C@H]([C@@H]([C@H]([C@H](O1)OCCO)OCCO)OCCO)OCCO)O,400.4210000000001,-3.1383999999999954,5.0,11.0,1.0,,,
2980,Cc1c(c(no1)c2ccccc2)C(=O)N[C@H]3[C@@H]4N(C3=O)[C@H](C(S4)(C)C)C(=O)[O-],400.4360000000002,0.5606199999999997,1.0,7.0,0.0,,,
2981,COC(=O)CCC=C=CC[C@H]1[C@@H]([C@H](CC1=O)O)/C=C\[C@H](COc2ccccc2)O,400.4710000000001,2.6032000000000015,2.0,6.0,0.0,,,
2982,C[NH+]1CC[C@]23c4c5ccc(c4O[C@H]2[C@H](C=C[C@H]3[C@H]1C5)O)OCC[NH+]6CCOCC6,400.5190000000003,-1.6306999999999947,3.0,4.0,0.0,,,
2983,C[C@@H]1[C@@H]2[C@H](C(=O)N2C(=C1S[C@H]3C[C@H]([NH2+]C3)[C@@H](CC[NH2+]C)O)C(=O)[O-])[C@@H](C)O,400.5210000000002,-3.8128999999999933,4.0,6.0,0.0,,,
2984,CCCCCCC(=O)O[C@H]1CC[C@@H]2[C@@]1(CC[C@H]3[C@H]2CCC4=CC(=O)CC[C@]34C)C,400.6030000000003,6.400500000000007,0.0,3.0,1.0,,,
2985,CCSc1ccc2c(c1)N(c3ccccc3S2)CCCN4CC[NH+](CC4)C,400.63700000000034,3.6217000000000024,1.0,4.0,0.0,,,
2986,C[C@H](CCCC(C)C)[C@H]1CC[C@@H]\2[C@@]1(CCC/C2=C\C=C/3\C[C@H](C[C@@H](C3=C)O)O)C,400.64700000000016,6.58980000000001,2.0,2.0,1.0,,,
2987,CC(=CCC/C(=C/CC/C(=C/CCC(=O)OC/C=C(\C)/CCC=C(C)C)/C)/C)C,400.6470000000002,8.421700000000005,0.0,2.0,1.0,,,
2988,C[C@H](CCCC(C)(C)O)[C@H]1CC[C@@H]\2[C@@]1(CCC/C2=C\C=C/3\C[C@H](CCC3=C)O)C,400.6470000000002,6.733900000000009,2.0,2.0,1.0,,,
2989,CC(C)C(C)/C=C/C(C)C1CCC2C1(CCC3C2CCC4C3(CCC(C4)O)C)C,400.69100000000026,7.4906000000000095,1.0,1.0,1.0,,,
2990,CC[NH+](CC)CCCC(C)Nc1cc(cc2c1cc3cc(ccc3n2)OC)Cl,400.97400000000016,4.5553000000000035,2.0,3.0,0.0,,,
2991,c1ccc2c(c1)C(=O)c3ccc(c(c3C2=O)[O-])O[C@H]4[C@@H]([C@H]([C@@H]([C@H](O4)CO)O)O)O,401.34700000000004,-1.2857000000000007,4.0,9.0,0.0,,,
2992,C1CN(CCN(CCN(CC[NH+]1CC(=O)[O-])CC(=O)[O-])CC(=O)[O-])CC(=O)[O-],401.39600000000024,-9.209500000000016,1.0,11.0,1.0,,,
2993,CCCCCC1Nc2cc(c(cc2S(=O)(=O)N1)S(=O)(=O)N)C(F)(F)F,401.4320000000001,1.9630000000000003,3.0,5.0,0.0,,,
2994,COc1c2c(cc(c1N3C[C@@H]4CCC[NH2+][C@@H]4C3)F)c(=O)c(cn2C5CC5)C(=O)[O-],401.43800000000016,0.009600000000001385,1.0,6.0,0.0,,,
2995,c1c(cc(c(c1NC(=O)c2c(c(cc(c2Cl)Cl)Cl)O)O)Cl)Cl,401.4599999999999,5.617100000000001,3.0,3.0,1.0,,,
2996,C[C@H](CCC(=O)[O-])[C@H]1CC[C@@H]2[C@@]1(C(=O)C[C@H]3[C@H]2C(=O)C[C@H]4[C@@]3(CCC(=O)C4)C)C,401.52300000000025,2.738600000000001,0.0,5.0,0.0,,,
2997,CCCCCCC(=O)CCCCCC/C=C/CC(C(C(CO)(C(=O)[O-])[NH3+])O)O,401.5440000000001,0.2575000000000028,4.0,6.0,0.0,,,
2998,c1ccc2c(c1)/C(=C/CCN3CC[NH+](CC3)CCO)/c4cc(ccc4S2)Cl,401.98299999999995,2.8192000000000013,2.0,3.0,0.0,,,
2999,CC[NH+](CC)CCCC(C)Nc1c2ccc(cc2[nH+]c3c1cc(cc3)OC)Cl,401.9820000000001,3.974400000000002,2.0,2.0,0.0,,,
3000,COc1cc(cc(c1)O)[C@H]2[C@H]3[C@@H](CO2)[C@@H](OC3=O)c4cc(c(c(c4)OC)OC)O,402.39900000000017,2.725400000000001,2.0,8.0,0.0,,,
3001,CC(CN1CC[NH+](CCN(CCN(CC1)CC(=O)[O-])CC(=O)[O-])CC(=O)[O-])O,402.44800000000015,-7.578600000000012,2.0,10.0,0.0,,,
3002,c1cc(ccc1NCS(=O)[O-])S(=O)(=O)c2ccc(cc2)NCS(=O)[O-],402.4750000000001,1.0164,2.0,8.0,0.0,,,
3003,CC(=O)OCC(=O)[C@]1(CC[C@@H]2[C@@]1(CC(=O)[C@H]3[C@H]2CCC4=CC(=O)CC[C@]34C)C)O,402.48700000000025,2.5606000000000004,1.0,6.0,0.0,,,
3004,CCCCCCCCCCCCCCCC(=O)OC[C@H](C1[C@@H]([C@H](CO1)O)O)O,402.57200000000006,3.4924000000000026,3.0,6.0,0.0,,,
3005,Cc1cc(cc2c1OC(CC2)(C)CCCC(C)CCCC(C)CCCC(C)C)O,402.6630000000002,8.223420000000004,1.0,2.0,1.0,,,
3006,C[NH+](Cc1c(cccc1Cl)NC(=O)c2ccccc2)CC(=O)N3CCOCC3,402.90200000000027,1.4657999999999998,2.0,3.0,0.0,,,
3007,c1cc(c(cc1C(=O)Nc2c(cncc2Cl)Cl)OCC3CC3)OC(F)F,403.21200000000016,5.030900000000002,1.0,4.0,1.0,,,
3008,c1ccc(cc1)C(=O)NC(Cc2ccc(cc2)O)C(=O)Nc3ccc(cc3)C(=O)[O-],403.4140000000001,1.7354999999999996,3.0,5.0,0.0,,,
3009,c1ccc(cc1)n2c(=O)c(c(=O)n2c3ccccc3)CCS(=O)c4ccccc4,,,,,,,,
3010,CCOc1cc(c(cc1C(=O)NC2CC[NH+](CC2)CC3CCC=CC3)[N+](=O)[O-])N,403.5030000000002,1.7091000000000003,3.0,5.0,0.0,,,
3011,c1cc(c(cc1F)F)n2cc(c(=O)c3c2nc(c(c3)F)N4CCC(C4)[NH3+])C(=O)[O-],404.34800000000024,-0.012900000000000633,1.0,6.0,0.0,,,
3012,CCN1CCN(C(=O)C1=O)C(=O)N[C@H](C)C(=O)NC2CN(C2=O)S(=O)(=O)[O-],404.3810000000002,-3.4375999999999944,2.0,8.0,0.0,,,
3013,CCC(C)(C/C(=N\OS(=O)(=O)[O-])/S[C@H]1[C@@H]([C@H]([C@@H]([C@H](O1)CO)O)O)O)O,404.4390000000001,-2.1390999999999982,5.0,12.0,1.0,,,
3014,CC(C)CC(=O)c1c(c2c(cc(=O)oc2c3c1OC(C=C3)(C)C)c4ccccc4)O,404.46200000000005,5.578600000000006,1.0,5.0,1.0,,,
3015,CC(=O)OCC(=O)[C@]1(CC[C@@H]2[C@@]1(C[C@@H]([C@H]3[C@H]2CCC4=CC(=O)CC[C@]34C)O)C)O,404.5030000000002,2.3524000000000007,2.0,6.0,0.0,,,
3016,C[C@]12CC[C@H]3[C@H]([C@]1(CC[C@@H]2C4=CC(=O)OC4)O)CC[C@]5([C@@]3(CC[C@@H](C5)O)C=O)O,404.5030000000002,1.8981999999999997,3.0,6.0,0.0,,,
3017,CC[C@H](C)C(=O)O[C@H]1C[C@H](C=C2[C@H]1[C@H]([C@H](C=C2)C)CC[C@@H]3C[C@H](CC(=O)O3)O)C,404.54700000000025,4.195500000000004,1.0,5.0,0.0,,,
3018,C[C@]12CC[C@H]3[C@H]([C@@H]1CC[C@@H]2OC4(CCCC4)OC)CC[C@@H]5[C@@]3(C[C@@H]6[C@H](C5)S6)C,404.66000000000014,6.424900000000008,0.0,3.0,1.0,,,
3019,CC(=CCC/C(=C/C=C/C(=C/C=C/C=C(/C=C/C=C(/CCC=C(C)C)\C)\C)/C)/C)C,404.6820000000003,9.932999999999995,0.0,0.0,1.0,,,
3020,c1ccc2c(c1)N(c3cc(ccc3S2)Cl)CCCN4CC[NH+](CC4)CCO,404.9870000000003,2.5256000000000003,2.0,4.0,0.0,,,
3021,CN1C(=O)C[C@H](NC1=O)C(=O)N[C@@H](Cc2cnc[nH]2)C(=O)N3CCC[C@H]3C(=O)N,405.41500000000025,-2.1463999999999954,4.0,6.0,0.0,,,
3022,CC(=O)OCC1=C(N2[C@@H]([C@@H](C2=O)NC(=O)[C@@H](c3ccccc3)[NH3+])SC1)C(=O)[O-],405.43200000000013,-2.063399999999997,2.0,7.0,0.0,,,
3023,CCOC(=O)[C@H](CCc1ccccc1)[NH2+][C@@H](C)C(=O)N2[C@@H](CN(C2=O)C)C(=O)[O-],405.45100000000025,-1.484699999999995,1.0,6.0,0.0,,,
3024,C[NH+]1CC[C@]23c4c5ccc(c4O[C@H]2[C@H](C=C[C@H]3[C@H]1C5)OC(=O)c6cccnc6)OC,405.47400000000016,1.3436999999999995,1.0,5.0,0.0,,,
3025,C[C@H](CSC(=O)C)C(=O)N1CCC[C@H]1C(=O)N[C@@H](Cc2ccccc2)C(=O)[O-],405.4960000000001,0.37060000000000004,1.0,6.0,0.0,,,
3026,c1ccc(cc1)CC[C@@H](C(=O)[O-])[NH2+][C@@H](CCCC[NH3+])C(=O)N2CCC[C@H]2C(=O)[O-],405.4950000000002,-3.177199999999994,2.0,5.0,0.0,,,
3027,c1ccc(cc1)/C=C/C[NH+]2CCN(CC2)C(c3ccc(cc3)F)c4ccc(cc4)F,405.512,3.9681000000000033,1.0,1.0,0.0,,,
3028,CCN(CC)C(=O)C1C[NH+]2CCc3cc(c(cc3C2CC1OC(=O)C)OC)OC,405.5150000000002,1.0059000000000007,1.0,5.0,0.0,,,
3029,c1ccc(c(c1)C(=O)OCC(CO)O)Nc2ccnc3c2cccc3C(F)(F)F,406.36000000000007,3.5072000000000028,3.0,6.0,0.0,,,
3030,C[C@H]1[C@@H]2[C@H](C[C@@H](O1)O)C(=CO[C@H]2O[C@H]3[C@@H]([C@H]([C@@H]([C@H](O3)CO)O)O)O)C(=O)OC,406.3840000000002,-2.424299999999997,5.0,11.0,1.0,,,
3031,C[C@@]1(CC[C@]2([C@@H]1[C@@H](OC=C2C(=O)OC)O[C@H]3[C@@H]([C@H]([C@@H]([C@H](O3)CO)O)O)O)O)O,406.38400000000007,-2.891799999999997,6.0,11.0,2.0,,,
3032,c1ccc(cc1)C(=O)OCc2cc(ccc2O[C@H]3[C@@H]([C@H]([C@@H]([C@H](O3)CO)O)O)O)O,406.38700000000006,-0.072100000000001,5.0,9.0,0.0,,,
3033,c1cc2c(cc1F)CCC(O2)C(C[NH2+]CC(C3CCc4cc(ccc4O3)F)O)O,406.4490000000001,1.337399999999999,3.0,4.0,0.0,,,
3034,Cn1c(cc(=O)n(c1=O)C)NCC[NH+](CCCc2ccc(cc2)[N+](=O)[O-])CCO,406.46300000000014,-1.085899999999996,3.0,8.0,0.0,,,
3035,CC(C)CC(=O)c1c(c(c2c(c1O)c(cc(=O)o2)c3ccccc3)CC=C(C)C)O,406.4780000000001,5.608700000000007,2.0,5.0,1.0,,,
3036,C[C@]12CC[C@H]3[C@H]([C@@H]1CC[C@@H]2OC(=O)CCc4ccccc4)CCC5=CC(=O)CC[C@H]35,406.5660000000002,5.672800000000007,0.0,3.0,1.0,,,
3037,CC1(CC[C@@H]2C[C@H](C[C@H]1[NH+]2C)OC(=O)C(c3cccs3)(c4cccs4)O)C,406.5930000000001,2.823000000000002,2.0,5.0,0.0,,,
3038,C[C@@H]1[C@H](CC[C@]2([C@]1(C[C@@H]([C@@H]3[C@@H]2CC[C@@]45[C@H]3CC[C@@H]4[C@@H]([NH+](C5)C)C)O)O)C)[NH+](C)C,406.6550000000001,0.38700000000000473,4.0,2.0,0.0,,,
3039,c1c(c(c(c(c1Cl)Cl)Cc2c(c(cc(c2Cl)Cl)Cl)O)O)Cl,406.9069999999999,6.609000000000001,2.0,2.0,1.0,,,
3040,CC[NH+](CC)CCOc1ccc(cc1)/C(=C(/c2ccccc2)\Cl)/c3ccccc3,406.97700000000003,5.145500000000005,1.0,1.0,1.0,,,
3041,C[NH+](C)CCOc1ccc(cc1)/C(=C(/CCCl)\c2ccccc2)/c3ccccc3,406.97700000000003,4.797900000000006,1.0,1.0,0.0,,,
3042,CCO[C@@H](Cc1ccc(cc1)OCCc2ccc(cc2)OS(=O)(=O)C)C(=O)[O-],407.46400000000017,1.3439999999999996,0.0,7.0,0.0,,,
3043,COc1ccccc1OCC[NH2+]CC(COc2cccc3c2c4ccccc4[nH]3)O,407.49,2.7118000000000015,3.0,4.0,0.0,,,
3044,c1ccc(cc1)C[C@@H](C(=O)N[C@H]2CCS[C@H]3CCC[C@H](N3C2=O)C(=O)[O-])S,407.53700000000015,0.6062999999999998,2.0,6.0,0.0,,,
3045,CCC[C@@H]1C[C@H]([NH+](C1)C)C(=O)N[C@@H]([C@@H]2[C@@H]([C@@H]([C@H]([C@H](O2)SC)O)O)O)[C@@H](C)O,407.5530000000001,-2.274099999999993,6.0,7.0,1.0,,,
3046,CC(CCC(=O)[O-])[C@H]1CC[C@@H]2[C@@]1([C@H](C[C@H]3[C@H]2[C@@H](C[C@H]4[C@@]3(CC[C@H](C4)O)C)O)O)C,407.5710000000002,2.114,3.0,5.0,0.0,,,
3047,CCCCCCCCCCCCCCCCOP(=O)([O-])OCC[N+](C)(C)C,407.57600000000014,5.675500000000006,0.0,4.0,1.0,,,
3048,c1cc(ccc1C(C#N)c2c(cc(cc2Cl)n3c(=O)[nH]c(=O)cn3)Cl)Cl,407.644,3.536480000000001,1.0,5.0,0.0,,,
3049,c1c(c(cc(c1F)F)F)C[C@H](CC(=O)N2CCn3c(nnc3C(F)(F)F)C2)[NH3+],408.326,1.2996999999999996,1.0,4.0,0.0,,,
3050,CC(C)([C@H]1Cc2cc3ccc(=O)oc3cc2O1)O[C@H]4[C@@H]([C@H]([C@@H]([C@H](O4)CO)O)O)O,408.4030000000001,-0.3084,4.0,9.0,0.0,,,
3051,c1ccc2c(c1)c3c4c(c2=O)ccc5c4c6c(n3)ccc7c6c(n5)c8ccccc8c7=O,408.41600000000017,5.582800000000003,0.0,4.0,1.0,,,
3052,c1c(nc(s1)N)/C(=C/CC(=O)[O-])/C(=O)N[C@H]2[C@@H]3N(C2=O)C(=CCS3)C(=O)[O-],408.4170000000002,-2.7175999999999974,2.0,10.0,0.0,,,
3053,C[C@@H]1C(=O)N[C@@H](CS1)C(=O)N[C@@H](Cc2cnc[nH]2)C(=O)N3CCC[C@H]3C(=O)N,408.4840000000002,-1.4665999999999964,4.0,6.0,0.0,,,
3054,C[NH+]1CCN(CC1)CCCN2c3ccccc3Sc4c2cc(cc4)C(F)(F)F,408.5130000000001,3.528500000000003,1.0,3.0,0.0,,,
3055,CCCCCCCCCCCCCCCCCCCCCCCCCCCCC,408.7990000000003,11.558899999999985,0.0,0.0,1.0,,,
3056,C[C@H]1C[C@H]2[C@@H]3CCC4=CC(=O)C=C[C@@]4([C@]3([C@H](C[C@@]2([C@]1(C(=O)CO)O)C)O)Cl)C,408.9220000000001,2.165,3.0,5.0,0.0,,,
3057,CC(C)(C#N)O[C@H]1[C@@H]([C@H]([C@@H]([C@H](O1)CO[C@H]2[C@@H]([C@H]([C@@H]([C@H](O2)CO)O)O)O)O)O)O,409.3880000000001,-4.070719999999995,7.0,12.0,2.0,,,
3058,c1cc(ccc1[C@@H]2[C@H](C(=O)N2c3ccc(cc3)F)CC[C@@H](c4ccc(cc4)F)O)O,409.4320000000001,4.8883000000000045,2.0,3.0,0.0,,,
3059,CCOc1ccccc1OCC[NH2+][C@H](C)Cc2ccc(c(c2)S(=O)(=O)N)OC,409.5280000000001,1.314700000000001,2.0,5.0,0.0,,,
3060,CCOC(=O)C1=C(NC(=C(C1c2ccccc2Cl)C(=O)OC)C)COCC[NH3+],409.8900000000003,1.5494999999999997,2.0,6.0,0.0,,,
3061,CCOC(=O)C1=C(NC(=C([C@@H]1c2ccccc2Cl)C(=O)OC)C)COCC[NH3+],409.8900000000003,1.5494999999999997,2.0,6.0,0.0,,,
3062,C[C@@H]1C[C@H]2[C@@H]3C[C@@H](C4=CC(=O)C=C[C@@]4([C@]3([C@H](C[C@@]2([C@]1(C(=O)CO)O)C)O)F)C)F,410.4570000000001,1.8437,3.0,5.0,0.0,,,
3063,CC(C)n1c2ccccc2c(c1/C=C/[C@@H](C[C@@H](CC(=O)[O-])O)O)c3ccc(cc3)F,410.46500000000003,3.2934000000000028,2.0,5.0,0.0,,,
3064,c1ccc(cc1)COC(=O)c2ccccc2OC(=O)C3CCC(CC3)C[NH+]=C(N)N,410.49400000000026,1.1094000000000008,3.0,4.0,0.0,,,
3065,C[C@@H]1C=C(C(=O)[C@]2([C@H]1C[C@@H]3[C@@]4([C@@H]2[C@@H]([C@H]([C@@]([C@@H]4CC(O3)O)(C)O)OC)O)C)C)OC,410.5070000000002,1.2481999999999998,3.0,7.0,0.0,,,
3066,CCCC[C@H](C)C[C@H](/C=C/[C@H]1[C@@H](CC(=O)[C@@H]1CC(=O)CCCCC(=O)OC)O)O,410.5510000000003,3.378600000000003,2.0,6.0,0.0,,,
3067,CCCCCCC(=O)O[C@]1(CC[C@@H]2[C@@]1(CC[C@H]3[C@H]2CCC4=CC(=O)CC[C@H]34)C)C#C,410.59800000000024,6.013800000000007,0.0,3.0,1.0,,,
3068,Cc1c(ccc2c1C[C@H]3[C@H]2CC=C4[C@@]3(CC[C@@H](C4)O)C)[C@H](C)[C@H]5[C@@H](C[C@@H](C[NH2+]5)C)O,410.6220000000001,3.5683200000000013,3.0,2.0,0.0,,,
3069,CC([C@@H]1[C@@]2([C@H]([C@]3([C@@](C4=C([C@@]5([C@H]([C@@](CCC5)(C)C)CC4)C)CC3)(CC2)C)C)CC1)C)C,410.7300000000003,9.1981,0.0,0.0,1.0,,,
3070,C[C@]1(C[C@@H]2[C@@](CC[C@@]3([C@@H]2CC[C@H]4[C@]3(CC[C@@H]5[C@@]4(C=CC[C@]5(C)C)C)C)C)(CC1)C)C,410.7300000000003,9.054000000000002,0.0,0.0,1.0,,,
3071,CC1=CCCC2[C@@]1(CCC3[C@]2(CCC4([C@@]3(CCC5([C@H]4CCC5C(C)C)C)C)C)C)C,410.7300000000002,9.054000000000002,0.0,0.0,1.0,,,
3072,CC(=CCC/C(=C/CC/C(=C/CC/C=C(/CC/C=C(/CCC=C(C)C)\C)\C)/C)/C)C,410.73000000000025,10.604999999999992,0.0,0.0,1.0,,,
3073,CC(C)[C@H]1CC[C@@H]2[C@@]1(CC[C@]3([C@]2(CC=C4[C@@H]3CC[C@@H]5[C@@]4(CCCC5(C)C)C)C)C)C,410.73000000000025,9.054000000000002,0.0,0.0,1.0,,,
3074,CC(=C)[C@H]1CC[C@]2([C@H]1CC[C@@]3([C@@H]2CC[C@H]4[C@]3(CC[C@@H]5[C@@]4(CCCC5(C)C)C)C)C)C,410.73000000000025,9.054000000000002,0.0,0.0,1.0,,,
3075,CCCCCCCCCCCCCCCCCCCCCCCCCCCCO,410.7710000000003,10.141199999999994,1.0,1.0,1.0,,,
3076,CCOC(=O)c1c2n(cn1)-c3cccc(c3C(=O)N(C2)C)[123I],407.20058900000004,2.2392000000000003,0.0,5.0,0.0,,,
3077,Cc1c(c(=O)n2c(n1)CCCC2)CC[NH+]3CCC(CC3)c4c5ccc(cc5on4)F,411.50100000000015,2.1733200000000004,1.0,5.0,0.0,,,
3078,COc1ccc(cc1C23CC4CC(C2)CC(C4)C3)c5ccc6cc(ccc6c5)C(=O)[O-],411.5210000000001,5.346700000000006,0.0,3.0,1.0,,,
3079,CC(=O)c1ccc2c(c1)N(c3ccccc3S2)CCC[NH+]4CCC(CC4)CCO,411.5910000000003,3.5593000000000017,2.0,4.0,0.0,,,
3080,c1cc(c(c(c1)Cl)SC(CCc2ccc(cc2)Cl)Cn3ccnc3)Cl,411.78499999999997,6.637000000000005,0.0,3.0,1.0,,,
3081,CC[C@@H]1CC[NH2+][C@@H](C1)C(=O)N[C@@H]([C@@H]2[C@@H]([C@@H]([C@H]([C@H](O2)SC)O)O)O)[C@H](C)Cl,411.9720000000001,-0.9788999999999968,5.0,6.0,0.0,,,
3082,CC1([C@@H](N2[C@H](S1)[C@@H](C2=O)NC(=O)[C@@H](c3ccccc3)S(=O)(=O)[O-])C(=O)[O-])C,412.44500000000016,-1.430099999999998,1.0,8.0,0.0,,,
3083,CC(=O)O[C@@H]1C2CC[C@@H]3C1(C[C@H]([C@]4([C@H]([C@]3(C)O)C[C@@H](C4(C)C)O)O)O)C[C@@]2(C)O,412.52300000000014,0.7390999999999999,5.0,7.0,0.0,,,
3084,CCCC(C)(C1C[C@@]23C=CC1(C4[C@@]25CC[NH+]([C@@H]3Cc6c5c(c(cc6)O)O4)C)OC)O,412.5500000000001,1.7464999999999997,3.0,4.0,0.0,,,
3085,CC(=O)c1ccc2c(c1)N(c3ccccc3S2)CCCN4CC[NH+](CC4)CCO,412.5790000000003,2.0747999999999993,2.0,5.0,0.0,,,
3086,CC(C)C(=O)Oc1ccc(cc1[C@H](CC[NH+](C(C)C)C(C)C)c2ccccc2)CO,412.5940000000001,3.9640000000000035,2.0,3.0,0.0,,,
3087,C[C@H](/C=C/[C@H](C1CC1)O)[C@H]2CC[C@@H]\\3[C@@]2(CCC/C3=C\\C=C/4\\C[C@H](C[C@@H](C4=C)O)O)C,412.61400000000015,5.090600000000007,3.0,3.0,1.0,,,
3088,C[C@]12CC[C@H]3[C@H]([C@@H]1CC[C@@H]2OC(=O)CCC4CCCCC4)CCC5=CC(=O)CC[C@H]35,412.6140000000003,6.400500000000007,0.0,3.0,1.0,,,
3089,C[C@H](/C=C/[C@H](C1CC1)O)[C@H]2CC[C@@H]\3[C@@]2(CCC/C3=C\C=C/4\C[C@H](C[C@@H](C4=C)O)O)C,412.61400000000015,5.090600000000007,3.0,3.0,1.0,,,
3090,C[C@]12CC[C@H]3[C@H]([C@@H]1CCC2OC(=O)CCC4CCCC4)CCC5=CC(=O)CC[C@]35C,412.6140000000003,6.400500000000007,0.0,3.0,1.0,,,
3091,CC(C)(C)CC(C)(C)c1ccc(cc1)OCCOCC[N+](C)(C)Cc2ccccc2,412.6380000000002,6.072400000000007,0.0,2.0,1.0,,,
3092,C[C@H](/C=C/[C@H](C)C(C)C)[C@H]1CC[C@@H]\2[C@@]1(CCC/C2=C\C=C/3\C[C@H](C[C@@H](C3=C)O)O)C,412.65800000000013,6.6118000000000094,2.0,2.0,1.0,,,
3093,CC(=O)[C@H]1CCC2([C@H]1CCC3(C2CCC4[C@]3(CCC5[C@@]4(CCCC5(C)C)C)C)C)C,412.7020000000003,8.06690000000001,0.0,1.0,1.0,,,
3094,C/C=C(/CC[C@@H](C)[C@H]1CC[C@@H]2[C@@]1(CC[C@H]3[C@H]2CC=C4[C@@]3(CC[C@@H](C4)O)C)C)\C(C)C,412.7020000000002,7.944900000000009,1.0,1.0,1.0,,,
3095,CC[C@H](/C=C/[C@@H](C)[C@H]1CC[C@@H]2[C@@]1(CC[C@H]3[C@H]2CC=C4[C@@]3(CC[C@@H](C4)O)C)C)C(C)C,412.7020000000002,7.8008000000000095,1.0,1.0,1.0,,,
3096,CC[C@H](/C=C/[C@@H](C)[C@H]1CC[C@@H]2[C@@]1(CC[C@H]3C2=CC[C@@H]4[C@@]3(CC[C@@H](C4)O)C)C)C(C)C,412.7020000000002,7.8008000000000095,1.0,1.0,1.0,,,
3097,CCOc1ccc2ccccc2c1C(=O)N[C@H]3[C@@H]4N(C3=O)[C@H](C(S4)(C)C)C(=O)[O-],413.4750000000002,1.1490999999999996,1.0,6.0,0.0,,,
3098,CCCCCCCCCCCCCCCC(=O)OC[C@@H]([C@@H]1C(=C(C(=O)O1)O)[O-])O,413.5310000000001,3.4271000000000016,2.0,7.0,0.0,,,
3099,CCCCCCCCCCCCCCCCC(C(=O)[O-])C(CC(=O)[O-])(C(=O)[O-])O,413.5310000000002,0.8449000000000009,1.0,7.0,0.0,,,
3100,CC(C)CC(=O)C1=C(C(=C(C(C1=O)(CC=C(C)C)CC=C(C)C)O)CC=C(C)C)[O-],413.5780000000002,5.6661000000000055,1.0,4.0,1.0,,,
3101,CC[NH+](CC)Cc1nccn1c2ccc(cc2C(=O)c3ccccc3Cl)[N+](=O)[O-],413.88500000000016,3.0896000000000017,1.0,5.0,0.0,,,
3102,c1ccc2c(c1)c(ns2)N3CC[NH+](CC3)CCc4cc5c(cc4Cl)NC(=O)C5,413.9540000000001,2.3918999999999997,2.0,4.0,0.0,,,
3103,CC(=O)OCC1=C[C@H]2[C@H]3[C@@H]1[C@@H](OC=C3C(=O)O2)O[C@H]4[C@@H]([C@H]([C@@H]([C@H](O4)CO)O)O)O,414.36300000000006,-2.295999999999998,4.0,11.0,1.0,,,
3104,COc1cc(cc(c1OC)OC)[C@@H]2c3cc4c(c(c3C[C@@H]5[C@@H]2C(=O)OC5)O)OCO4,414.4100000000002,2.623900000000001,1.0,8.0,0.0,,,
3105,COc1cc(cc(c1OC)OC)[C@@H]2c3cc4c(cc3[C@@H]([C@@H]5[C@@H]2C(=O)OC5)O)OCO4,414.4100000000002,2.4091999999999993,1.0,8.0,0.0,,,
3106,c1ccc2c(c1)C(=O)c3cccc(c3C2=O)c4cccc5c4C(=O)c6ccccc6C5=O,414.41600000000017,4.904400000000004,0.0,4.0,0.0,,,
3107,C[NH+]1CCc2cc3c(c(c2[C@@H]1[C@@H]4c5ccc(c(c5C(=O)O4)OC)OC)OC)OCO3,414.43400000000025,1.4647000000000001,1.0,7.0,0.0,,,
3108,C[C@]12CCC(=O)C=C1C[C@H]([C@@H]3[C@]24[C@H](O4)C[C@]5([C@H]3CC[C@@]56CCC(=O)O6)C)C(=O)OC,414.4980000000003,3.124500000000002,0.0,6.0,0.0,,,
3109,CCC[C@](C)([C@H]1C[C@@]23CC[C@@]1([C@H]4[C@@]25CC[NH+]([C@@H]3Cc6c5c(c(cc6)O)O4)C)OC)O,414.56600000000014,1.9705,3.0,4.0,0.0,,,
3110,CCCCCC(=O)O[C@@]1(CC[C@@H]2[C@@]1(CC[C@H]3[C@H]2CCC4=CC(=O)CC[C@H]34)C)C(=O)C,414.58600000000024,5.579500000000006,0.0,4.0,1.0,,,
3111,C[C@]12CC[C@H]3[C@H]([C@@H]1CC[C@@H]2OC(=O)CCC4CCCC4)CCC5=C(C(=O)CC[C@H]35)O,414.5860000000003,5.896100000000006,1.0,4.0,1.0,,,
3112,CC12CCC3C(C1CCC2C(=O)COC(=O)C(C)(C)C)CCC4=CC(=O)CCC34C,414.5860000000003,5.292900000000006,0.0,4.0,1.0,,,
3113,CCCCCCC(=O)O[C@H]1CC[C@@H]2[C@@]1(CC[C@H]3[C@H]2CC[C@@H]4[C@@]3(C(=CC(=O)C4)C)C)C,414.6300000000003,6.646500000000008,0.0,3.0,1.0,,,
3114,C[C@H]1CC[C@@H]2[C@H]([C@H]3[C@@H]([NH+]2C1)C[C@@H]4[C@@]3([C@H](C[C@H]5[C@H]4CC=C6[C@@]5(CC[C@@H](C6)O)C)O)C)C,414.6540000000002,3.208700000000002,3.0,2.0,0.0,,,
3115,C[C@H]1CC[C@H]2[C@@H]([C@@H]3CCC4[C@H]([C@@H]3C[NH+]2C1)C[C@H]5[C@H]4CC(=O)[C@@H]6[C@@]5(CC[C@@H](C6)O)C)C,414.6540000000003,3.354300000000002,2.0,2.0,0.0,,,
3116,CC[C@H](CC[C@@H](C)[C@H]1CC[C@@H]2[C@@]1(CC[C@H]3C2=CCC4[C@@]3(CC[C@@H](C4)O)C)C)C(C)C,414.7180000000002,8.02480000000001,1.0,1.0,1.0,,,
3117,CC[C@H](CC[C@@H](C)[C@H]1CC[C@@H]2[C@@]1(CC[C@H]3[C@H]2CC=C4[C@@]3(CC[C@@H](C4)O)C)C)C(C)C,414.71800000000025,8.02480000000001,1.0,1.0,1.0,,,
3118,Cc1c(c2cc(ccc2n1C(=O)c3ccc(cc3)Cl)OC)CC(=O)OCC(=O)[O-],414.82100000000025,2.13582,0.0,7.0,0.0,,,
3119,c1cc(c(cc1OCC(F)(F)F)C(=O)NCC2CCCC[NH2+]2)OCC(F)(F)F,415.3540000000002,2.4144999999999994,2.0,3.0,0.0,,,
3120,COc1cc(c2c(=O)cc(oc2c1[C@H]3C([C@H]([C@H](CO3)O)O)O)c4ccc(cc4)O)[O-],415.3740000000001,0.40179999999999944,4.0,9.0,0.0,,,
3121,c1ccc2c(c1)c3c(n2CCC(=O)[O-])CC[C@H](C3)NS(=O)(=O)c4ccc(cc4)F,415.466,1.7561999999999993,1.0,5.0,0.0,,,
3122,c1cc[n+](cc1)CC2=C(N3[C@@H]([C@@H](C3=O)NC(=O)Cc4cccs4)SC2)C(=O)[O-],415.4960000000001,-0.3178000000000001,1.0,6.0,0.0,,,
3123,CC(=O)O[C@@H]1[C@@H](Sc2ccccc2N(C1=O)CC[NH+](C)C)c3ccc(cc3)OC,415.5350000000002,1.9513999999999996,1.0,5.0,0.0,,,
3124,CCNC(=O)CCC/C=C\C[C@H]1[C@H](C[C@H]([C@@H]1/C=C/[C@H](CCc2ccccc2)O)O)O,415.5740000000001,3.1469000000000027,4.0,4.0,0.0,,,
3125,c1c2c(cc(c1Cl)Br)ncn(c2=O)CC(=O)C[C@H]3[C@@H](CCC[NH2+]3)O,415.69500000000033,0.8582999999999992,2.0,5.0,0.0,,,
3126,c1cc(c(c(c1)Cl)COC(Cn2ccnc2)c3ccc(cc3Cl)Cl)Cl,416.135,6.454800000000002,0.0,3.0,1.0,,,
3127,c1cc(c(cc1Cl)Cl)COC(Cn2ccnc2)c3ccc(cc3Cl)Cl,416.135,6.454800000000004,0.0,3.0,1.0,,,
3128,CCOC(=O)CCCCCCCCC(C)c1ccccc1I,416.34299999999996,6.078600000000006,0.0,2.0,1.0,,,
3129,c1cc(c(cc1F)F)n2cc(c(=O)c3c2nc(c(c3)F)N4C[C@@H]5[C@H](C4)[C@H]5[NH3+])C(=O)[O-],416.3590000000002,-0.15700000000000036,1.0,6.0,0.0,,,
3130,c1cc(ccc1c2coc3c(c2=O)ccc(c3[C@H]4[C@@H]([C@H]([C@@H]([C@H](O4)CO)O)O)O)O)O,416.38200000000006,0.3861000000000004,6.0,9.0,1.0,,,
3131,c1cc(ccc1c2coc3cc(ccc3c2=O)O[C@H]4[C@@H]([C@H]([C@@H]([C@H](O4)CO)O)O)O)O,416.38200000000006,0.34429999999999944,5.0,9.0,0.0,,,
3132,c1cc2c(c(c1)[O-])C(=O)c3c(cc(cc3[O-])CO)C2[C@H]4[C@@H]([C@H]([C@@H]([C@H](O4)CO)O)O)O,416.38200000000006,-2.1552,5.0,9.0,0.0,,,
3133,c1ccc(cc1)CO[C@H]2[C@H]([C@H]([C@H]3CO[C@@H]2O3)O)OC4c5ccccc5-c6c4cccc6,416.4730000000001,3.8430000000000026,1.0,5.0,0.0,,,
3134,C[C@H]1C[C@H]2[C@@H]3CC[C@@]([C@]3(C[C@@H]([C@@H]2[C@@]4(C1=CC(=O)C=C4)C)O)C)(C(=O)COC(=O)C)O,416.51400000000024,2.374400000000001,2.0,6.0,0.0,,,
3135,C[C@@H]1Cc2cc(c(c(c2-c3c(cc(c(c3OC)OC)OC)C[C@@H]1C)OC)OC)OC,416.5140000000002,4.776000000000004,0.0,6.0,0.0,,,
3136,C[C@]12C[C@@H]([C@H]3[C@H]([C@@H]1C[C@@H]4[C@]2(OC(O4)(C)C)C(=O)CO)CCC5=CC(=O)C=C[C@]35C)O,416.5140000000002,2.3267,2.0,6.0,0.0,,,
3137,CCOC(=O)[C@H](CCc1ccccc1)[NH2+][C@@H](C)C(=O)N2[C@H]3CCC[C@H]3C[C@H]2C(=O)[O-],416.5180000000003,0.022300000000003317,1.0,5.0,0.0,,,
3138,C[n+]1cccc(c1)OC(=O)N(C)CCCCCCN(C)C(=O)Oc2ccc[n+](c2)C,416.52200000000005,2.4574000000000007,0.0,4.0,0.0,,,
3139,CC(=O)S[C@@H]1CC2=CC(=O)CC[C@@]2([C@@H]3[C@@H]1[C@@H]4CC[C@]5([C@]4(CC3)C)CCC(=O)O5)C,416.5830000000003,4.852300000000005,0.0,5.0,0.0,,,
3140,c1ccc(cc1)CCCCOCCCCCC[NH2+]CC(c2ccc(c(c2)CO)O)O,416.58200000000005,3.081200000000002,4.0,4.0,0.0,,,
3141,CC1CCC2(C(C3C(O2)CC4C3(CCC5C4CCC6C5(CCC(C6)O)C)C)C)OC1,416.64600000000024,5.793800000000007,1.0,3.0,1.0,,,
3142,C[C@H]1[C@H]2[C@H](C[C@@H]3[C@@]2(CC[C@H]4[C@H]3CCC5[C@@]4(C(CCC5)O)C)C)O[C@]16CCC(CO6)C,416.64600000000024,5.793800000000006,1.0,3.0,1.0,,,
3143,C[C@H](CC[C@H](C(C)C)O)[C@H]1CC[C@@H]\2[C@@]1(CCC/C2=C\C=C/3\C[C@H](C[C@@H](C3=C)O)O)C,416.64600000000013,5.560600000000008,3.0,3.0,1.0,,,
3144,C[C@H](CC[C@H](C(C)(C)O)O)[C@H]1CC[C@@H]\2[C@@]1(CCC/C2=C\C=C/3\C[C@H](CCC3=C)O)C,416.6460000000002,5.704700000000008,3.0,3.0,1.0,,,
3145,C[C@H](CCCC(C)(C)O)[C@H]1CC[C@@H]\2[C@@]1(CCC/C2=C\C=C/3\C[C@H](C[C@@H](C3=C)O)O)C,416.6460000000002,5.704700000000008,3.0,3.0,1.0,,,
3146,C[C@H](/C=C/[C@H](C)C(C)(C)O)[C@H]1CC[C@@H]\2[C@@]1(CCC/C2=C\C=C3C[C@H](C[C@@H](C3)O)O)C,416.6460000000002,5.560600000000008,3.0,3.0,1.0,,,
3147,C[C@H]1CC[C@@]2([C@H]([C@H]3[C@@H](O2)C[C@@H]4[C@@]3(CC[C@H]5[C@H]4CC[C@@H]6[C@@]5(CC[C@@H](C6)O)C)C)C)OC1,416.64600000000024,5.793800000000007,1.0,3.0,1.0,,,
3148,Cc1cc(c(c2c1O[C@](CC2)(C)CCC[C@H](C)CCC[C@H](C)CCCC(C)C)C)O,416.6900000000002,8.531840000000003,1.0,2.0,1.0,,,
3149,Cc1cc(cnc1)C[NH+]2CCC(=C3c4ccc(cc4CCc5c3nccc5)Cl)CC2,416.9760000000002,4.217820000000004,1.0,2.0,0.0,,,
3150,c1cc(ccc1c2c(c(=O)c3c(cc(cc3o2)O)[O-])O[C@H]4[C@@H]([C@H]([C@@H](O4)CO)O)O)O,417.34600000000006,-0.237400000000001,5.0,10.0,0.0,,,
3151,CC(=O)Oc1ccc(cc1)C2(C(=O)Nc3ccccc3O2)c4ccc(cc4)OC(=O)C,417.4170000000002,3.8119000000000023,1.0,6.0,0.0,,,
3152,CNC(=O)C[NH+](CCN(CCN(CC(=O)NC)CC(=O)[O-])CC(=O)[O-])CC(=O)[O-],417.41900000000027,-8.783000000000015,3.0,10.0,0.0,,,
3153,CC(=CC1c2c(=O)c3c(cc4c(c3[O-])C=CC(O4)(C)C)oc2-c5ccc(cc5O1)O)C,417.4370000000002,4.823100000000005,1.0,6.0,0.0,,,
3154,CCOC(=O)[C@H](CCc1ccccc1)[NH2+][C@H]2CCCN3CCC[C@H](N3C2=O)C(=O)[O-],417.5060000000003,-0.7653999999999959,1.0,6.0,0.0,,,
3155,CCC(=O)N(c1ccccc1)C2(CC[NH+](CC2)CCn3c(=O)n(nn3)CC)COC,417.53400000000016,-0.03319999999999723,1.0,7.0,0.0,,,
3156,CCCCCCCCCCOc1cc2c(cc1OCC)[nH]cc(c2=O)C(=O)OCC,417.5460000000002,5.6230000000000055,1.0,5.0,1.0,,,
3157,c1cc(ccc1[C@@H]2CC(=O)c3ccc(cc3O2)O)O[C@H]4[C@@H]([C@H]([C@@H]([C@H](O4)CO)O)O)O,418.3980000000001,0.2773999999999986,5.0,9.0,0.0,,,
3158,COc1cc(cc(c1O)OC)[C@@H]2[C@H]3CO[C@@H]([C@H]3CO2)c4cc(c(c(c4)OC)O)OC,418.4420000000002,3.2074000000000007,2.0,8.0,0.0,,,
3159,CC1=C(C(C(=C(N1)C)C(=O)OC(C)C)c2cccc(c2)[N+](=O)[O-])C(=O)OCCOC,418.44600000000025,2.9708000000000014,1.0,8.0,0.0,,,
3160,C[C@]12C[C@@H]([C@H]3[C@H]([C@@H]1C[C@H]([C@@]2(C(=O)CO)O)C(=O)OC)CCC4=CC(=O)C=C[C@]34C)O,418.4860000000002,0.9566999999999999,3.0,7.0,0.0,,,
3161,C[C@H]1C[C@H]2[C@@H]3CC[C@@]([C@]3(C[C@@H]([C@@]2([C@@]4(C1=CC(=O)C=C4)C)F)O)C)(C(=O)C)OC(=O)C,418.50500000000017,3.494100000000002,1.0,5.0,0.0,,,
3162,C[C@]12CC[C@@H](C[C@H]1CCC3C2CC[C@]4([C@@]3(C[C@@H]([C@@H]4C5=CC(=O)OC5)OC=O)O)C)O,418.53000000000014,2.755800000000002,2.0,6.0,0.0,,,
3163,COC[C@@H](Cc1ccc(c(c1)OC)OC)[C@H](Cc2ccc(c(c2)OC)OC)COC,418.5300000000002,4.031400000000003,0.0,6.0,0.0,,,
3164,CCC(C)(C)C(=O)O[C@H]1C[C@H](C=C2[C@H]1[C@H]([C@H](C=C2)C)CC[C@@H]3C[C@H](CC(=O)O3)O)C,418.5740000000003,4.585600000000006,1.0,5.0,0.0,,,
3165,c1cc(c(cc1C(F)(F)F)Cl)Oc2ccc(c(c2)C(=O)OCC(=O)[O-])[N+](=O)[O-],418.68700000000024,2.966000000000003,0.0,7.0,0.0,,,
3166,C[NH+](CCCN1c2ccccc2CCc3c1cccc3)CC(=O)c4ccc(cc4)Cl,419.9760000000001,4.364400000000004,1.0,2.0,0.0,,,
3167,CC1C2C(CC(O1)OC)C(=COC2O[C@H]3[C@@H]([C@H]([C@@H]([C@H](O3)CO)O)O)O)C(=O)OC,420.4110000000002,-1.7701999999999969,4.0,11.0,1.0,,,
3168,CC1=CO[C@H]([C@H]2[C@@]1([C@@H](C[C@]2(C)OC(=O)C)O)O)O[C@H]3[C@@H]([C@H]([C@@H]([C@H](O3)CO)O)O)O,420.4110000000001,-2.5032999999999967,6.0,11.0,2.0,,,
3169,c1ccc2c(c1)c(c(c(n2)C3CC3)/C=C/[C@H](C[C@H](CC(=O)[O-])O)O)c4ccc(cc4)F,420.4600000000001,3.1834000000000024,2.0,5.0,0.0,,,
3170,C/C/1=C/C[C@H](/C(=C\[C@@H]2[C@@H]([C@@H](C1)OC(=O)/C(=C/CO)/CO)C(=C)C(=O)O2)/C)OC(=O)C,420.45800000000025,1.5250999999999997,2.0,8.0,0.0,,,
3171,Cc1ccc(cc1)C(=O)c2ccc(n2C)CC(=O)NCC(=O)Oc3ccccc3OC,420.4650000000002,2.8374200000000007,1.0,6.0,0.0,,,
3172,CC(=O)OCC(=O)[C@]1(CC[C@@H]2[C@@]1(C[C@@H]([C@]3([C@H]2CCC4=CC(=O)C=C[C@@]43C)F)O)C)O,420.4770000000001,2.220500000000001,2.0,6.0,0.0,,,
3173,C[C@@H]1[C@@H]2[C@H](C(=O)N2C(=C1S[C@H]3C[C@H]([NH2+]C3)CNS(=O)(=O)N)C(=O)[O-])[C@@H](C)O,420.51300000000015,-3.9639999999999946,4.0,7.0,0.0,,,
3174,CC(C)(C(=O)OCCn1cnc2c1c(=O)n(c(=O)n2C)C)Oc3ccc(cc3)Cl,420.85300000000007,1.4878999999999998,0.0,9.0,0.0,,,
3175,c1cc(ccc1[C@H]([C@@H](COC(=O)CCC(=O)[O-])NC(=O)[C-](Cl)Cl)O)[N+](=O)[O-],421.1890000000001,0.15339000000000025,2.0,8.0,0.0,,,
3176,c1cc(ccc1C(=O)CCC[NH+]2CCC(CC2)(c3ccc(cc3)Br)O)F,421.3299999999999,3.1176000000000026,2.0,2.0,0.0,,,
3177,c1c2c(cc(c1O)O)oc3c(c2=O)c(cc(c3[C@H]4[C@@H]([C@H]([C@@H]([C@H](O4)CO)O)O)O)O)[O-],421.33400000000006,-1.3484999999999991,7.0,11.0,2.0,,,
3178,c1c2c(cc(c1O)O)oc3cc(c(c(c3c2=O)[O-])[C@H]4[C@@H]([C@H]([C@@H]([C@H](O4)CO)O)O)O)O,421.33400000000006,-1.3485000000000007,7.0,11.0,2.0,,,
3179,c1ccc(cc1)CC2Nc3cc(c(cc3S(=O)(=O)N2)S(=O)(=O)N)C(F)(F)F,421.422,1.6253999999999997,3.0,5.0,0.0,,,
3180,CCCCC(CC)COC(=O)CC(C(=O)OCC(CC)CCCC)S(=O)(=O)[O-],421.57600000000025,3.8095000000000034,0.0,7.0,0.0,,,
3181,CCCCc1nc(c(n1Cc2ccc(cc2)c3ccccc3c4[n-]nnn4)CO)Cl,421.91200000000015,3.8959000000000032,1.0,6.0,0.0,,,
3182,Cc1c(sc[n+]1Cc2cnc(nc2N)C)CCOP(=O)([O-])OP(=O)([O-])[O-],422.2960000000001,-1.054259999999999,1.0,11.0,1.0,,,
3183,CC[C@@]1(c2cc-3n(c(=O)c2COC1=O)Cc4c3nc5ccc(c(c5c4)C[NH+](C)C)O)O,422.46100000000007,0.4296999999999998,3.0,7.0,0.0,,,
3184,CC(=O)OCC1=C(N2[C@@H]([C@@H](C2=O)NC(=O)CSc3ccncc3)SC1)C(=O)[O-],422.46400000000017,-0.8592999999999993,1.0,9.0,0.0,,,
3185,CC(C)CC(=O)O[C@H]1C=C2[C@@H]([C@@]13CO3)[C@@H](OC=C2COC(=O)C)OC(=O)CC(C)C,422.4740000000003,2.6621000000000006,0.0,8.0,0.0,,,
3186,CC(=O)OCC(=O)[C@]1(CC[C@@H]2[C@@]1(C[C@@H]([C@]3([C@H]2CCC4=CC(=O)CC[C@@]43C)F)O)C)O,422.49300000000017,2.444500000000001,2.0,6.0,0.0,,,
3187,c1cc(c(cc1C(C[NH2+]CCCCCC[NH2+]CC(c2ccc(c(c2)O)O)O)O)O)O,422.522,-0.03680000000000089,8.0,6.0,1.0,,,
3188,CC[NH+]1CC2(CCC(C34C2CC(C31)C5(CC(C6CC4C5C6O)OC)O)OC)COC,422.5860000000002,0.11410000000000364,3.0,5.0,0.0,,,
3189,CCCCCCCCCCCCCCCCCCCC(=O)CCCCCCCCC,422.7820000000003,10.737899999999991,0.0,1.0,1.0,,,
3190,CC(C)CCCC(C)CCCC(C)CCCCC(C)CCCC(C)CCCC(C)C,422.8260000000003,11.08439999999999,0.0,0.0,1.0,,,
3191,CCCCCCCCCCCCCCCCCCCCCCCCCCCCCC,422.82600000000036,11.948999999999982,0.0,0.0,1.0,,,
3192,CCOc1cc(c(cc1C(=O)NCC2C[NH+](CCO2)Cc3ccc(cc3)F)Cl)N,422.90800000000013,1.6737000000000002,3.0,4.0,0.0,,,
3193,CCc1c(c2ccccc2o1)C(=O)c3cc(c(c(c3)Br)[O-])Br,423.0799999999999,4.824800000000002,0.0,3.0,0.0,,,
3194,c1nc(c2c(n1)n(cn2)C3C(C(C(O3)COP(=O)([O-])[O-])OP(=O)([O-])[O-])O)N,423.17100000000016,-4.273999999999999,2.0,15.0,1.0,,,
3195,CO/N=C(/c1ccco1)\C(=O)N[C@H]2[C@@H]3N(C2=O)C(=C(CS3)COC(=O)N)C(=O)[O-],423.38300000000027,-1.8706999999999976,2.0,10.0,0.0,,,
3196,CC[C@](C)(C#N)O[C@H]1[C@@H]([C@H]([C@@H]([C@H](O1)CO[C@H]2[C@@H]([C@H]([C@@H]([C@H](O2)CO)O)O)O)O)O)O,423.4150000000001,-3.680619999999996,7.0,12.0,2.0,,,
3197,CCCCc1[nH+]cc(n1Cc2ccc(cc2)C(=O)[O-])/C=C(\Cc3cccs3)/C(=O)[O-],423.5140000000002,1.4941,0.0,6.0,0.0,,,
3198,CC[C@H](C)C(=O)O[C@H]1C[C@@H](C=C2[C@H]1[C@H]([C@H](C=C2)C)CC[C@H](C[C@H](CC(=O)[O-])O)O)O,423.52600000000024,1.1056999999999997,3.0,7.0,0.0,,,
3199,C/C(=C(\c1ccc(cc1Cl)Cl)/OCCOc2ccc(cc2)Cl)/n3ccnc3,423.727,6.284600000000005,0.0,4.0,1.0,,,
3200,CCCCCCCCCCCCCCCCCCCCCCCCCCCC(=O)[O-],423.7460000000003,8.898800000000003,0.0,2.0,1.0,,,
3201,CC/C(=C(/CC)\c1ccc(cc1)OP(=O)([O-])[O-])/c2ccc(cc2)OP(=O)([O-])[O-],424.2820000000001,1.8323999999999996,0.0,8.0,0.0,,,
3202,CCOC(=O)[C@H](CCc1ccccc1)[NH2+][C@H]2CCc3ccccc3N(C2=O)CC(=O)[O-],424.49700000000024,0.21220000000000216,1.0,5.0,0.0,,,
3203,C[C@H]1C[NH+](CC[C@@]1(C)c2cccc(c2)O)C[C@H](Cc3ccccc3)C(=O)NCC(=O)[O-],424.54100000000017,0.29960000000000125,3.0,4.0,0.0,,,
3204,c1ccc(cc1)C2(CC[NH+](CC2)CCC(C#N)(c3ccccc3)c4ccccc4)C(=O)[O-],424.54400000000004,2.25298,1.0,3.0,0.0,,,
3205,CC(C)(C1CC23C=CC1(C4C25CC[NH+](C3Cc6c5c(c(cc6)O)O4)CC7CC7)OC)O,424.5610000000002,1.7464999999999997,3.0,4.0,0.0,,,
3206,CCCCCCCC(=O)CC[C@H]1[C@@H](C[C@@H]([C@@H]1C/C=C\CCCC(=O)OC(C)C)O)O,424.62200000000024,5.122300000000007,2.0,5.0,1.0,,,
3207,CCC(/C=C\C(C)C1CCC2[C@@]1(CCC3[C@H]2CC(=O)C4=CC(=O)CC[C@]34C)C)C(C)C,424.66900000000027,7.188000000000008,0.0,2.0,1.0,,,
3208,CC(C)C1CCC2C1(CC[C@]3(C2(CC[C@@]4(C3CC[C@]5(C4CCC=C5C=O)C)C)C)C)C,424.7130000000002,8.233000000000008,0.0,1.0,1.0,,,
3209,CC(C)C1CCC2C1(CCC3(C2(CC=C4C3CCC5C4(CCC(=O)C5(C)C)C)C)C)C,424.71300000000025,8.233000000000008,0.0,1.0,1.0,,,
3210,C[C@@H]1CC[C@@]2(CC[C@@]3(C(=CCC4[C@]3(CC[C@@H]5[C@@]4(CCC(=O)C5(C)C)C)C)[C@@H]2[C@H]1C)C)C,424.7130000000002,8.233000000000008,0.0,1.0,1.0,,,
3211,C[C@]12CCC(C[C@H]1[C@@]3(CC[C@@H]4[C@]5(CCC(=O)C([C@@H]5CC[C@]4(C3=CC2)C)(C)C)C)C)(C)C,424.71300000000025,8.377100000000006,0.0,1.0,1.0,,,
3212,CCCCCCCCCCCCCCCCCCCC(CCCCCCCCC)O,424.7980000000003,10.529699999999991,1.0,1.0,1.0,,,
3213,CC(C)(C(=O)NCCS(=O)(=O)[O-])Oc1ccc(cc1)C(=O)c2ccc(cc2)Cl,424.8820000000002,2.389800000000001,1.0,6.0,0.0,,,
3214,c1cc(ccc1CCc2c[nH]c3c2c(=O)nc([nH]3)N)C(=O)N[C@@H](CCC(=O)[O-])C(=O)[O-],425.40100000000024,-2.0029999999999974,4.0,8.0,0.0,,,
3215,C[NH+]1CC[C@]23c4cc(c(cc4N5[C@H]2C6C(CC3=O)C(=CCOC6CC5=O)C1)OC)OC,425.5050000000003,0.5093000000000021,1.0,5.0,0.0,,,
3216,CCC[C@@H]1C[C@H]([NH+](C1)C)C(=O)NC([C@@H]2[C@@H]([C@@H]([C@H]([C@H](O2)SC)O)O)O)C(C)Cl,425.99900000000014,-1.0275999999999959,5.0,6.0,0.0,,,
3217,C[C@@H]1c2ccc(cc2C[NH2+]1)c3ccc4c(c3OC(F)F)n(cc(c4=O)C(=O)[O-])C5CC5,426.4190000000002,2.1062999999999996,1.0,5.0,0.0,,,
3218,CO[C@@]1([C@@H]2N(C1=O)C(=C(CS2)COC(=O)N)C(=O)[O-])NC(=O)Cc3cccs3,426.4520000000001,-1.236099999999997,2.0,9.0,0.0,,,
3219,COCC1=C(N2[C@@H]([C@@H](C2=O)NC(=O)/C(=N\OC)/c3csc(n3)N)SC1)C(=O)[O-],426.45600000000013,-1.8738999999999977,2.0,11.0,1.0,,,
3220,CC(=CC(=O)O[C@H]1[C@@H]([C@@](Oc2c1cc3c(c2)oc(=O)cc3)(C)C)OC(=O)C=C(C)C)C,426.4650000000002,4.3925000000000045,0.0,7.0,0.0,,,
3221,CCOC(=O)OCC/C(=C(\C)/N(Cc1cnc(nc1N)C)C=O)/SC(=O)OCC,426.49500000000023,3.0100200000000017,1.0,10.0,0.0,,,
3222,CCC(=O)c1ccc2c(c1)N(c3ccccc3S2)CCCN4CC[NH+](CC4)CCO,426.6060000000004,2.4649000000000005,2.0,5.0,0.0,,,
3223,C[C@H]1C[C@@H]2[C@H]([C@H]([C@]3(O2)CC[C@H]4[C@@H]5CC=C6C[C@H](CC[C@@]6([C@H]5C(=O)C4=C3C)C)O)C)[NH2+]C1,426.6210000000002,3.154700000000001,2.0,3.0,0.0,,,
3224,CC(C)C1CC[C@]2(C1C3C(=O)CC4[C@]5(CCCC(C5CC[C@]4(C3(CC2)C)C)(C)C)C)C,426.72900000000027,8.312900000000008,0.0,1.0,1.0,,,
3225,CC(C)[C@H]1CCC2[C@@]1(CC[C@]3([C@]2(CC=C4C3CCC5[C@@]4(CC[C@@H](C5(C)C)O)C)C)C)C,426.7290000000002,8.02480000000001,1.0,1.0,1.0,,,
3226,C[C@H]1[C@@H]2[C@H]3CC[C@@H]4[C@]5(CC[C@@H](C([C@@H]5CC[C@]4([C@@]3(CC[C@]2(CCC1=C)C)C)C)(C)C)O)C,426.72900000000027,8.02480000000001,1.0,1.0,1.0,,,
3227,C[C@H]1C(=O)CC[C@@H]2[C@@]1(CC[C@H]3[C@]2(CC[C@@]4([C@@]3(CC[C@@](C4)(C)CCC=C(C)C)C)C)C)C,426.72900000000027,8.767200000000004,0.0,1.0,1.0,,,
3228,CC(=C)[C@@H]1CC[C@]2([C@H]1[C@H]3CC[C@@H]4[C@]5(CC[C@@H](C([C@@H]5CC[C@]4([C@@]3(CC2)C)C)(C)C)O)C)C,426.72900000000027,8.02480000000001,1.0,1.0,1.0,,,
3229,C[C@@]12CC[C@@]3(C(=CC[C@H]4[C@]3(CC[C@@H]5[C@@]4(CC[C@@H](C5(C)C)O)C)C)[C@@H]1CC(CC2)(C)C)C,426.7290000000002,8.168900000000008,1.0,1.0,1.0,,,
3230,C[C@H]1[C@@H]2CC[C@H]3[C@@]4(CC[C@@H]([C@]4(CC[C@@]35[C@@]2(C5)CC[C@@H]1O)C)[C@H](C)CCC(=C)C(C)C)C,426.7290000000002,8.02480000000001,1.0,1.0,1.0,,,
3231,C[C@@]12CC[C@@]3([C@H]4CC=C5[C@H]([C@@]4(CC[C@]3([C@@H]1CC(CC2)(C)C)C)C)CC[C@@H](C5(C)C)O)C,426.7290000000002,8.168900000000008,1.0,1.0,1.0,,,
3232,C[C@H](CCC=C(C)C)[C@@H]1CC[C@]2([C@]1(CCC3=C2CC[C@@H]4[C@@]3(CC[C@@H](C4(C)C)O)C)C)C,426.72900000000016,8.479100000000006,1.0,1.0,1.0,,,
3233,C[C@@H](CCC=C(C)C)[C@@H]1CC[C@]2([C@]1(CCC3=C2CC[C@@H]4[C@@]3(CC[C@@H](C4(C)C)O)C)C)C,426.72900000000016,8.479100000000006,1.0,1.0,1.0,,,
3234,C[C@@H]1CC[C@@]2(CC[C@@]3(C(=CC[C@H]4[C@]3(CC[C@@H]5[C@@]4(CC[C@@H](C5(C)C)O)C)C)[C@@H]2[C@H]1C)C)C,426.72900000000016,8.02480000000001,1.0,1.0,1.0,,,
3235,c1ccc2c(c1)[nH]c(=O)n2CCC[NH+]3CCC(CC3)n4c5ccc(cc5[nH]c4=O)Cl,426.9280000000001,1.9360999999999986,3.0,4.0,0.0,,,
3236,C[C@@H]1C[C@H]2[C@@H]3CCC4=CC(=O)C=C[C@@]4([C@]3([C@H](C[C@@]2([C@]1(C(=O)CCl)O)C)O)Cl)C,427.3680000000001,3.411500000000002,2.0,4.0,0.0,,,
3237,CC(=O)c1ccc(c(c1)OC)OCCC[NH+]2CCC(CC2)c3c4ccc(cc4on3)F,427.4960000000001,3.409500000000002,1.0,5.0,0.0,,,
3238,Cc1c(c(=O)n2c(n1)C(CCC2)O)CC[NH+]3CCC(CC3)c4c5ccc(cc5on4)F,427.5000000000001,1.6642200000000003,2.0,6.0,0.0,,,
3239,c1ccc(cc1)C(c2ccccc2)([C@@H]3CC[NH+](C3)CCc4ccc5c(c4)CCO5)C(=O)N,427.56800000000027,2.540399999999999,2.0,2.0,0.0,,,
3240,c1ccc(cc1)C(c2ccccc2)N3CC[NH+](CC3)CCCn4c5ccccc5[nH]c4=O,427.5720000000002,2.7098000000000004,2.0,3.0,0.0,,,
3241,CCOC(=O)Nc1ccc2c(c1)N(c3ccccc3S2)C(=O)CC[NH+]4CCOCC4,428.53400000000033,2.6895000000000007,2.0,5.0,0.0,,,
3242,C[C@H](CSC(=O)c1ccccc1)C(=O)N2C[C@H](C[C@H]2C(=O)[O-])Sc3ccccc3,428.5550000000002,2.7078000000000007,0.0,6.0,0.0,,,
3243,Cc1cccc(c1NC(=O)C[NH+]2CCN(CC2)CC(COc3ccccc3OC)O)C,428.55300000000017,0.890940000000001,3.0,5.0,0.0,,,
3244,CCCCCC(=O)O[C@@]1(CC[C@@H]2[C@@]1(CC[C@H]3[C@H]2CCC4=CC(=O)CC[C@]34C)C)C(=O)C,428.6130000000003,5.969600000000007,0.0,4.0,1.0,,,
3245,C[C@H]1C[C@@H]2[C@H]([C@H]([C@]3(O2)CC[C@H]4[C@@H]5CC(=O)[C@H]6C[C@H](CC[C@@]6([C@H]5CC4=C3C)C)O)C)[NH2+]C1,428.6370000000003,3.2346000000000013,2.0,3.0,0.0,,,
3246,CC(C)C(C)/C=C/C(C)C1CCC2C1(CCC3C24C=CC5(C3(CC[C@@H](C5)O)C)OO4)C,428.6570000000002,6.473600000000008,1.0,3.0,1.0,,,
3247,CCCCCCCCCC(=O)O[C@H]1CC[C@@H]2[C@@]1(CC[C@H]3[C@H]2CCC4=CC(=O)CC[C@H]34)C,428.65700000000027,7.180700000000009,0.0,3.0,1.0,,,
3248,C[C@]12CCCC(C1CC[C@@]3(C2CCC4C3(CC[C@@H]5C46CCC5C(OC6)(C)O)C)C)(C)C,428.70100000000025,7.19670000000001,1.0,2.0,1.0,,,
3249,C[C@H]1[C@H](CC[C@@H]2[C@@]1(CC[C@H]3[C@]2(CC[C@@]4([C@@]3(CC[C@@]5([C@H]4CC(CC5)(C)C)C)C)C)C)C)O,428.7450000000003,8.248800000000006,1.0,1.0,1.0,,,
3250,c1cc(c(cc1Cl)Cl)CO/N=C(/Cn2ccnc2)\c3ccc(cc3Cl)Cl,429.134,6.117800000000004,0.0,4.0,1.0,,,
3251,c1cc(c(cc1Cl)Cl)CO/N=C(\Cn2ccnc2)/c3ccc(cc3Cl)Cl,429.134,6.117800000000004,0.0,4.0,1.0,,,
3252,C[NH+](C)CC(COc1ccccc1CCc2cccc(c2)OC)OC(=O)CCC(=O)[O-],429.51300000000026,0.44560000000000244,1.0,6.0,0.0,,,
3253,CC#C[C@@]1(CC[C@@H]2[C@@]1(C[C@@H](C3=C4CCC(=O)C=C4CC[C@@H]23)c5ccc(cc5)N(C)C)C)O,429.60400000000016,5.406500000000007,1.0,3.0,1.0,,,
3254,CC(CS(=O)(=O)c1ccc(cc1)F)(C(=O)Nc2ccc(c(c2)C(F)(F)F)C#N)O,430.3790000000001,2.879580000000001,2.0,5.0,0.0,,,
3255,c1cc(ccc1Nc2nc(nc(n2)N)N)[As](SCC[NH3+])SCC[NH3+],430.4390000000002,-1.5749999999999984,5.0,8.0,0.0,,,
3256,Cc1cc2ccc(c(c2c(c1C(=O)C)O)O)c3ccc4cc(c(c(c4c3O)O)C(=O)C)C,430.45600000000024,5.504440000000007,4.0,6.0,1.0,,,
3257,COC[C@H]1Cc2cc3c(c(c2[C@H]([C@@H]1COC)c4ccc(c(c4)OC)OC)OC)OCO3,430.49700000000024,3.6543000000000028,0.0,7.0,0.0,,,
3258,COC[C@@H]1Cc2cc(c3c(c2[C@@H](C1COC)c4ccc(c(c4)OC)OC)OCO3)OC,430.49700000000024,3.6543000000000028,0.0,7.0,0.0,,,
3259,CCCC1O[C@@H]2C[C@H]3[C@@H]4CCC5=CC(=O)C=C[C@@]5([C@H]4[C@H](C[C@@]3([C@@]2(O1)C(=O)CO)C)O)C,430.5410000000002,2.716800000000001,2.0,6.0,0.0,,,
3260,CCOC(=O)[C@H](CCc1ccccc1)[NH2+][C@@H](C)C(=O)N2[C@H]3CCCC[C@@H]3C[C@H]2C(=O)[O-],430.54500000000036,0.4124000000000032,1.0,5.0,0.0,,,
3261,CC[NH+](CCCCOC(=O)c1ccc(c(c1)OC)OC)C(C)Cc2ccc(cc2)OC,430.5650000000002,3.1854000000000013,1.0,5.0,0.0,,,
3262,CC1=C(O[C@@H]2[C@H]1[C@@]3([C@@H](C2)[C@@H]4CC[C@H]5C[C@H](CC[C@@]5([C@H]4CC3=O)C)O)C)CCC(C)CO,430.62900000000025,4.876500000000005,2.0,4.0,0.0,,,
3263,C[C@@H]1CC[C@@]2([C@H]([C@H]3[C@@H](O2)C[C@@H]4[C@@]3(CC[C@H]5[C@H]4CC=C6[C@@]5([C@@H](C[C@@H](C6)O)O)C)C)C)OC1,430.6290000000002,4.684700000000006,2.0,4.0,0.0,,,
3264,C[C@@H]1CCC2([C@H]([C@H]3[C@@H](O2)C[C@@H]4[C@@]3(CC[C@H]5[C@H]4CC(=O)[C@@H]6[C@@]5(CC[C@@H](C6)O)C)C)C)OC1,430.62900000000025,4.972800000000005,1.0,4.0,0.0,,,
3265,C[C@@H]1CC[C@@]2([C@H]([C@H]3[C@@H](O2)C[C@@H]4[C@@]3(C(=O)C[C@H]5[C@H]4CC[C@@H]6[C@@]5(CC[C@@H](C6)O)C)C)C)OC1,430.6290000000003,4.972800000000005,1.0,4.0,0.0,,,
3266,C[C@H]1CC[C@H]2[C@@]([C@H]3CC[C@@H]4[C@H]([C@@H]3C[NH+]2C1)C[C@H]5[C@H]4CC(=O)[C@@H]6[C@@]5(CC[C@@H](C6)O)C)(C)O,430.6530000000003,2.4692000000000003,3.0,3.0,0.0,,,
3267,Cc1c(c2c(c(c1O)C)CC[C@@](O2)(C)CCC[C@H](C)CCC[C@H](C)CCCC(C)C)C,430.71700000000027,8.840260000000002,1.0,2.0,1.0,,,
3268,C[C@H]1[C@@H]([C@H]([C@H]([C@@H](O1)Oc2c(=O)c3c(cc(cc3oc2c4ccc(cc4)O)O)[O-])O)O)O,431.37300000000005,0.1510999999999999,5.0,10.0,0.0,,,
3269,c1cc(ccc1c2cc(=O)c3c(cc(cc3o2)O[C@H]4[C@@H]([C@H]([C@@H]([C@H](O4)CO)O)O)O)[O-])O,431.3730000000001,-0.5820999999999996,5.0,10.0,0.0,,,
3270,c1cc(ccc1c2cc(=O)c3c(cc(c(c3o2)[C@H]4[C@@H]([C@H]([C@@H]([C@H](O4)CO)O)O)O)O)[O-])O,431.3730000000001,-0.5402999999999991,6.0,10.0,1.0,,,
3271,c1cc(ccc1c2coc3cc(cc(c3c2=O)[O-])OC4C(C(C(C(O4)CO)O)O)O)O,431.37300000000005,-0.5821000000000012,5.0,10.0,0.0,,,
3272,c1cc(ccc1c2coc3cc(cc(c3c2=O)[O-])O)O[C@H]4[C@@H]([C@H]([C@@H]([C@H](O4)CO)O)O)O,431.3730000000001,-0.582100000000001,5.0,10.0,0.0,,,
3273,c1cc(ccc1c2coc3cc(cc(c3c2=O)[O-])O[C@H]4[C@@H]([C@H]([C@@H]([C@H](O4)CO)O)O)O)O,431.37300000000005,-0.5821000000000012,5.0,10.0,0.0,,,
3274,c1cc(ccc1c2cc(=O)c3c(o2)cc(c(c3[O-])[C@H]4[C@@H]([C@H]([C@@H]([C@H](O4)CO)O)O)O)O)O,431.37300000000005,-0.5403000000000007,6.0,10.0,1.0,,,
3275,COc1cc(cc(c1OC)OC)C2c3cc4c(cc3C(C(C2C(=O)[O-])CO)O)OCO4,431.4170000000002,0.5945999999999991,2.0,9.0,0.0,,,
3276,c1ccc(cc1)CSCC2=NS(=O)(=O)c3cc(c(cc3N2)Cl)S(=O)(=O)N,431.9480000000001,2.4334999999999996,2.0,6.0,0.0,,,
3277,CC(C)(C)C(=O)Oc1ccc(cc1)S(=O)(=O)[N-]c2ccccc2C(=O)NCC(=O)[O-],432.4540000000002,1.5118999999999994,1.0,7.0,0.0,,,
3278,CC(=O)OCC(=O)[C@]1(C(=C)C[C@@H]2[C@@]1(C[C@@H]([C@]3([C@H]2CCC4=CC(=O)C=C[C@@]43C)F)O)C)O,432.48800000000017,2.386600000000001,2.0,6.0,0.0,,,
3279,CN(c1[nH]c(=O)ccn1)C2CCN(CC2)c3nc4ccccc4n3Cc5ccc(cc5)F,432.5030000000001,3.412200000000002,1.0,6.0,0.0,,,
3280,CC1Cc2cc(c(c(c2-c3c(cc(c(c3OC)OC)OC)CC1(C)O)OC)OC)OC,432.5130000000002,3.890900000000003,1.0,7.0,0.0,,,
3281,CCCC(=O)O[C@@]1(CC[C@@H]2[C@@]1(C[C@@H]([C@H]3[C@H]2CCC4=CC(=O)CC[C@]34C)O)C)C(=O)CO,432.55700000000024,3.1326000000000023,2.0,6.0,0.0,,,
3282,c1cc(oc1)CS(=O)CC(=O)NC/C=C\COc2cc(ccn2)C[NH+]3CCCCC3,432.5660000000003,1.2435000000000003,2.0,5.0,0.0,,,
3283,CC(C)OC(=O)CCC/C=C\C[C@H]1[C@H](C[C@H]([C@@H]1CC[C@H](CCc2ccccc2)O)O)O,432.60100000000017,4.186400000000006,3.0,5.0,0.0,,,
3284,c1ccc(cc1)C(CC[NH+]2CCC(CC2)(C(=O)N)[NH+]3CCCCC3)(C#N)c4ccccc4,432.6120000000002,0.8579800000000033,3.0,2.0,0.0,,,
3285,CC1CCC2(C(C3C(O2)CC4C3(CCC5C4CC[C@H]6C5(C[C@@H]([C@@H](C6)O)O)C)C)C)OC1,432.6450000000002,4.764600000000005,2.0,4.0,0.0,,,
3286,C[C@@H]1CC[C@@]2([C@H]([C@H]3[C@@H](O2)C[C@@H]4[C@@]3(CC[C@H]5[C@H]4CC[C@@H]6[C@@]5(C[C@H]([C@@H](C6)O)O)C)C)C)OC1,432.6450000000002,4.764600000000005,2.0,4.0,0.0,,,
3287,C[C@H]1CC[C@H]2[C@@]([C@H]3CC[C@@H]4[C@H]([C@@H]3C[NH+]2C1)C[C@H]5[C@H]4C[C@@H]([C@@H]6[C@@]5(CC[C@@H](C6)O)C)O)(C)O,432.66900000000027,2.2610000000000006,4.0,3.0,0.0,,,
3288,C[C@@H]1C[C@]2([C@@H]([C@H]([C@H]3[C@H](O2)C[C@@H]4[C@@]3(CC[C@H]5[C@H]4CC[C@@H]6[C@@]5(CC[C@@H](C6)[NH3+])C)C)C)[NH2+]C1)O,432.6930000000002,2.561000000000003,3.0,2.0,0.0,,,
3289,c1cc(c(cc1c2c(c(=O)c3c(cc(cc3o2)O)[O-])O[C@H]4[C@@H]([C@H]([C@@H](O4)CO)O)O)O)O,433.3450000000001,-0.5318000000000007,6.0,11.0,2.0,,,
3290,C[C@H]1[C@@H](C(=O)N1S(=O)(=O)[O-])NC(=O)/C(=N\OC(C)(C)C(=O)[O-])/c2csc(n2)N,433.4240000000002,-2.8497999999999974,2.0,12.0,1.0,,,
3291,Cc1c2c(c(c(c1OC)C/C=C(\C)/CCC(=O)OCC[NH+]3CCOCC3)[O-])C(=O)OC2,433.5010000000003,0.4749200000000011,1.0,7.0,0.0,,,
3292,CCCCC(=O)N(Cc1ccc(cc1)c2ccccc2c3[n-]nnn3)[C@@H](C(C)C)C(=O)[O-],433.5120000000002,2.4561,0.0,6.0,0.0,,,
3293,CC(C)(C)c1ccc(cc1)C[NH+]2CCN(CC2)C(c3ccccc3)c4ccc(cc4)Cl,434.047,5.127600000000005,1.0,1.0,1.0,,,
3294,CC[C@@]12CCC[NH+]3[C@@H]1c4c(c5ccc(cc5n4[C@](C2)(C(=O)OC)O)Br)CC3,434.35400000000016,2.2979000000000003,2.0,4.0,0.0,,,
3295,C[C@H]1C[C@H]2[C@@H]3CCC4=CC(=O)C=C[C@@]4([C@]3([C@H](C[C@@]2([C@]1(C(=O)COC(=O)C)O)C)O)F)C,434.5040000000002,2.466500000000001,2.0,6.0,0.0,,,
3296,C[C@@H]1C[C@H]2[C@@H]3C[C@@H](C4=CC(=O)C=C[C@@]4([C@H]3[C@H](C[C@@]2([C@]1(C(=O)COC(=O)C)O)C)O)C)F,434.5040000000002,2.3224,2.0,6.0,0.0,,,
3297,C[C@]12C[C@@H]([C@]3([C@H]([C@@H]1C[C@@H]4[C@]2(OC(O4)(C)C)C(=O)CO)CCC5=CC(=O)C=C[C@@]53C)F)O,434.50400000000013,2.4188000000000005,2.0,6.0,0.0,,,
3298,C[C@]12C[C@@H]([C@H]3[C@H]([C@@H]1C[C@@H]4[C@]2(OC(O4)(C)C)C(=O)CO)C[C@@H](C5=CC(=O)C=C[C@]35C)F)O,434.50400000000013,2.2747000000000006,2.0,6.0,0.0,,,
3299,C[C@@H]1C=C(C(=O)[C@]2([C@H]1C[C@@H]3[C@@]4([C@@H]2[C@@H]([C@H]([C@@H]([C@@H]4CC(=O)O3)C)OC)OC(=O)C)C)C)OC,434.5290000000003,2.912300000000001,0.0,7.0,0.0,,,
3300,C[C@]12CC[C@@H](CC1=CCC3C2CC[C@]4(C3C[C@@H](C4[C@](C)(CCCC(C)(C)O)O)O)C)O,434.66100000000023,4.589300000000008,4.0,4.0,0.0,,,
3301,Cc1c(c(no1)c2ccccc2Cl)C(=O)N[C@H]3[C@@H]4N(C3=O)[C@H](C(S4)(C)C)C(=O)[O-],434.8810000000002,1.2140199999999997,1.0,7.0,0.0,,,
3302,Cc1cc(cc(c1Oc2c(c(nc(n2)Nc3ccc(cc3)C#N)N)Br)C)C#N,435.2850000000001,4.717400000000003,2.0,7.0,0.0,,,
3303,c1ccnc(c1)C(c2ccc(cc2)OS(=O)(=O)[O-])c3ccc(cc3)OS(=O)(=O)[O-],435.4350000000002,1.9398,0.0,9.0,0.0,,,
3304,c1ccc2c(c1)/C(=C/CCN3CC[NH+](CC3)CCO)/c4cc(ccc4S2)C(F)(F)F,435.53499999999997,3.1846000000000023,2.0,3.0,0.0,,,
3305,c1cc(ccc1N2CCOCC2=O)N3C[C@@H](OC3=O)CNC(=O)c4ccc(s4)Cl,435.8890000000001,2.5199,1.0,6.0,0.0,,,
3306,c1cc(ccc1C(CC(=O)c2ccc(c(c2O)[C@H]3[C@@H]([C@H]([C@@H]([C@H](O3)CO)O)O)O)O)O)O,436.41300000000007,-0.37529999999999997,8.0,10.0,1.0,,,
3307,CC[C@@]1(c2cc-3n(c(=O)c2COC1=O)Cc4c3nc5cc(c(c6c5c4[C@H](CC6)[NH3+])C)F)O,436.46300000000014,1.7563199999999997,2.0,6.0,0.0,,,
3308,C[C@]12CCC(=O)C=C1[C@H](C[C@@H]3[C@@H]2[C@H](C[C@]4([C@H]3C[C@@H]5[C@]4(OC(O5)(C)C)C(=O)CO)C)O)F,436.5200000000002,2.498700000000001,2.0,6.0,0.0,,,
3309,CCCCCCCCCCCCCCCCCCCCCCCCCCCCCCC,436.8530000000004,12.33909999999998,0.0,0.0,1.0,,,
3310,CCCCC1(C(=O)N(N(C1=O)c2ccccc2)c3ccccc3)COC(=O)CCC(=O)[O-],437.4720000000003,2.231299999999999,0.0,6.0,0.0,,,
3311,Cc1ccc(cc1S(=O)(=O)N)Nc2nccc(n2)N(C)c3ccc4c(n(nc4c3)C)C,437.5290000000002,3.1390400000000014,2.0,8.0,0.0,,,
3312,c1cc2c(csc2c(c1)Cl)COC(Cn3ccnc3)c4ccc(cc4Cl)Cl,437.779,7.016100000000004,0.0,4.0,1.0,,,
3313,CC1=C(C(=O)C[C@]2([C@H]1C[C@@H]3[C@]45[C@@H]2[C@H]([C@@H]([C@]([C@@H]4[C@H](C(=O)O3)O)(OC5)C(=O)OC)O)O)C)O,438.4290000000002,-1.0000999999999978,4.0,10.0,0.0,,,
3314,CN1C(C(=O)N(C(C1=O)(Cc2cccc(c2)O)O)C)Cc3c[nH]c4c3c(ccc4)[N+](=O)[O-],438.4400000000002,1.554499999999999,3.0,6.0,0.0,,,
3315,CCOc1nc2cccc(c2n1Cc3ccc(cc3)c4ccccc4c5[n-]nnn5)C(=O)[O-],438.4470000000002,2.3230000000000004,0.0,8.0,0.0,,,
3316,c1ccc2c(c1)cc([nH]2)C(=O)N[C@@H]3C(=O)N4CCc5c4c(ccc5)C(=N3)c6ccccc6F,438.4620000000001,3.803200000000002,2.0,3.0,0.0,,,
3317,CC(=CCC(Cc1c(cc(c(c1O)C(=O)/C=C/c2ccc(cc2O)O)OC)O)C(=C)C)C,438.5200000000002,5.5048000000000075,4.0,6.0,1.0,,,
3318,CCOC(=O)[C@H](CCc1ccccc1)[NH2+][C@@H](C)C(=O)N2Cc3ccccc3C[C@H]2C(=O)[O-],438.5240000000003,0.20620000000000283,1.0,5.0,0.0,,,
3319,c1ccc2c(c1)N(c3cc(ccc3S2)C(F)(F)F)CCCN4CC[NH+](CC4)CCO,438.5390000000004,2.8910000000000013,2.0,4.0,0.0,,,
3320,CCCCCCCCCCCCCCCCCCCCCCCCCCCCCCO,438.8250000000004,10.92139999999999,1.0,1.0,1.0,,,
3321,c1cc(cc(c1)NC(=O)c2cc(cc(c2O)Br)Br)C(F)(F)F,439.025,5.188300000000003,2.0,2.0,1.0,,,
3322,c1cc(ccc1C(=O)N[C@@H](CCC(=O)[O-])C(=O)[O-])NCc2cnc3c(n2)c(=O)nc([nH]3)N,439.38800000000015,-2.714199999999998,4.0,11.0,1.0,,,
3323,c1nnnn1CC(=O)N[C@H]2[C@@H]3N(C2=O)C(=C(CS3)CSc4nncs4)C(=O)[O-],439.48400000000015,-2.2791999999999977,1.0,13.0,1.0,,,
3324,CC(=C)C1CCC2(C1CCC3(C2CCC4C3(CCC(C4(C)CCC(=O)[O-])C(=C)C)C)C)C,439.7040000000003,6.950100000000008,0.0,2.0,1.0,,,
3325,CN1C(Nc2cc(c(cc2S1(=O)=O)S(=O)(=O)N)Cl)CSCC(F)(F)F,439.8900000000001,1.6549999999999996,2.0,6.0,0.0,,,
3326,C[NH+](C)[C@H]1[C@@H]2[C@H]([C@@H]3C(=C)c4cccc(c4C(=O)C3=C([C@@]2(C(=O)C(=C1[O-])C(=O)N)O)[O-])[O-])O,440.40800000000024,-4.882399999999995,4.0,8.0,0.0,,,
3327,C[C@]12CC[C@@H]3c4ccc(cc4CC[C@H]3[C@@H]1CC[C@@H]2O)OC(=O)N(CCCl)CCCl,440.4110000000002,5.182000000000006,1.0,3.0,1.0,,,
3328,C[C@]12CCC(=O)C=C1CC[C@@H]3[C@@H]2[C@H](C[C@]4([C@H]3CC[C@@]4(C(=O)COP(=O)([O-])[O-])O)C)O,440.42900000000014,0.6345999999999994,2.0,8.0,0.0,,,
3329,Cc1c(c2c(c(c1O)C)CCC(O2)(C)COc3ccc(cc3)CC4C(=O)[N-]C(=O)S4)C,440.5410000000001,5.1583600000000045,1.0,6.0,1.0,,,
3330,CC1(C(N2[C@H](S1)[C@@H](C2=O)/[NH+]=C/N3CCCCCC3)C(=O)OCOC(=O)C(C)(C)C)C,440.5860000000003,0.49220000000000197,1.0,6.0,0.0,,,
3331,CCCCS(=O)(=O)N[C@@H](Cc1ccc(cc1)OCCCCC2CC[NH2+]CC2)C(=O)[O-],440.60600000000045,0.5896000000000031,2.0,5.0,0.0,,,
3332,C[C@]1([C@H](CC[C@]2([C@H]1CC[C@@]3([C@@H]2CCC4=C5[C@@]6(C(=O)O[C@](C5)(CC6)C)CC[C@@]34C)C)C)O)C,440.66800000000035,6.582400000000009,1.0,3.0,1.0,,,
3333,CC1C(=O)CCC2C1(CC(=O)C3C2(CCC4(C3(CCC5(C4CC(CC5)(C)C)C)C)C)C)C,440.71200000000033,7.63600000000001,0.0,2.0,1.0,,,
3334,CC(CCC=C(C)C)C1C(CC2(C1(CCC3C2=CCC4C3(CCC(=O)C4(C)C)C)C)C)O,440.7120000000002,7.51400000000001,1.0,2.0,1.0,,,
3335,CC[C@H](/C=C/[C@@H](C)[C@H]1CC[C@@]2([C@@]1(CC[C@]34C2CCC5[C@]3(C4)CCC([C@H]5C)O)C)C)C(C)C,440.7560000000002,8.270800000000008,1.0,1.0,1.0,,,
3336,CC(C)[C@@H]1CC[C@H]2[C@]1(CC[C@@]3([C@@]2(CC=C4[C@H]3CC[C@@H]5[C@@]4(CC[C@@H](C5(C)C)OC)C)C)C)C,440.75600000000026,8.678900000000006,0.0,1.0,1.0,,,
3337,CC[C@H](CC[C@@H](C)[C@H]1CCC2([C@@]1(CCC34[C@H]2CC[C@@H]5C3(C4)CC[C@@H]([C@H]5C)O)C)C)C(=C)C,440.75600000000026,8.414900000000008,1.0,1.0,1.0,,,
3338,Cc1ccc(cc1C)n2c(=O)c(c([nH]2)C)N/N=C/3\C=CC=C(C3=O)c4cccc(c4)C(=O)[O-],441.4670000000002,2.4447600000000005,2.0,7.0,0.0,,,
3339,CC1=N[C@@]2([C@H](O1)C[C@@H]3[C@@]2(C[C@@H]([C@H]4[C@H]3CCC5=CC(=O)C=C[C@]45C)O)C)C(=O)COC(=O)C,441.5240000000002,2.5632,1.0,7.0,0.0,,,
3340,c1cc(ccc1n2cc(c3c2ccc(c3)Cl)C4CC[NH+](CC4)CCN5CCNC5=O)F,441.9580000000003,3.2105000000000015,2.0,2.0,0.0,,,
3341,C[C@]1(c2cccc(c2C(=O)C3=C([C@]4([C@@H](C[C@@H]31)[C@@H](C(=C(C4=O)C(=O)N)[O-])[NH+](C)C)O)[O-])[O-])O,442.42400000000015,-4.658899999999996,4.0,8.0,0.0,,,
3342,C[C@H]1c2cccc(c2C(=O)C3=C([C@]4([C@@H]([C@H]([C@H]13)O)[C@@H](C(=C(C4=O)C(=O)N)[O-])[NH+](C)C)O)[O-])[O-],442.4240000000002,-4.792099999999996,4.0,8.0,0.0,,,
3343,c1cc2c(cc1C#N)c(c[nH]2)CCCC[NH+]3CCN(CC3)c4ccc5c(c4)cc(o5)C(=O)N,442.54300000000023,2.6124799999999997,3.0,4.0,0.0,,,
3344,C[NH+](CCc1ccc(cc1)NS(=O)(=O)C)CCOc2ccc(cc2)NS(=O)(=O)C,442.58300000000014,0.5658000000000016,3.0,5.0,0.0,,,
3345,CC(=C)C1(CCC2C1C3C(=O)CC4C5(CCC(C(C5CCC4(C3(CC2)C)C)(C)C)O)C)O,442.6840000000003,5.928600000000008,2.0,3.0,1.0,,,
3346,CCCCCCCCCC(=O)O[C@H]1CC[C@@H]2[C@@]1(CC[C@H]3[C@H]2CCC4=CC(=O)CC[C@]34C)C,442.6840000000003,7.570800000000009,0.0,3.0,1.0,,,
3347,C[C@]12CC[C@@H](C(C1CC[C@@]3(C2CC=C4[C@]3(CC[C@@]5(C4CC(CC5)(C)C)CO)C)C)(C)C)O,442.7280000000003,7.14130000000001,2.0,2.0,1.0,,,
3348,C[C@@]12CC[C@@]3(C(=CCC4[C@]3(CCC5[C@@]4(CC[C@@H](C5(C)C)O)C)C)C1CC(C[C@H]2O)(C)C)C,442.7280000000002,7.139700000000009,2.0,2.0,1.0,,,
3349,C[C@@]12CC[C@@H]3[C@@]([C@H]1CC[C@H]4C(=CC[C@@H]5[C@@]4(CC[C@@H](C5(C)C)O)C)C2)(CC[C@@H](C3(C)C)O)C,442.7280000000003,7.13970000000001,2.0,2.0,1.0,,,
3350,C[C@H]1[C@H]2[C@H]3CCC4[C@]5(CC[C@@H](C([C@@H]5CC[C@]4([C@@]3(C[C@@H]([C@]2(CC=C1C)C)O)C)C)(C)C)O)C,442.72800000000024,6.99560000000001,2.0,2.0,1.0,,,
3351,CC1(C2CCC(=C)C(C2(CCC1O)C)CCC3C(=C)CCC4C3(CCC(C4(C)C)O)C)C,442.72800000000035,7.305800000000009,2.0,2.0,1.0,,,
3352,C[C@@H]1CC[C@@]2(CC[C@@]3(C(=CC[C@H]4[C@]3(CC[C@@H]5[C@@]4(CC[C@@H](C5(C)C)O)C)C)[C@@H]2[C@H]1C)C)CO,442.7280000000002,6.997200000000009,2.0,2.0,1.0,,,
3353,Cc1nnc(o1)C(=O)NC(C)(C)c2nc(c(c(=O)n2C)[O-])C(=O)NCc3ccc(cc3)F,443.41500000000013,0.2795200000000007,2.0,9.0,0.0,,,
3354,CN(CO[C@H]1[C@@H]([C@H]([C@@H]([C@H](O1)C(=O)[O-])O)O)O)/N=N/c2c(cc(cc2Cl)Cl)Cl,443.64700000000005,0.10890000000000061,3.0,9.0,0.0,,,
3355,CC(=O)OCCN1CC[NH+](CC1)CC/C=C\2/c3ccccc3Sc4c2cc(cc4)Cl,444.0200000000001,3.3900000000000023,1.0,4.0,0.0,,,
3356,c1ccc(cc1)c2cc(=O)c3c(o2)cc(c(c3[O-])O)O[C@H]4[C@@H]([C@H]([C@@H]([C@H](O4)C(=O)[O-])O)O)O,444.34800000000007,-1.8245000000000011,4.0,11.0,1.0,,,
3357,c1cc(c2c(c1NCC[NH2+]CCO)C(=O)c3c(ccc(c3C2=O)[O-])[O-])NCC[NH2+]CCO,444.4880000000003,-3.4555999999999965,6.0,8.0,1.0,,,
3358,C[C@@H]1C[C@H]2[C@@H]3C[C@@H](C4=CC(=O)C=C[C@@]4([C@]3([C@H](C[C@@]2([C@]1(C(=O)SCF)O)C)O)F)C)F,444.5150000000001,3.4691000000000027,2.0,5.0,0.0,,,
3359,CC(=O)OC[C@H](Cc1ccccc1)NC(=O)C(Cc2ccccc2)NC(=O)c3ccccc3,444.5310000000001,3.3183000000000016,2.0,4.0,0.0,,,
3360,Cc1cnc(cn1)C(=O)NCCc2ccc(cc2)S(=O)(=O)[N-]C(=O)NC3CCCCC3,444.53700000000026,2.8622200000000015,2.0,6.0,0.0,,,
3361,C[NH+]1CCN(CC1)CC/C=C\2/c3ccccc3Sc4c2cc(cc4)S(=O)(=O)N(C)C,444.6460000000002,2.0536000000000008,1.0,4.0,0.0,,,
3362,CC1=C(C(=O)c2ccccc2C1=O)C/C=C(\C)/CC/C=C(\C)/CC/C=C(\C)/CCC=C(C)C,444.6590000000003,8.917900000000001,0.0,2.0,1.0,,,
3363,CC(=CCC[C@@](C)(C1CC[C@@]2(C1CC[C@H]3[C@]2(CC[C@@H]4[C@@]3(CC[C@@H](C4(C)C)O)C)C)C)O)C,444.74400000000026,7.529800000000011,2.0,2.0,1.0,,,
3364,C[C@@H]1C[C@H]2[C@@H]3C[C@@H](C4=CC(=O)C(=C[C@@]4([C@]3([C@H](C[C@@]2([C@]1(C(=O)CO)O)C)O)F)C)Cl)F,444.9020000000001,2.4102000000000015,3.0,5.0,0.0,,,
3365,COc1cc2c(c(=O)cc(o2)c3ccc(cc3)O)c(c1C4C(C(C(C(O4)CO)O)O)O)[O-],445.40000000000015,-0.23730000000000034,5.0,10.0,0.0,,,
3366,COc1ccc(cc1)c2cc(=O)c3c(cc(cc3o2)O[C@H]4[C@@H]([C@H]([C@H]([C@H](O4)CO)O)O)O)[O-],445.4000000000001,-0.2791000000000006,4.0,10.0,0.0,,,
3367,COc1ccc(cc1)c2cc(=O)c3c(cc(cc3o2)O[C@H]4[C@@H]([C@H]([C@@H]([C@H](O4)CO)O)O)O)[O-],445.4000000000001,-0.2791000000000006,4.0,10.0,0.0,,,
3368,c1cc(ccc1c2c(c(=O)c3c(cc(cc3o2)O[C@H]4C([C@H]([C@H](C(O4)CO)O)O)O)[O-])[O-])O,446.3640000000001,-1.5084999999999997,5.0,11.0,1.0,,,
3369,COc1cc2c(cc1OC3C(C(C(C(O3)CO)O)O)O)occ(c2=O)c4ccc(cc4)O,446.4080000000002,0.35289999999999994,5.0,10.0,0.0,,,
3370,c1cc2c(cc1O[C@H]3[C@@H]([C@H]([C@@H]([C@H](O3)CO)O)O)O)OC[C@@H]4[C@H]2Oc5c4cc6c(c5)OCO6,446.4080000000003,0.2036999999999991,4.0,10.0,0.0,,,
3371,COc1cc2c(c(c1)O[C@H]3C([C@H]([C@@H](C(O3)CO)O)O)O)c(=O)c(co2)c4ccc(cc4)O,446.4080000000002,0.3528999999999995,5.0,10.0,0.0,,,
3372,CCCCC(=O)O[C@@]1(CC[C@@H]2[C@@]1(C[C@@H]([C@H]3[C@H]2CCC4=CC(=O)CC[C@]34C)O)C)C(=O)CO,446.5840000000003,3.5227000000000026,2.0,6.0,0.0,,,
3373,CCCOC(=O)Cn1cc(c(=O)c(c1)I)I,447.01,2.0107,0.0,4.0,0.0,,,
3374,c1ccc2c(c1)N(c3cc(ccc3S2)Cl)CCC[NH+]4CCC5(CC4)NC(=O)CS5,447.0490000000003,3.570800000000001,2.0,4.0,0.0,,,
3375,C[C@H]1[C@@H]([C@H]([C@H]([C@@H](O1)Oc2c(=O)c3c(cc(cc3oc2c4ccc(c(c4)O)O)O)[O-])O)O)O,447.37200000000007,-0.14330000000000048,6.0,11.0,2.0,,,
3376,c1cc(c(cc1c2cc(=O)c3c(cc(c(c3o2)[C@H]4[C@@H]([C@H]([C@@H]([C@H](O4)CO)O)O)O)O)[O-])O)O,447.37200000000007,-0.8346999999999989,7.0,11.0,2.0,,,
3377,c1cc(c(cc1c2cc(=O)c3c(cc(cc3o2)O[C@H]4[C@@H]([C@H]([C@@H]([C@H](O4)CO)O)O)O)[O-])O)O,447.37200000000007,-0.876499999999999,6.0,11.0,2.0,,,
3378,c1cc(ccc1c2c(c(=O)c3c(cc(cc3o2)O)[O-])O[C@H]4[C@@H]([C@H]([C@H]([C@H](O4)CO)O)O)O)O,447.37200000000007,-0.876500000000001,6.0,11.0,2.0,,,
3379,c1cc(c(cc1c2cc(=O)c3c(o2)cc(c(c3[O-])[C@H]4[C@@H]([C@H]([C@@H]([C@H](O4)CO)O)O)O)O)O)O,447.37200000000007,-0.8346999999999996,7.0,11.0,2.0,,,
3380,c1cc(ccc1c2c(c(=O)c3c(cc(cc3o2)O)[O-])O[C@H]4[C@@H]([C@H]([C@@H]([C@H](O4)CO)O)O)O)O,447.37200000000007,-0.876500000000001,6.0,11.0,2.0,,,
3381,COc1ccc(cc1)C2CC(=O)c3c(cc(cc3O2)O[C@H]4[C@@H]([C@H]([C@H]([C@H](O4)CO)O)O)O)[O-],447.4160000000001,-0.34600000000000075,4.0,10.0,0.0,,,
3382,c1ccc2c(c1)c(c[nH]2)C/C(=N/OS(=O)(=O)[O-])/SC3[C@@H]([C@H]([C@@H]([C@H](O3)CO)O)O)O,447.46700000000004,-0.9662,5.0,11.0,1.0,,,
3383,CCOC(=O)OC(C)OC1=C(N(S(=O)(=O)c2c1cccc2)C)C(=O)Nc3ccccn3,447.4690000000001,2.558700000000001,1.0,8.0,0.0,,,
3384,CC[C@@]1(c2cc-3n(c(=O)c2COC1=O)Cc4c3nc5ccccc5c4/C=N/OC(C)(C)C)O,447.4910000000001,3.2286000000000024,1.0,8.0,0.0,,,
3385,COCC(=O)Nc1cc(ccc1N/C(=[NH+]\C(=O)OC)/NC(=O)OC)Sc2ccccc2,447.49300000000017,1.3935999999999993,4.0,7.0,0.0,,,
3386,C[NH+]1CCN(CC1)CCCN2c3ccccc3Sc4c2cc(cc4)S(=O)(=O)N(C)C,447.6500000000002,1.7600000000000005,1.0,5.0,0.0,,,
3387,COc1cc2c(cc1OCCC[NH+]3CCOCC3)c(ncn2)Nc4ccc(c(c4)Cl)F,447.91799999999995,2.8585000000000003,2.0,6.0,0.0,,,
3388,COc1cc(c(c(c1)O[C@H]2[C@@H]([C@H]([C@@H]([C@H](O2)CO)O)O)O)C(=O)/C=C/c3ccc(cc3)O)O,448.42400000000015,0.18119999999999958,6.0,10.0,1.0,,,
3389,C1CN(CCN(CCN(CC[NH+]1CC(=O)[O-])CC(=O)[O-])C(CO)C(CO)O)CC(=O)[O-],448.47300000000024,-9.24530000000002,4.0,12.0,1.0,,,
3390,CCOC(=O)Cn1cccc1c2nc(c(s2)c3ccc(cc3)OC)c4ccc(cc4)OC,448.5440000000002,5.525900000000005,0.0,7.0,1.0,,,
3391,c1ccc2c(c1)CCc3ccccc3N2CCC[NH+]4CCC(CC4)(C(=O)N)[NH+]5CCCCC5,448.6550000000004,1.285000000000003,3.0,2.0,0.0,,,
3392,Cc1ccccc1C(=O)Nc2ccc(c(c2)C)C(=O)N3CCCC(c4c3ccc(c4)Cl)O,448.9500000000002,5.683140000000005,2.0,3.0,1.0,,,
3393,C[C@H]1[C@@H]([C@H]([C@H]([C@@H](O1)O[C@@H]2[C@H](Oc3cc(cc(c3C2=O)[O-])O)c4ccc(c(c4)O)O)O)O)O,449.38800000000015,-0.5939000000000003,6.0,11.0,2.0,,,
3394,c1cc(c(cc1O[C@H]2[C@@H]([C@H]([C@@H]([C@H](O2)CO)O)O)O)O)C3COc4cc(cc(c4C3=O)[O-])O,449.38800000000026,-1.291000000000001,6.0,11.0,2.0,,,
3395,c1cc(c(c(c1)Cl)Cl)N2CC[NH+](CC2)CCCCOc3ccc4c(c3)NC(=O)CC4,449.40200000000027,3.4422000000000015,2.0,3.0,0.0,,,
3396,CC(=CCOc1ccc(cc1)/C=C/C(=O)c2ccc(cc2OCC(=O)[O-])OCC=C(C)C)C,449.5230000000003,4.401400000000004,0.0,6.0,0.0,,,
3397,CC1=C(C(=O)C=C2C1=CC=C3[C@]2(CC[C@@]4([C@@]3(CC[C@@]5([C@H]4C[C@](CC5)(C)C(=O)[O-])C)C)C)C)O,449.6110000000003,5.363000000000005,1.0,4.0,1.0,,,
3398,c1cc(ccc1NC(=O)c2cc(cc(c2O)Br)Br)Br,449.924,4.932000000000002,2.0,2.0,0.0,,,
3399,CC1=C(C(=O)c2ccccc2C1=O)C/C=C(\C)/CCC[C@H](C)CCC[C@H](C)CCCC(C)C,450.70700000000033,9.1576,0.0,2.0,1.0,,,
3400,CCCCCCCCCCCCCCCCOC(=O)CCCCCCC/C=C\CCCC,450.79200000000037,10.487999999999992,0.0,2.0,1.0,,,
3401,C[C@H](c1c(ccc(c1Cl)F)Cl)Oc2cc(cnc2N)c3cnn(c3)C4CC[NH2+]CC4,451.35300000000024,4.0115000000000025,2.0,5.0,0.0,,,
3402,CN(Cc1ccc2c(c1)c(=O)nc([nH]2)N)c3ccc(cc3)C(=O)N[C@@H](CCC(=O)[O-])C(=O)[O-],451.43900000000025,-1.4798999999999973,3.0,9.0,0.0,,,
3403,C=CC1=C(N2[C@@H]([C@@H](C2=O)NC(=O)/C(=N\OCC(=O)[O-])/c3csc(n3)N)SC1)C(=O)[O-],451.4420000000002,-3.2141999999999973,2.0,12.0,1.0,,,
3404,COc1cc2c(cc1OC)nc(nc2N)N3CCN(CC3)C(=O)C4COc5ccccc5O4,451.48300000000023,1.7177999999999998,1.0,9.0,0.0,,,
3405,CCOc1cc(ccc1C(=O)[O-])CC(=O)N[C@@H](CC(C)C)c2ccccc2N3CCCCC3,451.5870000000003,3.885200000000003,1.0,5.0,0.0,,,
3406,CN(Cc1cnc2c(n1)c(nc(n2)N)N)c3ccc(cc3)C(=O)N[C@@H](CCC(=O)[O-])C(=O)[O-],452.43100000000027,-2.400999999999997,3.0,12.0,1.0,,,
3407,CC/C=C(/c1csc(n1)N)\C(=O)N[C@H]2[C@@H]3N(C2=O)C(=C(CS3)COC(=O)N)C(=O)[O-],452.4940000000003,-0.9820999999999984,3.0,10.0,0.0,,,
3408,C[C@]12C[C@@H]([C@]3([C@H]([C@@H]1C[C@@H]4[C@]2(OC(O4)(C)C)C(=O)CO)C[C@@H](C5=CC(=O)C=C[C@@]53C)F)F)O,452.4940000000001,2.366800000000001,2.0,6.0,0.0,,,
3409,CC(C)OC(=O)CCC/C=C\C[C@H]1[C@H](C[C@H]([C@@H]1/C=C/C(COc2ccccc2)(F)F)O)O,452.5380000000001,4.683000000000006,2.0,5.0,0.0,,,
3410,CCOC(=O)[C@H](CCc1ccccc1)[NH2+][C@@H](C)C(=O)N(CC(=O)[O-])C2Cc3ccccc3C2,452.55100000000033,0.24870000000000414,1.0,5.0,0.0,,,
3411,C[C@@]1(CO[C@@H]([C@@H]([C@H]1[NH2+]C)O)O[C@H]2[C@@H](C[C@@H]([C@H]([C@@H]2O)O[C@@H]3[C@@H](CC=C(O3)C[NH3+])[NH3+])[NH3+])[NH3+])O,452.5730000000002,-7.744900000000014,8.0,7.0,1.0,,,
3412,Cc1c(c(no1)c2c(cccc2Cl)F)C(=O)N[C@H]3[C@@H]4N(C3=O)[C@H](C(S4)(C)C)C(=O)[O-],452.8710000000002,1.353119999999999,1.0,7.0,0.0,,,
3413,CC1([C@@H](N2[C@H](S1)[C@@H](C2=O)NC(=O)C(c3ccccc3)C(=O)Oc4ccccc4)C(=O)[O-])C,453.4960000000002,0.6727999999999992,1.0,7.0,0.0,,,
3414,Cc1nnc(s1)SCC2=C(N3[C@@H]([C@@H](C3=O)NC(=O)Cn4cnnn4)SC2)C(=O)[O-],453.51100000000025,-1.970779999999998,1.0,13.0,1.0,,,
3415,CCOC(=O)C1(CC[NH+](CC1)CCC(C#N)(c2ccccc2)c3ccccc3)c4ccccc4,453.60600000000005,4.066180000000004,1.0,3.0,0.0,,,
3416,CCNC(=O)N(CCC[NH+](C)C)C(=O)[C@@H]1C[C@@H]2c3cccc4c3c(c[nH]4)C[C@H]2[NH+](C1)CC=C,453.6310000000002,0.35970000000000457,4.0,2.0,0.0,,,
3417,CC(=CCCC(C1CCC2(C1(CCC3=C2CCC4C3(CCC(=O)C4(C)C)C)C)C)C(=O)[O-])C,453.6870000000003,6.417300000000007,0.0,3.0,1.0,,,
3418,C[C@H]1[C@@H](CC[C@]2([C@@H]1C3=CC[C@@H]4[C@]5(CCC(=O)C([C@@H]5CC[C@]4([C@@]3(CC2)C)C)(C)C)C)C)C(=O)[O-],453.6870000000003,5.963000000000005,0.0,3.0,1.0,,,
3419,Cc1cc2c(cc1CC(=O)c3c(ccs3)S(=O)(=O)[N-]c4c(c(no4)C)Cl)OCO2,453.9050000000003,4.554540000000003,0.0,8.0,0.0,,,
3420,Cc1cc2c(cc1C)n(c-3nc(=O)[nH]c(=O)c3n2)C[C@@H]([C@@H]([C@@H](COP(=O)([O-])[O-])O)O)O,454.3320000000001,-2.870559999999997,4.0,12.0,1.0,,,
3421,CC(=O)OCC1=C(N2[C@@H]([C@@H](C2=O)NC(=O)/C(=N\OC)/c3csc(n3)N)SC1)C(=O)[O-],454.46600000000024,-1.9571999999999978,2.0,12.0,1.0,,,
3422,C[C@@]12CC[C@@H]3[C@]4(C=CC(=O)OC([C@@H]4CC(=O)[C@]3([C@@]15[C@H](O5)C(=O)O[C@H]2c6ccoc6)C)(C)C)C,454.5190000000002,3.9246000000000034,0.0,7.0,0.0,,,
3423,CCC[C@](C)([C@H]1CC23C=CC1([C@@H]4C25CC[NH+](C3Cc6c5c(c(cc6)OC(=O)C)O4)C)OC)O,454.5870000000002,1.9662000000000002,2.0,5.0,0.0,,,
3424,C[C@@]1(CO[C@@H]([C@@H]([C@H]1[NH2+]C)O)O[C@H]2[C@@H](C[C@@H]([C@H]([C@@H]2O)O[C@@H]3[C@@H](CC[C@H](O3)C[NH3+])[NH3+])[NH3+])[NH3+])O,454.5890000000002,-7.870100000000015,8.0,7.0,1.0,,,
3425,CCC(CC)(/C=C/C=C/[C@@H](C)[C@H]1CC[C@H]\2[C@]1(CCC/C2=C/C=C\3/C[C@@H](C[C@H](C3=C)O)O)C)O,454.6950000000002,6.42700000000001,3.0,3.0,1.0,,,
3426,C[C@]12CCC(=O)C=C1CC[C@@H]3[C@@]2([C@H](C[C@]4([C@H]3C[C@@H]5[C@]4(OC(O5)(C)C)C(=O)CCl)C)O)F,454.9660000000002,3.8893000000000035,1.0,5.0,0.0,,,
3427,C[NH+](C)[C@H]1[C@@H]2C[C@@H]3Cc4c(ccc(c4C(=O)C3=C([C@@]2(C(=O)C(=C1[O-])C(=O)N)O)[O-])[O-])N(C)C,455.46700000000027,-4.257899999999995,3.0,8.0,0.0,,,
3428,CCOC(=O)C1=C(NC(=C(C1c2ccccc2/C=C/C(=O)OC(C)(C)C)C(=O)OCC)C)C,455.5510000000004,4.402500000000004,1.0,7.0,0.0,,,
3429,CC(C)C(CCC[NH+](C)CCc1ccc(c(c1)OC)OC)(C#N)c2ccc(c(c2)OC)OC,455.61900000000026,3.675980000000002,1.0,5.0,0.0,,,
3430,CC1(CCC2(CCC3(C(=CCC4C3(CCC5C4(CCC(C5(C)C)O)C)C)C2C1)C)C(=O)[O-])C,455.70300000000026,5.8989000000000065,1.0,3.0,1.0,,,
3431,C[C@]12CC[C@@H](C([C@@H]1CC[C@@]3([C@@H]2CC=C4[C@]3(CC[C@@]5([C@H]4CC(CC5)(C)C)C(=O)[O-])C)C)(C)C)O,455.7030000000003,5.898900000000007,1.0,3.0,1.0,,,
3432,CC(=C)C1CCC2([C@H]1CCC3(C2CCC4[C@]3(CCC5[C@@]4(CC[C@@H]([C@@]5(C)C(=O)[O-])O)C)C)C)C,455.70300000000026,5.754800000000007,1.0,3.0,1.0,,,
3433,CC(=C)[C@@H]1CC[C@]2([C@H]1[C@H]3CC[C@@H]4[C@]5(CC[C@@H](C([C@@H]5CC[C@]4([C@@]3(CC2)C)C)(C)C)O)C)C(=O)[O-],455.7030000000003,5.754800000000007,1.0,3.0,1.0,,,
3434,CCCC(=O)OCOC(=O)C1=C(NC(=C(C1c2cccc(c2Cl)Cl)C(=O)OC)C)C,456.3220000000001,4.245200000000003,1.0,7.0,0.0,,,
3435,Cc1[nH]c(=O)c2cc(ccc2n1)CN(C)c3ccc(s3)C(=O)N[C@@H](CCC(=O)[O-])C(=O)[O-],456.48000000000025,-0.692179999999998,2.0,9.0,0.0,,,
3436,C1C[C@H]([C@H](O[C@@H]1C[NH3+])O[C@@H]2[C@H](C[C@H]([C@@H]([C@H]2O)O[C@@H]3[C@@H]([C@H]([C@@H]([C@H](O3)CO)O)[NH3+])O)[NH3+])[NH3+])[NH3+],456.56100000000015,-8.85060000000001,9.0,8.0,1.0,,,
3437,CC(C)Nc1cccnc1N2CCN(CC2)C(=O)c3cc4cc(ccc4[nH]3)NS(=O)(=O)C,456.57200000000006,2.7171000000000003,3.0,6.0,0.0,,,
3438,CCC(=O)Oc1ccc2c(c1)CC[C@@H]3[C@@H]2CC[C@]4([C@H]3C[C@H]([C@@H]4OC(=O)CC)OC(=O)CC)C,456.5790000000003,5.111600000000005,0.0,6.0,1.0,,,
3439,Cc1cc(c2ccccc2[n+]1CCCCCCCCCC[n+]3c(cc(c4c3cccc4)N)C)N,456.67800000000017,6.170240000000004,2.0,2.0,1.0,,,
3440,CCCCCCCCCCC(=O)O[C@H]1CC[C@@H]2[C@@]1(CC[C@H]3[C@H]2CCC4=CC(=O)CC[C@]34C)C,456.71100000000035,7.960900000000009,0.0,3.0,1.0,,,
3441,c1ccc(cc1)[C@H](C#N)O[C@H]2[C@@H]([C@H]([C@@H]([C@H](O2)CO[C@H]3[C@@H]([C@H]([C@@H]([C@H](O3)CO)O)O)O)O)O)O,457.4320000000001,-3.108019999999997,7.0,12.0,2.0,,,
3442,CN1c2c([nH]c(nc2=O)N)NC[C@@H]1CNc3ccc(cc3)C(=O)N[C@@H](CCC(=O)[O-])C(=O)[O-],457.4470000000003,-2.927099999999995,5.0,11.0,1.0,,,
3443,C[NH2+]Cc1ccc(o1)CSCCN/C(=N\C[C@@H](c2ccc(cc2)O)O)/NS(=O)(=O)C,457.59800000000007,0.14000000000000096,5.0,7.0,0.0,,,
3444,Cc1nnc2n1C3C(C=C(S3)CCC(=O)N4CCOCC4)C(=NC2)c5ccccc5Cl,457.9870000000002,3.6273200000000028,0.0,7.0,0.0,,,
3445,c1c(cc(c(c1O)O)O)[C@H]2[C@@H](Cc3c(cc(cc3O2)O)O)OC(=O)c4cc(c(c(c4)O)O)O,458.37500000000017,2.2332000000000014,8.0,11.0,2.0,,,
3446,c1c(cc(c(c1O)O)O)[C@@H]2[C@@H](Cc3c(cc(cc3O2)O)O)OC(=O)c4cc(c(c(c4)O)O)O,458.37500000000017,2.2332000000000014,8.0,11.0,2.0,,,
3447,C[C@]1(c2cccc(c2C(=O)C3=C([C@]4([C@@H]([C@H]([C@@H]31)O)[C@@H](C(=C(C4=O)C(=O)N)[O-])[NH+](C)C)O)[O-])[O-])O,458.42300000000023,-5.688099999999995,5.0,9.0,0.0,,,
3448,C[C@@H]1Cc2cc(c(c(c2-c3c(cc4c(c3OC)OCO4)[C@@H]([C@@H]1C)OC(=O)C)OC)OC)OC,458.50700000000023,4.5492000000000035,0.0,8.0,0.0,,,
3449,C1[C@H]([C@@H]([C@H]([C@@H]([C@H]1[NH3+])O[C@@H]2[C@@H]([C@H]([C@@H]([C@H](O2)C[NH3+])O)O)[NH3+])O[C@H]3[C@@H]([C@@H]([C@H](O3)CO)O)O)O)[NH3+],458.5090000000001,-9.519500000000013,10.0,10.0,1.0,,,
3450,CC(C)c1c(c(c(c(n1)C(C)C)/C=C/[C@H](C[C@H](CC(=O)[O-])O)O)c2ccc(cc2)F)COC,458.5500000000002,3.546000000000003,2.0,6.0,0.0,,,
3451,CC(=O)OC1CC2(C(CCC3(C2(CCC3c4ccc(=O)oc4)O)C)C5(C1=CC(CC5)O)C)O,458.5510000000002,2.8185000000000016,3.0,7.0,0.0,,,
3452,C[C@]12C[C@@H]([C@H]3[C@H]([C@@H]1CC[C@@]2(C(=O)COC(=O)CC(C)(C)C)O)CCC4=CC(=O)C=C[C@]34C)O,458.59500000000025,3.544700000000003,2.0,6.0,0.0,,,
3453,CC(=CCc1cc(cc2c1OC(C=C2)(C)C)[C@@H]3CC(=O)c4ccc(c(c4O3)CC=C(C)C)O)C,458.59800000000024,7.300300000000007,1.0,4.0,1.0,,,
3454,CC1([C@@H]([C@H](c2ccc(cc2O1)OC)c3ccc(cc3)OCC[NH+]4CCCC4)c5ccccc5)C,458.6220000000003,4.839400000000004,1.0,3.0,0.0,,,
3455,C[C@]12CC[C@@H](C([C@@H]1CC[C@@]3([C@@H]2CC=C4[C@]3(C[C@H]([C@@]5([C@H]4CC(CC5)(C)C)CO)O)C)C)(C)C)O,458.7270000000003,6.112100000000009,3.0,3.0,1.0,,,
3456,C[C@@]12CCC3[C@@](C1CC[C@H]4C(=CC[C@@H]5C4(CC[C@H](C5(C)C)O)C)C2)(CCC([C@]3(C)CO)O)C,458.7270000000003,6.112100000000009,3.0,3.0,1.0,,,
3457,CCCC(=O)c1c(c(c(c(c1O)CC2=C(C(C(=O)C(=C2[O-])C(=O)CCC)(C)C)O)OC)C)O,459.51500000000027,3.344720000000002,3.0,8.0,0.0,,,
3458,C[C@]12C[C@@H]([C@H]3[C@H]([C@@H]1CC[C@@]2(C(=O)COC(=O)CCC(=O)[O-])O)CCC4=CC(=O)C=C[C@]34C)O,459.5150000000002,0.6385999999999998,2.0,8.0,0.0,,,
3459,COc1ccc(cc1)CC[NH+]2CCC(CC2)Nc3nc4ccccc4n3Cc5ccc(cc5)F,459.5890000000001,3.9342000000000024,2.0,4.0,0.0,,,
3460,c1cc(ccc1c2cc(=O)c3c(o2)cc(c(c3[O-])O)O[C@H]4[C@@H]([C@H]([C@@H]([C@H](O4)C(=O)[O-])O)O)O)O,460.3470000000001,-2.118900000000001,5.0,12.0,1.0,,,
3461,CCCCCN(CCCOC)C(=O)[C@@H](CCC(=O)[O-])NC(=O)c1ccc(c(c1)Cl)Cl,460.37800000000004,2.677200000000001,1.0,5.0,0.0,,,
3462,CC1([C@@H](N2[C@H](S1)[C@@H](C2=O)NC(=O)[C@@H](c3ccccc3)NC(=O)N4CCNC4=O)C(=O)[O-])C,460.49200000000025,-1.2404999999999975,3.0,7.0,0.0,,,
3463,CC(=CCc1cc(cc(c1O)CC=C(C)C)[C@@H]2CC(=O)c3ccc(c(c3O2)CC=C(C)C)O)C,460.61400000000026,7.330400000000007,2.0,4.0,1.0,,,
3464,CC(=CCc1cc(cc(c1O)CC=C(C)C)/C=C/C(=O)c2ccc(c(c2O)CC=C(C)C)O)C,460.61400000000026,7.225600000000009,3.0,4.0,1.0,,,
3465,CC1(CCCC(O1)(C)C2CCC3(C2C(CC4C3(CCC5C4(CCC(C5(C)C)O)C)C)O)C)C,460.7430000000003,6.741000000000009,2.0,3.0,1.0,,,
3466,C[C@@]12CCC3[C@@](C1CC[C@H]4[C@@](C2)(CC[C@@H]5C4(CCC(C5(C)C)O)C)O)(CC[C@@H](C3(C)C)O)C,460.7430000000002,6.33450000000001,3.0,3.0,1.0,,,
3467,CC(=CCC[C@@](C)([C@H]1CC[C@]2([C@@H]1[C@@H](C[C@H]3[C@]2(CCC4[C@@]3(CC[C@H](C4(C)C)O)C)C)O)C)O)C,460.7430000000003,6.50060000000001,3.0,3.0,1.0,,,
3468,CC(=O)N[C@@H]1[C@H]([C@H]([C@H](O[C@H]1O)OS(=O)(=O)[O-])O)O[C@H]2[C@@H]([C@H]([C@@H]([C@H](O2)C(=O)[O-])O)O)O,461.3540000000001,-7.053799999999994,6.0,15.0,2.0,,,
3469,COc1cc(ccc1O)c2cc(=O)c3c(cc(c(c3o2)C4C(C(C(C(O4)CO)O)O)O)O)[O-],461.3990000000001,-0.5316999999999992,6.0,11.0,2.0,,,
3470,COc1c(cc2c(c1[O-])c(=O)c(co2)c3ccc(cc3)O)O[C@H]4[C@@H]([C@H]([C@@H]([C@H](O4)CO)O)O)O,461.3990000000001,-0.5735000000000008,5.0,11.0,1.0,,,
3471,COc1c(cc2c(c1[O-])c(=O)cc(o2)c3ccc(cc3)O)O[C@H]4[C@@H]([C@H]([C@@H]([C@H](O4)CO)O)O)O,461.3990000000001,-0.5735000000000008,5.0,11.0,1.0,,,
3472,Cc1c(oc(=O)o1)C[NH+]2CCN(CC2)c3cc4c(cc3F)c(=O)c(c5n4[C@H](S5)C)C(=O)[O-],461.4710000000002,-0.11197999999999864,1.0,9.0,0.0,,,
3473,Cn1c(nnn1)SCC2=C(N3[C@@H]([C@@H](C3=O)NC(=O)[C@@H](c4ccccc4)O)SC2)C(=O)[O-],461.50500000000017,-1.560299999999998,2.0,11.0,1.0,,,
3474,C[C@]12CCC(=O)C=C1CC[C@@H]3[C@@H]2[C@H](C[C@]4([C@H]3CC[C@@]4(C(=O)COC(=O)CCC(=O)[O-])O)C)O,461.5310000000003,0.8626000000000005,2.0,8.0,0.0,,,
3475,CC[C@H]1C[NH+]2CCc3cc(c(cc3[C@@H]2C[C@@H]1C[C@@H]4c5c(c6ccccc6[nH]5)CC[NH2+]4)OC)OC,461.65000000000026,2.964200000000001,3.0,2.0,0.0,,,
3476,c1cc(c(cc1c2c(c(=O)c3c(cc(cc3o2)O[C@H]4[C@@H]([C@H]([C@@H]([C@H](O4)CO)O)O)O)[O-])[O-])O)O,462.3630000000001,-1.8028999999999995,6.0,12.0,2.0,,,
3477,c1cc(ccc1c2c(c(=O)c3c(cc(c(c3o2)O)O[C@H]4[C@@H]([C@H]([C@@H]([C@H](O4)CO)O)O)O)[O-])[O-])O,462.3630000000001,-1.8029000000000006,6.0,12.0,2.0,,,
3478,c1cc(c(cc1c2c(c(=O)c3c(cc(cc3o2)O)[O-])[O-])O)O[C@H]4[C@@H]([C@H]([C@@H]([C@H](O4)CO)O)O)O,462.3630000000001,-1.8029000000000006,6.0,12.0,2.0,,,
3479,CC(C)CC(=O)O[C@H]1[C@H]2[C@H](C[C@@H]([C@@H]2CO)O)C(=CO1)CO[C@H]3[C@@H]([C@H]([C@@H]([C@H](O3)CO)O)O)O,462.4920000000002,-1.7620999999999973,6.0,11.0,2.0,,,
3480,Cc1c(oc(=O)o1)COC(=O)[C@H]2C(S[C@H]3N2C(=O)[C@H]3NC(=O)[C@@H](c4ccccc4)[NH3+])(C)C,462.5040000000002,0.11472000000000104,2.0,8.0,0.0,,,
3481,c1cc(ccc1[C@H](C(=O)N[C@H]2[C@@H]3N(C2=O)C(=C(CS3)CSc4cn[nH]n4)C(=O)[O-])[NH3+])O,462.5130000000001,-2.010499999999998,4.0,9.0,0.0,,,
3482,CCC(=O)O[C@@]1([C@H](C[C@@H]2[C@@]1(C[C@@H]([C@]3([C@H]2CCC4=CC(=O)C=C[C@@]43C)F)O)C)C)C(=O)COC,462.5580000000002,3.5107000000000026,1.0,6.0,0.0,,,
3483,c1ccc2c(c1)[nH]c(=O)n2C3CC[NH+](CC3)CCCC(c4ccc(cc4)F)c5ccc(cc5)F,462.5640000000001,4.439900000000003,2.0,2.0,0.0,,,
3484,Cc1ccc(cc1)C(=O)Oc2ccc(cc2OC(=O)c3ccc(cc3)C)C(C[NH2+]C(C)(C)C)O,462.56600000000026,4.137140000000003,2.0,5.0,0.0,,,
3485,CC1=C2C[C@@H]3C(=C)CCCC3(C[C@]2(OC1=O)C45C[C@@]6(CCCC(=C)C6CC4=C(C(=O)O5)C)C)C,462.63000000000034,6.523400000000007,0.0,4.0,1.0,,,
3486,C[NH+](C)[C@H]1[C@@H]2C[C@@H]3[C@@H](c4c(ccc(c4C(=O)C3=C([C@@]2(C(=O)C(=C1[O-])C(=O)N)O)[O-])[O-])Cl)O,462.84200000000016,-4.179599999999997,4.0,8.0,0.0,,,
3487,C[C@H]1[C@@H]([C@H]([C@H]([C@@H](O1)Oc2c(=O)c3c(cc(cc3oc2c4cc(c(c(c4)O)O)O)O)[O-])O)O)O,463.3710000000001,-0.4377,7.0,12.0,2.0,,,
3488,c1cc(c(cc1c2c(c(=O)c3c(cc(cc3o2)O)[O-])OCC4[C@H]([C@H]([C@@H](C(O4)O)O)O)O)O)O,463.3710000000001,-1.1709000000000012,7.0,12.0,2.0,,,
3489,c1cc(c(cc1c2c(c(=O)c3c(cc(cc3o2)O)[O-])O[C@H]4[C@@H]([C@H]([C@@H]([C@H](O4)CO)O)O)O)O)O,463.3710000000001,-1.170900000000001,7.0,12.0,2.0,,,
3490,c1cc(c(cc1c2c(c(=O)c3c(cc(cc3o2)O)[O-])O[C@H]4[C@@H]([C@H]([C@H]([C@H](O4)CO)O)O)O)O)O,463.3710000000001,-1.170900000000001,7.0,12.0,2.0,,,
3491,c1cc(ccc1[N+](=O)[O-])O[C@H]2[C@@H]([C@H]([C@@H]([C@H](O2)CO)O)O)O[C@H]3[C@@H]([C@H]([C@@H]([C@H](O3)CO)O)O)O,463.3920000000001,-3.4022999999999968,7.0,13.0,2.0,,,
3492,CC[C@H]1C[NH+]2CCc3cc(c(cc3[C@@H]2C[C@@H]1C[C@@H]4c5c(c6cc(ccc6[nH]5)O)CC[NH2+]4)OC)O,463.62200000000024,2.3668,5.0,3.0,0.0,,,
3493,Cc1c(n(nc1C(=O)NN2CCCCC2)c3ccc(cc3Cl)Cl)c4ccc(cc4)Cl,463.79599999999994,5.938620000000005,1.0,4.0,1.0,,,
3494,c1c(nc(s1)N)/C(=N/OCC(=O)[O-])/C(=O)N[C@H]2[C@H](N(C2=O)S(=O)(=O)[O-])COC(=O)N,464.3940000000003,-4.552999999999996,3.0,14.0,1.0,,,
3495,Cc1ncc(c(n1)N)CN(C=O)/C(=C(/CCOP(=O)([O-])[O-])\SC(=O)c2ccccc2)/C,464.44000000000017,1.3661200000000002,1.0,10.0,0.0,,,
3496,Cc1ncc(c(n1)N)CN(C=O)/C(=C(\CCOP(=O)([O-])[O-])/SC(=O)c2ccccc2)/C,464.44000000000017,1.3661200000000002,1.0,10.0,0.0,,,
3497,CC1(C([NH2+]C(S1)C(C(=O)NCCCCCC(=O)[O-])NC(=O)Cc2ccccc2)C(=O)[O-])C,464.5640000000002,-2.326199999999993,3.0,7.0,0.0,,,
3498,CC1([C@@H](N2[C@H](S1)[C@@H](C2=O)NC(=O)[C@@H](c3ccccc3)[NH3+])C(=O)OCOC(=O)C(C)(C)C)C,464.5640000000003,0.6067000000000009,2.0,7.0,0.0,,,
3499,CC(C)CC[C@H]([C@@](C)([C@H]1CC[C@@]2([C@@]1(CC[C@H]3C2=CC(=O)[C@H]4[C@@]3(C[C@@H]([C@@H](C4)O)O)C)C)O)O)O,464.64300000000014,2.7391000000000036,5.0,6.0,0.0,,,
3500,CNC(=O)c1cc(ccn1)Oc2ccc(cc2)NC(=O)Nc3ccc(c(c3)C(F)(F)F)Cl,464.831,5.549700000000002,3.0,4.0,1.0,,,
3501,c1cc2c(c(c1)OCC(COc3cccc4c3c(=O)cc(o4)C(=O)[O-])O)c(=O)cc(o2)C(=O)[O-],466.3540000000002,-0.5549000000000006,1.0,11.0,1.0,,,
3502,c1cc(ccc1C(=O)OCC2=C[C@H]([C@H]3[C@@H]2[C@@H](OC=C3)O[C@H]4[C@@H]([C@H]([C@@H]([C@H](O4)CO)O)O)O)O)O,466.43900000000014,-1.2312000000000005,6.0,11.0,2.0,,,
3503,CCOC(=O)OC(C)OC(=O)[C@H]1C(S[C@H]2N1C(=O)[C@H]2NC(=O)[C@@H](c3ccccc3)[NH3+])(C)C,466.5360000000002,0.5790000000000018,2.0,8.0,0.0,,,
3504,CCC(C)(C(=O)[O-])Oc1ccc(cc1)C2(CCCCC2)c3ccc(cc3)OC(C)(CC)C(=O)[O-],466.5740000000003,3.531600000000002,0.0,6.0,0.0,,,
3505,CC[C@H]1C[NH+]2CCc3cc(c(cc3[C@@H]2C[C@@H]1CC4=C5C=C(C(=O)C=C5CC[NH2+]4)OC)OC)OC,466.6220000000003,1.8827000000000018,2.0,4.0,0.0,,,
3506,CCOC(=O)[C@H](CCc1ccccc1)[NH2+][C@@H](C)C(=O)N2CC3(C[C@H]2C(=O)[O-])SCCS3,466.62500000000034,0.02990000000000359,1.0,7.0,0.0,,,
3507,CCCCCCCCCCCCCCCCCCCCCCCCCCCCCCCCO,466.8790000000005,11.701599999999983,1.0,1.0,1.0,,,
3508,CN1CC[NH+](CC1)/C=C\2/C(=O)N3c4ccc(cc4C(=NCC3=[NH+]2)c5ccccc5Cl)[N+](=O)[O-],466.92900000000014,-0.403399999999996,2.0,5.0,0.0,,,
3509,CCOC(=O)O[C@@]1(CC[C@@H]2[C@@]1(C[C@@H]([C@H]3[C@H]2CCC4=CC(=O)C=C[C@]34C)O)C)C(=O)OCCl,466.9580000000002,3.9165000000000028,1.0,7.0,0.0,,,
3510,COc1cc(c(cc1C(=O)NC2CC[NH+](CC2OC)CCCOc3ccc(cc3)F)Cl)N,466.96100000000024,1.9409999999999998,3.0,5.0,0.0,,,
3511,CCC(=O)O[C@@]1([C@H](C[C@@H]2[C@@]1(C[C@@H]([C@]3([C@H]2CCC4=CC(=O)C=C[C@@]43C)F)O)C)C)C(=O)CCl,466.9770000000002,4.103100000000004,1.0,5.0,0.0,,,
3512,CCCC(=O)Nc1c2c(ncn1)n(cn2)[C@H]3[C@@H]([C@H]4[C@H](O3)COP(=O)(O4)[O-])OC(=O)CCC,468.3830000000003,1.057999999999999,1.0,12.0,1.0,,,
3513,C[C@@]1(CO[C@@H]([C@@H]([C@H]1[NH2+]C)O)O[C@H]2[C@@H](C[C@@H]([C@H]([C@@H]2O)O[C@@H]3[C@@H](CC[C@H](O3)C[NH2+]C)[NH3+])[NH3+])[NH3+])O,468.61600000000027,-7.918800000000017,8.0,7.0,1.0,,,
3514,CC[C@H]1C[NH+]2CCc3cc(c(cc3[C@@H]2C[C@@H]1C[C@@H]4c5cc(c(cc5CC[NH2+]4)O)OC)OC)OC,468.6380000000003,2.1971000000000007,3.0,4.0,0.0,,,
3515,C[C@]([C@H]1C[C@@]23CC[C@@]1([C@H]4[C@@]25CC[NH+]([C@@H]3Cc6c5c(c(cc6)O)O4)CC7CC7)OC)(C(C)(C)C)O,468.6580000000003,2.996700000000002,3.0,4.0,0.0,,,
3516,CC(C)(Cc1ccccc1)N(C)C(=O)C[NH+](CCO)CC(=O)N(C)C(C)(C)Cc2ccccc2,468.6620000000002,1.8230000000000017,2.0,3.0,0.0,,,
3517,C[C@H](CC/C=C(/C)\C(=O)[O-])C1CC[C@@]2([C@@]1(CC=C3[C@H]2CC[C@H]([C@]3(C)CCC(=O)[O-])C(=C)C)C)C,468.6780000000004,4.990300000000005,0.0,4.0,0.0,,,
3518,C[C@H]1[C@@H]2[C@H]3CC[C@@H]4[C@]5(CC[C@@H](C([C@@H]5CCC4([C@@]3(CC[C@]2(CCC1=C)C)C)C)(C)C)OC(=O)C)C,468.76600000000036,8.595600000000006,0.0,2.0,1.0,,,
3519,CC(=C)[C@@H]1CC[C@]2([C@H]1[C@H]3CC[C@@H]4[C@]5(CC[C@@H](C([C@@H]5CC[C@]4([C@@]3(CC2)C)C)(C)C)OC(=O)C)C)C,468.76600000000036,8.595600000000006,0.0,2.0,1.0,,,
3520,CC(=O)O[C@H]1CC[C@@]2([C@H]3CC[C@]4([C@@H]5CC(CC[C@@]5(CC=C4[C@@]3(CC[C@H]2C1(C)C)C)C)(C)C)C)C,468.7660000000003,8.739700000000004,0.0,2.0,1.0,,,
3521,C[C@@H]1CC[C@@]2(CC[C@@]3(C(=CC[C@H]4[C@]3(CC[C@@H]5[C@@]4(CC[C@@H](C5(C)C)OC(=O)C)C)C)[C@@H]2[C@H]1C)C)C,468.76600000000025,8.595600000000006,0.0,2.0,1.0,,,
3522,Cc1c(c(no1)c2c(cccc2Cl)Cl)C(=O)N[C@H]3[C@@H]4N(C3=O)[C@H](C(S4)(C)C)C(=O)[O-],469.3260000000002,1.8674199999999992,1.0,7.0,0.0,,,
3523,CC(C)(C(=O)OCCCOC(=O)C(C)(C)Oc1ccc(cc1)Cl)Oc2ccc(cc2)Cl,469.3610000000001,5.484900000000005,0.0,6.0,1.0,,,
3524,COc1ccc(c(c1OC)OC)C[NH+]2CCN(CC2)C(c3ccc(cc3)F)c4ccc(cc4)F,469.5520000000001,3.4807000000000032,1.0,4.0,0.0,,,
3525,C[NH+](CCCN1CCc2cc(c(cc2CC1=O)OC)OC)C[C@H]3Cc4c3cc(c(c4)OC)OC,469.6020000000003,1.8929,1.0,5.0,0.0,,,
3526,C[C@]12CC[C@@H]([C@@]([C@@H]1CC[C@@]3([C@@H]2CC=C4[C@]3(CC[C@@]5([C@H]4CC(CC5)(C)C)C(=O)[O-])C)C)(C)C=O)O,469.6860000000003,5.077900000000006,1.0,4.0,1.0,,,
3527,C[C@]12CC[C@](CC1C3=CC(=O)C4[C@]5(CC[C@@H](C(C5CC[C@]4([C@@]3(CC2)C)C)(C)C)O)C)(C)C(=O)[O-],469.6860000000003,5.077900000000006,1.0,4.0,1.0,,,
3528,C[C@]12CC[C@](C[C@H]1C3=CC(=O)[C@@H]4[C@]5(CC[C@@H](C([C@@H]5CC[C@]4([C@@]3(CC2)C)C)(C)C)O)C)(C)C(=O)[O-],469.6860000000003,5.077900000000006,1.0,4.0,1.0,,,
3529,C[C@@H](C1=C[C@@]2(C=C[C@H]3[C@@H]2[C@@H](OC=C3C(=O)OC)O[C@H]4[C@@H]([C@H]([C@@H]([C@H](O4)CO)O)O)O)OC1=O)O,470.42700000000013,-2.3788999999999976,5.0,12.0,1.0,,,
3530,C[C@H]1C[C@H]2[C@@H]3CCC4=CC(=O)C=C[C@@]4([C@]3([C@H](C[C@@]2([C@]1(C(=O)COP(=O)([O-])[O-])O)C)O)F)C,470.4300000000002,0.7486999999999995,2.0,8.0,0.0,,,
3531,Cn1c(nnn1)SCC2=C(N3[C@@H]([C@@](C3=O)(NC(=O)CSCC#N)OC)SC2)C(=O)[O-],470.5380000000003,-2.063019999999997,1.0,13.0,1.0,,,
3532,CCOC(=O)Oc1ccc(cc1OC(=O)OCC)CCNC(=O)[C@H](CCSC)NC(=O)C,470.5440000000002,2.6737,2.0,9.0,0.0,,,
3533,CC1=C(C(=O)O[C@H](C1)[C@@H](C)[C@H]2CC[C@@H]3[C@@]2(CC[C@H]4[C@H]3C[C@@H]5[C@]6([C@@]4(C(=O)C=C[C@@H]6O)C)O5)C)CO,470.6060000000002,3.352900000000002,2.0,6.0,0.0,,,
3534,CC(C)(C)c1ccc(cc1)C(=O)CCC[NH+]2CCC(CC2)OC(c3ccccc3)c4ccccc4,470.67700000000013,5.800500000000007,1.0,2.0,1.0,,,
3535,CCCCCCCC(=O)OCC(COC(=O)CCCCCCC)OC(=O)CCCCCCC,470.6910000000005,7.066100000000009,0.0,6.0,1.0,,,
3536,CCc1nn(c(=O)n1CCOc2ccccc2)CCC[NH+]3CCN(CC3)c4cccc(c4)Cl,471.0250000000003,2.1348000000000003,1.0,6.0,0.0,,,
3537,CC(C)(C(=O)O[Al](O)OC(=O)C(C)(C)Oc1ccc(cc1)Cl)Oc2ccc(cc2)Cl,471.2690000000001,4.072000000000003,1.0,7.0,0.0,,,
3538,c1cc(ccc1C(=O)N[C@@H](CCC(=O)[O-])C(=O)[O-])NCC2CNc3c(c(=O)nc([nH]3)N)N2C=O,471.4300000000002,-3.4004999999999974,5.0,11.0,1.0,,,
3539,c1cc(ccc1C(=O)N[C@@H](CCC(=O)[O-])C(=O)[O-])NC[C@H]2CNc3c(c(=O)nc([nH]3)N)N2C=O,471.4300000000002,-3.4004999999999974,5.0,11.0,1.0,,,
3540,C[C@H]1[C@@H]2C[NH+]3CCc4c5cc(c(cc5[nH]c4[C@H]3C[C@@H]2C(=CO1)C(=O)OCC[NH+](C)C)OC)OC,471.59800000000035,0.29360000000000297,3.0,5.0,0.0,,,
3541,C[C@]12CC[C@@H]([C@@]([C@@H]1CC[C@@]3([C@@H]2CC=C4[C@]3(CC[C@@]5([C@H]4CC(CC5)(C)C)C(=O)[O-])C)C)(C)CO)O,471.70200000000034,4.871300000000006,2.0,4.0,0.0,,,
3542,C[C@@]12CC[C@@H]3[C@@]([C@H]1CC=C4[C@]2(CC[C@@]5([C@H]4CC(CC5)(C)C)C(=O)[O-])C)(C[C@H]([C@@H](C3(C)C)O)O)C,471.7020000000002,4.869700000000006,2.0,4.0,0.0,,,
3543,C[C@@H]1CC[C@@]2(CC[C@@]3(C(=CC[C@H]4[C@]3(CC[C@@H]5[C@@]4(C[C@H]([C@@H](C5(C)C)O)O)C)C)[C@@H]2[C@H]1C)C)C(=O)[O-],471.7020000000002,4.7256000000000045,2.0,4.0,0.0,,,
3544,CC(=CCC[C@@](C)([C@H]1CC[C@@]2([C@@]1(CC[C@H]3[C@]2(CC[C@H]([C@]3(C)CCC(=O)[O-])C(=C)C)C)C)C)O)C,471.7460000000003,6.845200000000009,1.0,3.0,1.0,,,
3545,C1[C@@H]([C@H]([C@@H]([C@H]([C@@H]1[NH3+])O[C@@H]2[C@@H]([C@H]([C@@H]([C@H](O2)CO)O)[NH3+])O)O)O[C@@H]3[C@@H](C[C@@H]([C@H](O3)C[NH3+])O)[NH3+])[NH3+],472.5600000000002,-9.87980000000001,10.0,9.0,1.0,,,
3546,CC(C)N/C(=[NH+]\C(C)C)/SCC(=O)NC1C2N(C1=O)C(=C(CS2)COC(=O)C)C(=O)[O-],472.58900000000034,-2.4703999999999917,3.0,8.0,0.0,,,
3547,CC(C)(C)c1ccc(cc1)C(CCC[NH+]2CCC(CC2)C(c3ccccc3)(c4ccccc4)O)O,472.69300000000015,5.028700000000007,3.0,2.0,1.0,,,
3548,CC(=CC1CC(C2C3CCC4[C@]5(CC[C@@H](C(C5CC[C@]4(C36CC2(O1)OC6)C)(C)C)O)C)(C)O)C,472.7100000000003,5.855000000000008,2.0,4.0,1.0,,,
3549,C[C@]12CC[C@@H](C(C1CC=C3C2CCC4([C@@]3(CC[C@H]4[C@@H]5C[C@@H](OC5O)C6C(O6)(C)C)C)C)(C)C)O,472.7100000000002,5.853400000000007,2.0,4.0,1.0,,,
3550,C[C@]1(C[C@H]2[C@]34OC[C@]2(C(=O)C[C@]3([C@]5([C@@H]([C@@]6([C@H]([C@@]([C@H](CC6)O)(CO)C)CC5)C)CC4)C)C)CC1)C,472.71000000000043,5.533100000000006,2.0,4.0,1.0,,,
3551,Cc1c(c(c(c2c1O[C@](CC2)(C)CCC[C@H](C)CCC[C@H](C)CCCC(C)C)C)OC(=O)C)C,472.7540000000003,9.059960000000002,0.0,3.0,1.0,,,
3552,Cc1c(c(c(c2c1O[C@@](CC2)(C)CCC[C@H](C)CCC[C@@H](C)CCCC(C)C)C)OC(=O)C)C,472.7540000000003,9.059960000000002,0.0,3.0,1.0,,,
3553,Cc1c(c(c(c2c1OC(CC2)(C)CCCC(C)CCCC(C)CCCC(C)C)C)OC(=O)C)C,472.7540000000003,9.059960000000002,0.0,3.0,1.0,,,
3554,CC(C)/N=c/1\cc-2n(c3ccccc3nc2cc1Nc4ccc(cc4)Cl)c5ccc(cc5)Cl,473.40700000000015,7.489800000000005,1.0,4.0,1.0,,,
3555,C[C@H]1C[C@H]2[C@@H]3CC[C@@]([C@]3(C[C@@H]([C@@H]2[C@@]4(C1=CC(=O)C=C4)C)O)C)(C(=O)COC(=O)CCC(=O)[O-])O,473.54200000000037,0.8846000000000007,2.0,8.0,0.0,,,
3556,CCCC(=O)c1c(c(c(c(c1OC)C)O)CC2(C(=C(C(=C(C2=O)C(=O)C(C)CC)[O-])C)O)C)O,473.54200000000026,3.5907200000000015,3.0,8.0,0.0,,,
3557,CC#CCn1c2c(nc1N3CCC[C@H](C3)[NH3+])n(c(=O)n(c2=O)Cc4nc(c5ccccc5n4)C)C,473.5610000000002,0.4306200000000022,1.0,9.0,0.0,,,
3558,C[C@@H]1[C@@H]2[C@H](C(=O)N2C(=C1S[C@H]3C[C@H]([NH2+]C3)C(=O)Nc4cccc(c4)C(=O)[O-])C(=O)[O-])[C@@H](C)O,474.5150000000002,-2.7548999999999952,3.0,8.0,0.0,,,
3559,c1cc(ccc1c2c(c3ccc(cc3s2)O)C(=O)c4ccc(cc4)OCC[NH+]5CCCCC5)O,474.6020000000004,4.658100000000006,3.0,5.0,0.0,,,
3560,CC(C)C[C@H]1C[C@@H](C(=O)O1)[C@@H]2CCC3C2(CCC4[C@]3(C(CC5[C@@]4(CC[C@@H](C5(C)C)O)C)O)C)C,474.7260000000003,5.981000000000009,2.0,4.0,1.0,,,
3561,C[C@]12C[C@@H]([C@]3([C@H]([C@@H]1CC[C@@]2(C(=O)CO)O)C[C@H](C4=CC(=O)C(=C[C@@]43C)Br)F)F)O,475.3260000000001,2.320300000000001,3.0,5.0,0.0,,,
3562,C#CCC(Cc1cnc2c(n1)c(nc(n2)N)N)c3ccc(cc3)C(=O)N[C@@H](CCC(=O)[O-])C(=O)[O-],475.4650000000003,-1.6877999999999982,3.0,11.0,1.0,,,
3563,CC1=C(C(CCC1)(C)C)/C=C/C(=C/C=C/C(=C/C(=O)O[C@H]2[C@@H]([C@H]([C@@H]([C@H](O2)C(=O)[O-])O)O)O)/C)/C,475.5580000000002,1.6186999999999991,3.0,8.0,0.0,,,
3564,CCOC(=O)C[NH2+][C@H](C1CCCCC1)C(=O)N2CC[C@H]2C(=O)NCc3ccc(cc3)/C(=[NH+]/O)/N,475.59000000000015,-1.8457999999999926,5.0,5.0,0.0,,,
3565,CCCc1c2c(c(=O)[nH]c(n2)c3cc(ccc3OCC)S(=O)(=O)N4CC[NH+](CC4)C)n(n1)C,475.59500000000025,0.19380000000000197,2.0,7.0,0.0,,,
3566,CC(=O)[C@]1(CC[C@@H]2[C@@]1(C[C@@H](C3=C4CCC(=O)C=C4CC[C@@H]23)c5ccc(cc5)N(C)C)C)OC(=O)C,475.62900000000025,5.5430000000000055,0.0,5.0,1.0,,,
3567,CN(C)C(=O)c1nc(n(n1)c2ccc(cc2C(=O)c3ccccc3Cl)Cl)CNC(=O)C[NH3+],476.34400000000016,1.3649999999999993,2.0,6.0,0.0,,,
3568,C[NH+]1CCC(CC1)COc2cc3c(cc2OC)c(ncn3)Nc4ccc(cc4F)Br,476.37000000000006,3.587100000000002,2.0,5.0,0.0,,,
3569,CC(=O)O[C@@H]1C[C@H]2[C@@H]3CCc4cc(ccc4[C@H]3CC[C@@]2([C@H]1OC(=O)C)C)OC(=O)c5ccccc5,476.56900000000024,5.235200000000005,0.0,6.0,1.0,,,
3570,C[C@@H]1C[C@H]2[C@@H]3CCC4=CC(=O)C=C[C@@]4([C@]3([C@H](C[C@@]2([C@]1(C(=O)COC(=O)C(C)(C)C)O)C)O)F)C,476.58500000000026,3.492700000000003,2.0,6.0,0.0,,,
3571,CCCCC(=O)O[C@@]1([C@H](C[C@@H]2[C@@]1(C[C@@H]([C@]3([C@H]2CCC4=CC(=O)C=C[C@@]43C)F)O)C)C)C(=O)CO,476.5850000000002,3.636800000000003,2.0,6.0,0.0,,,
3572,CCOC(=O)[C@H](CCc1ccccc1)[NH2+]C2CS[C@@H](CN(C2=O)CC(=O)[O-])c3cccs3,476.6200000000003,0.611000000000002,1.0,7.0,0.0,,,
3573,CC[NH+](CC)CC(=O)OCC(=O)[C@]1(CC[C@@H]2[C@@]1(C[C@@H]([C@H]3[C@H]2CCC4=CC(=O)CC[C@]34C)O)C)O,476.63400000000024,1.2572000000000003,3.0,6.0,0.0,,,
3574,c1ccc2c(c1)CSc3ccccc3C2NC(=O)CCC[NH+]4CCN(CC4)c5ccc(cc5)F,476.64100000000036,3.822300000000003,2.0,3.0,0.0,,,
3575,CC(=CCCC(C)([C@]1(CCC2([C@@H]1[C@@H](CC3[C@]2(CCC4[C@@]3(CCC(C4(C)C)O)C)C)O)C)O)O)C,476.74200000000025,5.61550000000001,4.0,4.0,1.0,,,
3576,COn1cc(c2c1cccc2)C/C(=N/OS(=O)(=O)[O-])/S[C@H]3[C@@H]([C@H]([C@@H]([C@H](O3)CO)O)O)O,477.4930000000001,-1.4343999999999997,4.0,13.0,1.0,,,
3577,c1ccc(cc1)c2ccc(cc2)CO[C@H]3C[C@@H]([C@@H]([C@H]3CC/C=C\CCC(=O)[O-])[NH+]4CCCCC4)O,477.64500000000044,2.9235,2.0,4.0,0.0,,,
3578,CC[C@H]1C[NH+]2CCc3cc(c(cc3[C@@H]2C[C@@H]1C[C@@H]4c5c(c6cc(ccc6[nH]5)O)CC[NH2+]4)OC)OC,477.6490000000003,2.6698000000000013,4.0,3.0,0.0,,,
3579,CC[C@H]1C[NH+]2CCc3c(cc(c(c3O)OC)OC)[C@@H]2C[C@@H]1C[C@@H]4c5c(c6ccccc6[nH]5)CC[NH2+]4,477.6490000000003,2.6697999999999995,4.0,3.0,0.0,,,
3580,CN(C)C(=O)C(CC[NH+]1CCC(CC1)(c2ccc(cc2)Cl)O)(c3ccccc3)c4ccccc4,478.0560000000001,3.670900000000003,2.0,2.0,0.0,,,
3581,Cc1nnn(n1)CC2=C(N3[C@@H]([C@@H](C3=O)NC(=O)/C(=N\OC)/c4csc(n4)N)SC2)C(=O)[O-],478.49600000000027,-2.525179999999997,2.0,14.0,1.0,,,
3582,C=CCNc1nc(nc(n1)N2CC[NH+](CC2)C(c3ccc(cc3)F)c4ccc(cc4)F)NCC=C,478.57100000000014,2.8401000000000014,3.0,6.0,0.0,,,
3583,CCCCC(=O)OCC(=O)[C@H]1[C@@H](C[C@@H]2[C@@]1(C[C@@H](C3([C@H]2C[C@@H](C4=CC(=O)C=C[C@@]43C)F)F)O)C)C,478.5760000000002,4.469900000000004,1.0,5.0,0.0,,,
3584,CCOC1[C@@H]([C@H]([C@H](O1)C(COCc2ccccc2)OCc3ccccc3)OCc4ccccc4)O,478.5850000000002,4.496300000000005,1.0,6.0,0.0,,,
3585,CCCC(=O)O[C@@]1([C@H](C[C@@H]2[C@@]1(CC(=O)[C@]3([C@H]2CCC4=CC(=O)C=C[C@@]43C)F)C)C)C(=O)CCl,478.98800000000017,4.701400000000005,0.0,5.0,0.0,,,
3586,CC12CC(C3CC1(C3(C(=O)O2)COC(=O)c4ccccc4)O[C@H]5[C@@H]([C@H]([C@@H]([C@H](O5)CO)O)O)O)O,480.4660000000001,-1.5148999999999981,5.0,11.0,1.0,,,
3587,c1ccc(cc1)CCCCOc2ccc(cc2)C(=O)Nc3cccc4c3oc(cc4=O)c5n[n-]nn5,480.5040000000002,4.256200000000003,1.0,7.0,0.0,,,
3588,CC(C)c1c(c(nc(n1)N(C)S(=O)(=O)C)c2ccc(cc2)F)/C=C/[C@H](C[C@H](CC(=O)[O-])O)O,480.5380000000002,1.067,2.0,8.0,0.0,,,
3589,CC1=C(C(C(=C(N1)C)C(=O)OCC[NH+](C)Cc2ccccc2)c3cccc(c3)[N+](=O)[O-])C(=O)OC,480.54100000000017,2.2607,2.0,7.0,0.0,,,
3590,C[N+]1(CCCC1)CC2=C(N3[C@@H]([C@@H](C3=O)NC(=O)/C(=N\OC)/c4csc(n4)N)SC2)C(=O)[O-],480.57200000000023,-1.2798999999999958,2.0,10.0,0.0,,,
3591,C[C@]1(CCC[C@@]2([C@@H]1CCC(=C)C2CCC3=CCOC3=O)C)CO[C@H]4[C@@H]([C@H]([C@@H]([C@H](O4)CO)O)O)O,480.5980000000002,1.845200000000001,4.0,8.0,0.0,,,
3592,CC[NH2+][C@@H]1C[C@@H]([C@H]([C@@H]([C@H]1O[C@@H]2[C@@H]([C@H]([C@@](CO2)(C)O)[NH2+]C)O)O)O[C@@H]3[C@@H](CC=C(O3)C[NH3+])[NH3+])[NH3+],480.6270000000002,-7.403500000000015,8.0,7.0,1.0,,,
3593,CC(CCC(C(C)(C1CCC2(C1(CCC3C2=CC(=O)C4C3(CC(C(C4)O)O)C)C)O)O)O)CO,480.64200000000017,1.7115000000000005,6.0,7.0,1.0,,,
3594,C[C@]12CC[C@H]3C(=CC(=O)[C@H]4[C@@]3(C[C@@H]([C@@H](C4)O)O)C)[C@@]1(CC[C@@H]2[C@](C)([C@@H](CCC(C)(C)O)O)O)O,480.64200000000034,1.854000000000001,6.0,7.0,1.0,,,
3595,CC(C)CC[C@H]([C@@](C)([C@H]1CC[C@@]2([C@@]1(C[C@H]([C@H]3C2=CC(=O)[C@H]4[C@@]3(C[C@@H]([C@@H](C4)O)O)C)O)C)O)O)O,480.64200000000017,1.7099000000000015,6.0,7.0,1.0,,,
3596,CCC1=C(C[C@H]2c3cc(c(cc3CC[NH+]2C1)OC)OC)C[C@@H]4c5cc(c(cc5CC[NH2+]4)OC)OC,480.64900000000034,2.564300000000002,2.0,4.0,0.0,,,
3597,c1ccc2c(c1)CCc3ccc(cc3N2CCC[NH+]4CCC5(CC4)C(=O)NC6[NH+]5CCCC6)Cl,481.0840000000004,1.909,3.0,2.0,0.0,,,
3598,COc1cc(ccc1O)[C@@H]2[C@H](Oc3ccc(cc3O2)[C@@H]4[C@H](C(=O)c5c(cc(cc5O4)O)[O-])O)CO,481.4330000000003,1.7306999999999997,4.0,10.0,0.0,,,
3599,c1cc(ccc1C(=O)O[C@H]2[C@@H]3C=CO[C@H]([C@@H]3[C@@]4([C@H]2O4)CO)O[C@H]5[C@@H]([C@H]([C@@H]([C@H](O5)CO)O)O)O)O,482.43800000000016,-2.0199999999999987,6.0,12.0,2.0,,,
3600,CC1([C@@H](N2[C@H](S1)[C@@H](C2=O)NC(=O)[C@@H](c3ccccc3)[NH3+])C(=O)OC4c5ccccc5C(=O)O4)C,482.53800000000024,0.9291,2.0,7.0,0.0,,,
3601,CC(=O)O[C@@H]1CC2[C@](C=CC(=O)C2(C)C)(C3[C@@]1([C@]45[C@H](O4)C(=O)O[C@H]([C@@]5(CC3)C)c6ccoc6)C)C,482.5730000000003,4.560700000000004,0.0,7.0,0.0,,,
3602,CC[C@H]1C[NH+]2CCc3c(cc(c(c3O)OC)OC)[C@@H]2C[C@@H]1CC4=C5C=C(C(=O)C=C5CC[NH2+]4)OC,482.6210000000004,1.588300000000001,3.0,5.0,0.0,,,
3603,CC(C1CCC(C(O1)OC2C(CC(C(C2O)OC3C(C(C(CO3)(C)O)[NH2+]C)O)[NH3+])[NH3+])[NH3+])[NH2+]C,482.64300000000026,-7.530300000000017,8.0,7.0,1.0,,,
3604,CC[NH2+][C@@H]1C[C@@H](C([C@@H]([C@H]1O[C@@H]2[C@@H]([C@H]([C@@](CO2)(C)O)[NH2+]C)O)O)O[C@@H]3[C@@H](CC[C@H](O3)C[NH3+])[NH3+])[NH3+],482.6430000000002,-7.528700000000017,8.0,7.0,1.0,,,
3605,CC[C@H]1C[NH+]2CCc3cc(c(cc3[C@@H]2C[C@@H]1C[C@@H]4c5cc(c(cc5CC[NH2+]4)OC)OC)OC)OC,482.66500000000036,2.5001000000000024,2.0,4.0,0.0,,,
3606,COC(CNC(=O)c1ccccc1OCC(=O)[O-])C[Hg]O,482.862,-1.0317999999999994,2.0,6.0,0.0,,,
3607,c1ccc2c(c1)CCc3ccc(cc3N2CCC[NH+]4CCC(CC4)(C(=O)N)[NH+]5CCCCC5)Cl,483.1000000000005,1.9384000000000012,3.0,2.0,0.0,,,
3608,C[C@@]12C(CCC3([C@]14C(O4)C(=O)OC3c5ccoc5)C)C67COC(=O)CC6OC(C7=C(C2=O)O)(C)C,484.5010000000004,2.943200000000001,1.0,9.0,0.0,,,
3609,CC1=C(C(=O)OC(C1)C2(C3CCC4(C5CC=C6C=CCC(=O)C6(C5CCC3(O4)C(O2)O)C)O)C)C,484.58900000000034,3.4912000000000027,2.0,7.0,0.0,,,
3610,CC1C[C@H]2C(C(CC[C@@]2([C@H]3C1=C[C@@](CC3)(C)[C@H](CO)O)C)OC4[C@@H]([C@H]([C@@H]([C@H](O4)CO)O)O)O)C,484.63000000000017,0.9595999999999996,6.0,8.0,1.0,,,
3611,C[C@]12CC[C@@H](C(C1CC[C@@]3(C2CC=C4C3(CC[C@@]5([C@H]4CC(CC5)(C)C)C(=O)[O-])C(=O)[O-])C)(C)C)O,484.67700000000036,3.628900000000002,1.0,5.0,0.0,,,
3612,CCC(=O)O[C@@]1([C@H](CC2C1(CC([C@]3(C2C[C@@H](C4=CC(=O)C=CC43C)F)F)O)C)C)C(=O)CCl,484.9670000000002,4.0511000000000035,1.0,5.0,0.0,,,
3613,CC1CC(=O)NN=C1c2ccc(cc2)NCC(C)(C)[NH2+]CC(COc3cc(ccc3C#N)Cl)O,485.0080000000002,2.2655800000000004,4.0,6.0,0.0,,,
3614,Cn1cc2c3c1cccc3[C@]4(C[C@H](C[NH+]([C@@H]4C2)C)COC(=O)c5cc(cnc5)Br)OC,485.4020000000001,2.4938000000000002,1.0,5.0,0.0,,,
3615,CC(C)C(CCC[NH+](C)CCc1ccc(c(c1)OC)OC)(C#N)c2cc(c(c(c2)OC)OC)OC,485.6450000000003,3.684580000000002,1.0,6.0,0.0,,,
3616,CCCCC(=O)O[C@@]1(CC[C@@H]2[C@@]1(C[C@@H]([C@H]3[C@H]2CCC4=CC(=O)C=C[C@]34C)O)C)C(=O)COC(=O)C,486.6050000000003,3.869500000000003,1.0,7.0,0.0,,,
3617,C[C@]12CCC(=O)C=C1CC[C@@H]3[C@@H]2[C@H](C[C@]4([C@H]3CC[C@@]4(C(=O)COC(=O)CCC5CCCC5)O)C)O,486.6490000000004,4.3029000000000055,2.0,6.0,0.0,,,
3618,C[N+](C)(C)CCOP(=O)([O-])OP(=O)([O-])OC[C@@H]1[C@H]([C@H]([C@@H](O1)n2ccc(nc2=O)N)O)O,487.3190000000002,-2.8624999999999954,3.0,14.0,1.0,,,
3619,C[C@@]12CC[C@@H]3[C@@]([C@H]1CC=C4[C@]2(CC[C@@]5([C@H]4CC(CC5)(C)C)C(=O)[O-])C)(C[C@H]([C@@H]([C@@]3(C)CO)O)O)C,487.70100000000025,3.842100000000004,3.0,5.0,0.0,,,
3620,C[C@@H]1CC[C@@]2(CC[C@@]3(C(=CC[C@H]4[C@]3(CC[C@@H]5[C@@]4(C[C@H]([C@@H]([C@@]5(C)CO)O)O)C)C)[C@@H]2[C@H]1C)C)C(=O)[O-],487.70100000000025,3.698000000000003,3.0,5.0,0.0,,,
3621,CC(=O)O[C@]12CO[C@@H]([C@H]1CO[C@H]2Oc3cc4c(cc3OC)OCO4)c5cc6c(cc5OC)OCO6,488.4450000000004,2.5859000000000005,0.0,11.0,1.0,,,
3622,C1[C@H]([C@@H]([C@H]([C@@H]([C@H]1[NH3+])O[C@@H]2[C@@H]([C@H]([C@@H]([C@H](O2)C[NH3+])O)O)O)O)O[C@@H]3[C@@H]([C@H]([C@@H]([C@H](O3)CO)O)[NH3+])O)[NH3+],488.53500000000014,-10.15860000000001,11.0,11.0,2.0,,,
3623,CCC(=O)OCC(=O)[C@]1(CC[C@@H]2[C@@]1(C[C@@H]([C@H]3[C@H]2CCC4=CC(=O)C=C[C@]34C)O)C)OC(=O)OCC,488.57700000000034,3.6993000000000027,1.0,8.0,0.0,,,
3624,CCCC(=O)O[C@@]1(CC[C@@H]2[C@@]1(C[C@@H]([C@H]3[C@H]2CCC4=CC(=O)CC[C@]34C)O)C)C(=O)COC(=O)CC,488.6210000000004,4.093500000000003,1.0,7.0,0.0,,,
3625,C[C@@H]1C[C@H]2[C@H](O[C@]3([C@H]1[C@]4(CC[C@@]56C[C@@]57CC[C@@H](C([C@@H]7CC[C@H]6[C@@]4([C@H]3O)C)(C)C)O)C)O2)C(C)(C)O,488.70900000000023,4.6581000000000055,3.0,5.0,0.0,,,
3626,C[C@]12CC[C@@H]([C@]([C@@H]1CC[C@@]3([C@@H]2CC=C4[C@]3(C[C@@H]5[C@@]6([C@H]4CC([C@@H]([C@@H]6O)O5)(C)C)CO)C)C)(C)CO)O,488.7090000000003,4.071700000000005,4.0,5.0,0.0,,,
3627,C[C@@]12CCC3[C@@](C1CC[C@H]4C(=CC(=O)[C@@H]5C4(C[C@H]([C@H](C5(C)C)O)O)C)C2)(CCC([C@]3(C)CO)O)C,488.70900000000034,4.261900000000005,4.0,5.0,0.0,,,
3628,Cc1cccc(c1NC(=O)c2cnc(s2)Nc3cc(nc(n3)C)N4CC[NH+](CC4)CCO)Cl,489.0250000000003,1.8964399999999997,4.0,8.0,0.0,,,
3629,Cc1nnc2n1-c3c(cc(s3)CCc4ccc(cc4)CC(C)C)C(=N[C@@H]2C)c5ccccc5Cl,489.0880000000002,7.1863200000000065,0.0,5.0,1.0,,,
3630,CCC1=C(CN(C1=O)C(=O)NCCc2ccc(cc2)S(=O)(=O)[N-]C(=O)NC3CCC(CC3)C)C,489.6180000000003,3.858100000000003,2.0,5.0,0.0,,,
3631,CCCc1nc(c2n1[nH]c(nc2=O)c3cc(ccc3OCC)S(=O)(=O)N4CC[NH+](CC4)CC)C,489.6220000000004,0.6533200000000017,2.0,7.0,0.0,,,
3632,CCCS(=O)(=O)Nc1ccc(c(c1F)C(=O)c2c[nH]c3c2cc(cn3)c4ccc(cc4)Cl)F,489.9310000000001,5.544200000000003,2.0,4.0,1.0,,,
3633,Cn1cncc1[C@@](c2ccc(cc2)Cl)(c3ccc4c(c3)c(cc(=O)n4C)c5cccc(c5)Cl)[NH3+],490.41400000000016,4.779600000000004,1.0,4.0,0.0,,,
3634,COc1ccc(cc1)c2c(c(=O)c3c(cc(c(c3o2)OC)O[C@H]4C([C@H]([C@H](C(O4)CO)O)O)O)[O-])[O-],490.41700000000014,-1.196900000000001,4.0,12.0,1.0,,,
3635,CC(=CCc1c2c(c3c(c1OC)C(=O)[C@](C(=O)O3)(CC(=O)C)c4ccc(cc4)O)C=CC(O2)(C)C)C,490.5520000000002,5.112500000000004,1.0,7.0,1.0,,,
3636,CC1([C@]2([C@]1([C@]([C@]([C@@H]([C@@]2(Cc3ccccc3)O)O)(Cc4ccccc4)O)(Cc5ccccc5)O)O)O)C,490.5960000000002,1.7842999999999998,6.0,6.0,1.0,,,
3637,C[C@]12CCC(C(C1CC=C3C2CCC4([C@@]3(CC[C@H]4[C@@H]5C[C@@H](OC5O)C(C(C)(C)O)O)C)C)(C)C)O,490.7250000000002,4.807800000000006,4.0,5.0,0.0,,,
3638,c1ccc(cc1)/C=C/C(=O)OC[C@@H]2[C@H]([C@@H]([C@H]([C@@H](O2)O[C@H]3[C@H]4[C@@H](C=CO3)[C@@H]([C@H]5[C@@]4(O5)CO)O)O)O)O,492.47700000000015,-1.3259999999999983,5.0,11.0,1.0,,,
3639,CC1=C(C(C(=C(N1)C)C(=O)OC/C=C/c2ccccc2)c3cccc(c3)[N+](=O)[O-])C(=O)OCCOC,492.5280000000003,4.275800000000004,1.0,8.0,0.0,,,
3640,Cc1cccc(c1NC(=O)C[NH+]2CCN(CC2)CCCC(c3ccc(cc3)F)c4ccc(cc4)F)C,492.6340000000002,4.332940000000004,2.0,2.0,0.0,,,
3641,CCCCCCCCCCCCCCCCCCCCCCCCCCCCCCCCCCC,492.9610000000006,13.899499999999971,0.0,0.0,1.0,,,
3642,COc1ccc(cc1C(=O)NCCc2ccc(cc2)S(=O)(=O)[N-]C(=O)NC3CCCCC3)Cl,493.00500000000034,4.425800000000003,2.0,5.0,0.0,,,
3643,CC1([C@@H](N2[C@H](S1)[C@@H](C2=O)NC(=O)[C@@H](c3ccc(cc3)O)NC(=O)[C@@H](CC(=O)NC)[NH3+])C(=O)[O-])C,493.54200000000026,-3.406899999999995,5.0,8.0,0.0,,,
3644,CC1([C@@H](N2[C@H](S1)[C@@H](C2=O)NC(=O)C(c3ccccc3)C(=O)Oc4ccc5c(c4)CCC5)C(=O)[O-])C,493.5610000000004,1.1614999999999993,1.0,7.0,0.0,,,
3645,CCC(=O)n1c2ccccc2n(c1=O)C3CC[NH+](CC3)CCC(C#N)(c4ccccc4)c5ccccc5,493.63100000000026,3.9729800000000033,1.0,5.0,0.0,,,
3646,c1ccc2c(c1)c(ns2)N3CC[NH+](CC3)C[C@@H]4CCCC[C@H]4CN5C(=O)[C@H]6[C@@H]7CC[C@@H](C7)[C@H]6C5=O,493.6970000000004,2.8387000000000002,1.0,5.0,0.0,,,
3647,C[C@@]1(C[C@H]([C@]2([C@@H]1[C@@H](OC=C2)O[C@H]3[C@@H]([C@H]([C@@H]([C@H](O3)CO)O)O)O)O)O)OC(=O)/C=C/c4ccccc4,494.49300000000017,-1.1998999999999984,6.0,11.0,2.0,,,
3648,C[C@H]1C[C@H]2[C@@H]3C[C@@H](C4=CC(=O)C=C[C@@]4([C@]3([C@H](C[C@@]2([C@]1(C(=O)COC(=O)C)OC(=O)C)C)O)F)C)F,494.5310000000003,2.9853000000000014,1.0,7.0,0.0,,,
3649,CC(=O)OCC(=O)[C@@]12[C@@H](C[C@@H]3[C@@]1(C[C@@H]([C@]4([C@H]3C[C@@H](C5=CC(=O)C=C[C@@]54C)F)F)O)C)OC(O2)(C)C,494.53100000000023,2.9376000000000007,1.0,7.0,0.0,,,
3650,C[C@@H]1C[C@H]2[C@@H]3C[C@@H](C4=CC(=O)C=C[C@@]4([C@]3([C@H](C[C@@]2([C@]1(C(=O)COC(=O)C(C)(C)C)O)C)O)F)C)F,494.5750000000003,3.4407000000000023,2.0,6.0,0.0,,,
3651,Cc1ccc(cc1Nc2nccc(n2)c3cccnc3)NC(=O)c4ccc(cc4)CN5CC[NH+](CC5)C,494.62300000000033,3.1732200000000006,3.0,6.0,0.0,,,
3652,C[C@@H]1C[C@H]2[C@@H]3C[C@@H](C4=CC(=O)C=C[C@@]4([C@]3([C@H](C[C@@]2([C@H]1C(=O)COC(=O)C(C)(C)C)C)O)Cl)C)F,495.0310000000003,4.595100000000005,1.0,5.0,0.0,,,
3653,C[C@@]1(CC[C@H]2[C@@H]1[C@@H](OC=C2C(=O)[O-])O[C@H]3[C@@H]([C@H]([C@@H]([C@H](O3)CO)O)O)OC(=O)c4ccc(cc4)O)O,495.4570000000002,-1.8594999999999977,5.0,12.0,1.0,,,
3654,CO[C@@]1([C@@H]2N(C1=O)C(=C(CO2)CSc3nnnn3CCO)C(=O)[O-])NC(=O)CSC(F)F,495.4660000000002,-2.6252999999999957,2.0,13.0,1.0,,,
3655,CCCCCCCCCCC[C@@H](C[C@H]1[C@@H](C(=O)O1)CCCCCC)OC(=O)[C@H](CC(C)C)NC=O,495.7450000000004,6.881900000000007,1.0,5.0,1.0,,,
3656,C[C@]12C[C@@]3([C@@H]4C[C@]1([C@@]4(C(O2)O3)COC(=O)c5ccc(cc5)O)O[C@H]6[C@@H]([C@H]([C@@H]([C@H](O6)CO)O)O)O)O,496.46500000000015,-1.6518999999999986,6.0,12.0,2.0,,,
3657,C[C@H]1[C@H]([C@H](C[C@@H](O1)O[C@H]2C[C@@](Cc3c2c(c4c(c3[O-])C(=O)c5ccccc5C4=O)[O-])(C(=O)C)O)[NH3+])O,496.4920000000002,-0.960499999999997,3.0,9.0,0.0,,,
3658,C[NH+]1CC[C@]23c4c5ccc(c4O[C@H]2[C@H](C=C[C@H]3[C@H]1C5)OC(=O)c6cccnc6)OC(=O)c7cccnc7,496.54300000000023,1.949299999999999,1.0,7.0,0.0,,,
3659,C[C@H](Cc1cc2c(c(c1)C(=O)N)N(CC2)CCCO)[NH2+]CCOc3ccccc3OCC(F)(F)F,496.5500000000002,2.0448999999999993,3.0,5.0,0.0,,,
3660,C[C@H]1C[C@H]2[C@@H]3CCC4=CC(=O)C=C[C@@]4([C@]3([C@H](C[C@@]2([C@]1(C(=O)CO)OC(=O)c5ccccc5)C)O)F)C,496.5750000000002,3.7604000000000033,2.0,6.0,0.0,,,
3661,CCCCCCCCCCCCOCCOCCOCCOC(=O)CC(C(=O)[O-])S(=O)(=O)[O-],496.6190000000003,1.5541000000000016,0.0,10.0,0.0,,,
3662,CC1C(CC2C3(C1C(C2(CC3)C(C)C(=O)[O-])O)C)OS(=O)(=O)c4ccc5c(c4)sc(=S)[nH]5,496.6520000000001,2.8519900000000007,2.0,8.0,0.0,,,
3663,CC(=O)O[C@H]1CC[C@]2(C(C1(C)C)CC[C@@]3(C2CC=C4C3(CC[C@@]5([C@H]4CC(CC5)(C)C)C(=O)[O-])C)C)C,497.74000000000046,6.469700000000008,0.0,4.0,1.0,,,
3664,CO[C@H]1C[C@H]2[C@@H](C=C([C@H]2[C@@H](O1)O[C@H]3[C@@H]([C@H]([C@@H]([C@H](O3)CO)O)O)O)COC(=O)c4ccc(cc4)O)O,498.4810000000002,-1.3822999999999996,6.0,12.0,2.0,,,
3665,CCOC(=O)[C@H](CCc1ccccc1)[NH2+][C@@H](C)C(=O)N2Cc3cc(c(cc3C[C@H]2C(=O)[O-])OC)OC,498.5760000000004,0.22340000000000226,1.0,7.0,0.0,,,
3666,Cc1[nH]c2c(n1)-c3ccccc3N(CC2)C(=O)c4ccc(cc4)NC(=O)c5ccccc5c6ccccc6,498.5860000000001,6.507320000000005,2.0,3.0,1.0,,,
3667,CCCc1ccc(c(c1)OC)OCC(=O)N2CCN(CC2)C(=O)COc3ccc(cc3OC)CCC,498.62000000000035,3.737400000000002,0.0,6.0,0.0,,,
3668,C[C@H]1[C@H]2[C@@H](C[C@@]3([C@@]2(CC(=O)[C@@]4([C@H]3CC=C5[C@H]4C=C(C(=O)C5(C)C)O)C)C)C)O[C@@H](CC1=O)C(C)(C)O,498.66000000000037,4.744900000000005,2.0,6.0,0.0,,,
3669,C(C(C(C(C(F)(F)Br)(F)F)(F)F)(F)F)(C(C(C(F)(F)F)(F)F)(F)F)(F)F,498.9579999999999,6.348200000000002,0.0,0.0,1.0,,,
3670,C[C@H]([C@H]1[C@@H](O1)C[C@H]2CO[C@H]([C@@H]([C@@H]2O)O)C/C(=C/C(=O)OCCCCCCCCC(=O)[O-])/C)[C@H](C)O,499.62100000000055,1.2578000000000005,3.0,9.0,0.0,,,
3671,Cc1cc(c2c3c1c4c(cc(c5c4c6c3c7c(c(cc(c7c2=O)[O-])O)c8c6c(c5=O)c(cc8O)[O-])[O-])C)[O-],500.4180000000003,2.55304,2.0,8.0,1.0,,,
3672,CC(C)OC(=O)CCC/C=C\C[C@H]1[C@H](C[C@H]([C@@H]1/C=C/[C@H](COc2cccc(c2)C(F)(F)F)O)O)O,500.55400000000014,4.427400000000007,3.0,6.0,1.0,,,
3673,CCC(=O)O[C@@]1([C@@H](C[C@@H]2[C@@]1(C[C@@H]([C@]3([C@H]2C[C@@H](C4=CC(=O)C=C[C@@]43C)F)F)O)C)C)C(=O)SCF,500.5790000000002,4.430000000000004,1.0,6.0,1.0,,,
3674,CC[NH+]1CC2([C@H]3C(C4[C@@H]1C3([C@@H]5C[C@]6(C([C@@H]5[C@@]4(C(C6OC)O)O)O)O)C(CC2O)OC)OC)COC,500.60900000000026,-3.204499999999988,6.0,9.0,2.0,,,
3675,Cc1c(c(c(c(c1C(=O)[O-])I)NC(=O)C)I)C(=O)NC,501.0380000000001,0.88572,2.0,4.0,1.0,,,
3676,CCCC[NH+](CCCC)CCC(c1cc2c(cc(cc2Cl)Cl)c3c1ccc(c3)C(F)(F)F)O,501.44000000000005,7.227200000000008,2.0,1.0,2.0,,,
3677,CC(C)(C)C(=O)OCOP(=O)(COCCn1cnc2c1ncnc2N)OCOC(=O)C(C)(C)C,501.47700000000026,2.7025000000000006,1.0,13.0,2.0,,,
3678,CC(C)(c1ccc(cc1)C(CCC[NH+]2CCC(CC2)C(c3ccccc3)(c4ccccc4)O)O)C(=O)[O-],501.66700000000014,2.758700000000002,3.0,4.0,1.0,,,
3679,CC(=O)OCC(=O)[C@@]12[C@@H](C[C@@H]3[C@@]1(C[C@@H]([C@]4([C@H]3CCC5=CC(=O)C=C[C@@]54C)F)O)C)OC6(O2)CCCC6,502.57900000000035,3.5238000000000023,1.0,7.0,1.0,,,
3680,C[N+](C)(CCCCCC[N+](C)(C)C1c2ccccc2-c3c1cccc3)C4c5ccccc5-c6c4cccc6,502.74600000000027,8.239600000000008,0.0,0.0,2.0,,,
3681,c1nc(c2c(n1)n(cn2)[C@H]3[C@@H]([C@@H]([C@H](O3)COP(=O)([O-])OP(=O)([O-])OP(=O)([O-])[O-])O)O)N,503.1500000000002,-4.156999999999998,3.0,18.0,2.0,,,
3682,C[C@@]12CCC3[C@@]([C@H]1CC=C4[C@]2(C[C@H]([C@@]5([C@@H]4CC(CC5)(C)C)C(=O)[O-])O)C)(C[C@@H]([C@@H]([C@@]3(C)CO)O)O)C,503.7000000000003,2.8129000000000017,4.0,6.0,1.0,,,
3683,C([C@@H]1[C@@H]([C@@H]([C@H]([C@H](O1)OC[C@@H]2[C@H]([C@@H]([C@H]([C@H](O2)O[C@]3([C@H]([C@@H]([C@H](O3)CO)O)O)CO)O)O)O)O)O)O)O,504.43800000000016,-7.571399999999989,11.0,16.0,3.0,,,
3684,C([C@@H]1[C@H]([C@@H]([C@H]([C@H](O1)OC[C@@H]2[C@H]([C@@H]([C@H]([C@H](O2)OC[C@H]([C@H]([C@@H]([C@H](C=O)O)O)O)O)O)O)O)O)O)O)O,504.4380000000001,-7.730399999999989,11.0,16.0,3.0,,,
3685,C([C@@H]1[C@H]([C@@H]([C@H](C(O1)O)O)OC2[C@@H]([C@H]([C@@H]([C@H](O2)CO)O)OC3[C@@H]([C@H]([C@@H]([C@H](O3)CO)O)O)O)O)O)O,504.43800000000016,-7.572999999999988,11.0,16.0,3.0,,,
3686,C([C@@H]1[C@H]([C@@H]([C@H]([C@@H](O1)OC2[C@H](O[C@H]([C@@H]([C@H]2O)O)OC3[C@H](O[C@@H]([C@@H]([C@H]3O)O)O)CO)CO)O)O)O)O,504.43800000000016,-7.572999999999989,11.0,16.0,3.0,,,
3687,C[C@@H]1C[C@H]([NH2+]C1C)c2[nH]c(c(n2)c3ccc(cc3)c4ccc(cc4)C5=C(NC([NH2+]5)[C@@H]6C[C@H]7C[C@H]7N6)F)F,504.6290000000002,2.7543000000000006,5.0,3.0,1.0,,,
3688,C1CCN(CC1)c2c3c(c(nc(n3)N(CCO)CCO)N4CCCCC4)nc(n2)N(CCO)CCO,504.6360000000004,-0.017599999999998173,4.0,12.0,2.0,,,
3689,COCCNC(=O)C[NH+](CCN(CCN(CC(=O)NCCOC)CC(=O)[O-])CC(=O)[O-])CC(=O)[O-],505.52500000000043,-8.74980000000002,3.0,12.0,2.0,,,
3690,CCCCCCC(COC(=O)c1cccnc1)(COC(=O)c2cccnc2)COC(=O)c3cccnc3,505.57100000000025,4.699200000000005,0.0,9.0,1.0,,,
3691,Cc1c(scn1)/C=C\C2=C(N3[C@@H]([C@@H](C3=O)NC(=O)/C(=N\OC)/c4csc(n4)N)SC2)C(=O)[O-],505.5830000000003,-0.04197999999999941,2.0,12.0,2.0,,,
3692,CC(C)CN(C[C@H]([C@H](Cc1ccccc1)NC(=O)O[C@H]2CCOC2)O)S(=O)(=O)c3ccc(cc3)N,505.63700000000034,2.4028,3.0,7.0,1.0,,,
3693,CC1=C([C@H](C(=C(N1)C)C(=O)O[C@@H]2CCC[NH+](C2)Cc3ccccc3)c4cccc(c4)[N+](=O)[O-])C(=O)OC,506.5790000000002,2.7933000000000012,2.0,7.0,1.0,,,
3694,Cc1nc(cs1)/C=C(\C)/[C@@H]2C[C@H]3[C@](O3)(CCC[C@@H]([C@@H]([C@H](C(=O)C([C@H](CC(=O)N2)O)(C)C)C)O)C)C,506.70900000000023,4.050520000000002,3.0,7.0,1.0,,,
3695,CCCCCCOc1ccc(cc1)CCC(=O)O[C@H]2CC[C@@H]3[C@@]2(CC[C@H]4[C@H]3CCC5=CC(=O)CC[C@H]45)C,506.72700000000043,7.631900000000009,0.0,4.0,2.0,,,
3696,c1cc(ccc1C[NH+]2CCCNCC[NH2+]CCCNCC2)C[NH+]3CCCNCC[NH2+]CCCNCC3,506.82800000000043,-4.470800000000015,8.0,4.0,2.0,,,
3697,Cc1nc(cs1)/C=C(\C)/[C@@H]2C[C@H]3[C@@](O3)(CCC[C@@H]([C@H]([C@@H](C(=O)C([C@@H](CC(=O)O2)O)(C)C)C)O)C)C,507.69300000000027,4.477520000000004,2.0,8.0,1.0,,,
3698,CCCC(=O)O[C@@]1(CC[C@@H]2[C@@]1(C[C@@H]([C@]3([C@H]2C[C@@H](C4=CC(=O)C=C[C@@]43C)F)F)O)C)C(=O)COC(=O)C,508.5580000000003,3.5195000000000025,1.0,7.0,1.0,,,
3699,C[C@@H]1CCN([C@H](C1)C(=O)[O-])C(=O)[C@H](CCC[NH+]=C(N)N)NS(=O)(=O)c2cccc3c2NC[C@@H](C3)C,508.6450000000002,-2.5511999999999935,5.0,6.0,1.0,,,
3700,CCCCCCCCCCCCCCCCCC(=O)OCC(CCCCCC)CCCCCCCC,508.91600000000057,12.128299999999983,0.0,2.0,2.0,,,
3701,c1ccc(cc1)COCC(C(=O)[O-])N(CCN(CC[NH+](CC(=O)[O-])CC(=O)[O-])CC(=O)[O-])CC(=O)[O-],509.4680000000004,-9.189800000000016,1.0,13.0,2.0,,,
3702,c1cc(ccc1NC(=[NH2+])NC(=[NH2+])NCCCCCCNC(=[NH2+])NC(=[NH2+])Nc2ccc(cc2)Cl)Cl,509.4900000000001,-3.1034000000000024,10.0,0.0,2.0,,,
3703,CC(OC(=O)C)OC(=O)C1=C(CS[C@H]2N1C(=O)[C@H]2NC(=O)/C(=N\OC)/c3ccco3)COC(=O)N,510.4810000000003,-0.168299999999998,2.0,12.0,2.0,,,
3704,C[C@]12C[C@H](C3(C45[C@H]1C(=O)[C@@](O4)([C@@H]6CC=C7CC=CC(=O)[C@@]7(C6CCC5(C(=O)O3)O)C)O)C)OC(=O)C2=C,510.5390000000004,1.4590999999999996,2.0,9.0,1.0,,,
3705,Cn1c(nnn1)SCC2=C(N3[C@@H]([C@@H](C3=O)NC(=O)/C(=N\OC)/c4csc(n4)N)SC2)C(=O)[O-],510.5630000000003,-2.2044999999999977,2.0,15.0,2.0,,,
3706,CC1(OC[C@H](O1)COC(=O)CCc2ccc(cc2)OC[C@H](C[NH2+]CCNC(=O)N3CCOCC3)O)C,510.60800000000046,-0.3411999999999953,3.0,8.0,1.0,,,
3707,CC(C)C(=O)OCc1cccc(c1)OC(=O)[C@H]2C(S[C@H]3N2C(=O)[C@H]3NC(=O)Cc4ccccc4)(C)C,510.6120000000002,3.0810000000000013,1.0,7.0,1.0,,,
3708,CC(=O)O[C@H]1[C@H]([C@@H]2[C@]([C@H](CCC2(C)C)O)([C@@]3([C@@]1(O[C@@](CC3=O)(C)C=C)C)O)C)OC(=O)CC[NH+](C)C,510.64800000000037,0.605400000000003,3.0,8.0,1.0,,,
3709,CC[N+](CC)(CC)CCOc1cccc(c1OCC[N+](CC)(CC)CC)OCC[N+](CC)(CC)CC,510.82800000000054,5.452500000000006,0.0,3.0,2.0,,,
3710,c1cc(c(c(c1)F)C(=O)NC(=O)Nc2cc(c(cc2Cl)OC(C(C(F)(F)F)F)(F)F)Cl)F,511.152,6.105500000000001,2.0,3.0,2.0,,,
3711,C=C[C@H]1[C@@H](OC(=C2C1=C[C@H]3c4c(c5ccccc5[nH]4)CCN3C2=O)[O-])O[C@H]6[C@@H]([C@H]([C@@H]([C@H](O6)CO)O)O)O,511.5070000000003,-0.9193999999999993,5.0,9.0,1.0,,,
3712,CC1(C2CCC(C1C2)CCOCC[N+]3(CCOCC3)Cc4cc(c(cc4Br)OC)OC)C,511.52100000000024,5.292300000000005,0.0,4.0,2.0,,,
3713,CC1=C(N2[C@@H]([C@@H](C2=O)NC(=O)/C(=N\OC)/c3csc(n3)N)SC1)C(=O)OCOC(=O)C(C)(C)C,511.58200000000033,0.8397000000000001,2.0,12.0,2.0,,,
3714,CCCCCCCCCCCCCCCC[N+](C)(C)CCN(Cc1ccc(cc1)OC)c2ncccn2,511.81900000000024,8.049500000000009,0.0,4.0,2.0,,,
3715,COc1cc(ccc1O)C(=O)OCC23C4C(C=COC4OC5C(C(C(C(O5)CO)O)O)O)C(C2O3)O,512.4640000000002,-2.0113999999999974,6.0,13.0,3.0,,,
3716,CO/N=C(/c1csc(n1)N)\C(=O)N[C@H]2[C@@H]3N(C2=O)C(=C(CS3)CSc4cnns4)C(=O)[O-],512.6000000000003,-0.8764999999999998,2.0,14.0,2.0,,,
3717,CC1COC2(CC1C(Cl)Cl)C(C3C(O2)CC4C3(CCC5C4CC=C6C5([C@@H](C[C@@H](C6)O)O)C)C)C,513.5460000000004,5.714500000000008,2.0,4.0,2.0,,,
3718,CCCc1nc2c(cc(cc2n1Cc3ccc(cc3)c4ccccc4C(=O)[O-])c5nc6ccccc6n5C)C,513.6210000000002,5.929720000000006,0.0,6.0,2.0,,,
3719,CC(CC(C1C(O1)(C)C)OC(=O)C)C2=C3C[C@@H](C4[C@]5(CCC(=O)C(C5CC[C@@]4([C@]3(CC2)C)C)(C)C)C)O,514.7470000000005,6.410900000000009,1.0,5.0,2.0,,,
3720,c1cc(c(cc1/C=C/C(=O)O[C@@H]2CC[C@]([C@H]([C@@H]2O)O)(C(=O)[O-])OC(=O)/C=C/c3ccc(c(c3)O)O)O)O,515.4470000000002,-0.30510000000000137,6.0,12.0,3.0,,,
3721,CO/N=C(/c1nc(sn1)N)\C(=O)N[C@H]2[C@@H]3N(C2=O)C(=C(CS3)Cn4cc[n+]5c4cccn5)C(=O)[O-],515.5370000000003,-2.489899999999996,2.0,13.0,2.0,,,
3722,CC(C)COC(=O)OCN1C(=O)C[NH+](CC1=O)CCN2CC(=O)N(C(=O)C2)COC(=O)OCC(C)C,515.5400000000004,-1.5556999999999919,1.0,11.0,2.0,,,
3723,C[C@H]1[C@@H]2CC[C@]3([C@H]([C@]2(CC[C@H]1O)C)[C@@H](C[C@@H]\4[C@@]3(C[C@@H](/C4=C(/CCC=C(C)C)\C(=O)[O-])OC(=O)C)C)O)C,515.7110000000004,4.331400000000004,2.0,6.0,1.0,,,
3724,c1cc(c(cc1CCO[C@@H]2COC(=O)C[C@H]3[C@@H]2[C@@H](OC=C3C(=O)OCCc4ccc(c(c4)O)O)O)O)O,516.4990000000004,1.6344000000000007,5.0,11.0,2.0,,,
3725,Cc1c(c(c(c(c1O)C(=O)C)O)Cc2c(c3c(c(c2O)C(=O)/C=C/c4ccccc4)OC(C=C3)(C)C)O)O,516.5460000000002,5.396720000000008,5.0,8.0,2.0,,,
3726,Cc1c(c(c(c(c1O)C(=O)C)O)Cc2c(c3c(c4c2OC(CC4=O)c5ccccc5)OC(C=C3)(C)C)O)O,516.5460000000003,5.5015200000000055,4.0,8.0,2.0,,,
3727,CCN1CCN(C(=O)C1=O)C(=O)N[C@H](c2ccccc2)C(=O)N[C@H]3[C@@H]4N(C3=O)[C@H](C(S4)(C)C)C(=O)[O-],516.5560000000003,-1.5749999999999957,2.0,8.0,1.0,,,
3728,C[C@@]12C[C@H]([C@@H]([C@]1(CC(=O)[C@@]3([C@H]2CC=C4[C@H]3C[C@@H](C(=O)C4(C)C)O)C)C)[C@](C)(C(=O)/C=C/C(C)(C)O)O)O,516.6750000000003,2.9285000000000028,4.0,7.0,1.0,,,
3729,C[C@@]1(CC[C@@]2(CC[C@@]3(C(=CC[C@H]4[C@]3(CC[C@@H]5[C@@]4(C[C@@H]([C@@H]([C@@]5(C)CO)O)O)C)C)[C@@H]2C1)C)C(=O)[O-])C(=O)[O-],516.6750000000003,1.5721000000000003,3.0,7.0,1.0,,,
3730,CC(C)(C)c1cc(cc(c1O)C(C)(C)C)SC(C)(C)Sc2cc(c(c(c2)C(C)(C)C)O)C(C)(C)C,516.8570000000003,9.908299999999995,2.0,4.0,2.0,,,
3731,CCc1c(c2ccccc2o1)C(=O)c3cc(c(c(c3)I)[O-])I,517.0799999999999,4.509000000000002,0.0,3.0,1.0,,,
3732,C[C@]12CC[C@@H]3c4ccc(cc4CC[C@H]3[C@@H]1CC[C@@H]2OP(=O)([O-])[O-])OC(=O)N(CCCl)CCCl,518.3740000000003,4.035000000000003,0.0,6.0,1.0,,,
3733,Cn1c(nnn1)SCC2=C(N3[C@@H]([C@@](C3=O)(NC(=O)C(c4ccc(cc4)O)C(=O)[O-])OC)OC2)C(=O)[O-],518.4640000000003,-3.797099999999997,2.0,14.0,2.0,,,
3734,c1ccc(c(c1)CC(=O)N[C@H]2[C@@H]3N(C2=O)C(=C(CS3)CSc4nnnn4CC(=O)[O-])C(=O)[O-])C[NH3+],518.5570000000002,-4.096399999999997,2.0,12.0,2.0,,,
3735,Cn1c(nnn1)SCC2=C(N3[C@@H]([C@@](C3=O)(NC(=O)CSC[C@H](C(=O)[O-])[NH3+])OC)SC2)C(=O)[O-],518.5790000000003,-5.226199999999997,2.0,14.0,2.0,,,
3736,CCCC(=O)O[C@@]1([C@H](C[C@@H]2[C@@]1(C[C@@H]([C@]3([C@H]2CCC4=CC(=O)C=C[C@@]43C)F)O)C)C)C(=O)COC(=O)CC,518.6220000000003,4.207600000000004,1.0,7.0,1.0,,,
3737,CC[NH+](CC)CC(=O)O[C@H]1CC[C@@]2(C3CC[C@@]4([C@H](CC[C@@]4(C3CC[C@@]2(C1)O)O)C5=CC(=O)OC5)C)C=O,518.6710000000004,1.373800000000001,3.0,7.0,1.0,,,
3738,CC1C(C(CC(O1)OC2CCC3(C(C2)CCC4C3CCC5(C4(CCC5C6=CC(=O)OC6)O)C)C)OC)O,518.6910000000005,4.139400000000005,2.0,7.0,1.0,,,
3739,C[C@@H]1CC[C@@]23CCC(=O)[C@H]2[C@@]1([C@@H](C[C@@]([C@H]([C@@H]3C)O)(C)C=C)OC(=O)CSC4C[C@H]5CC[C@@H](C4)[NH+]5C)C,518.7840000000003,3.8342000000000027,2.0,5.0,1.0,,,
3740,C[C@H](Cn1cnc2c1ncnc2N)OCP(=O)(OCOC(=O)OC(C)C)OCOC(=O)OC(C)C,519.4480000000003,3.0356000000000014,1.0,15.0,2.0,,,
3741,CC1([C@@H]2[C@H]1[C@H](N(C2)C(=O)[C@H](C(C)(C)C)NC(=O)NC(C)(C)C)C(=O)NC(CC3CCC3)C(=O)C(=O)N)C,519.6870000000005,1.711200000000003,4.0,5.0,1.0,,,
3742,CC1=C(C(=O)C[C@]2([C@H]1C[C@@H]3[C@]45[C@@H]2[C@H]([C@@H]([C@]([C@@H]4[C@H](C(=O)O3)OC(=O)C=C(C)C)(OC5)C(=O)OC)O)O)C)O,520.5310000000004,0.5170000000000015,3.0,11.0,2.0,,,
3743,COc1cc(ccc1O)C[C@H]2COC(=O)[C@@H]2Cc3ccc(c(c3)OC)O[C@H]4[C@@H]([C@H]([C@@H]([C@H](O4)CO)O)O)O,520.5310000000002,0.16249999999999998,5.0,11.0,2.0,,,
3744,C[C@H]1[C@@H]([C@H](OC1=O)C)C[C@H]([C@@](C)([C@H]2CC[C@@]3([C@@]2(CC[C@H]4C3=CC(=O)[C@H]5[C@@]4(C[C@@H]([C@@H](C5)O)O)C)C)O)O)O,520.6630000000004,1.8906000000000014,5.0,8.0,1.0,,,
3745,CC1[C@H](C(C([C@H](O1)O[C@H]2CC[C@]3([C@@H](C2)CCC4C3CC[C@]5([C@@]4(CC[C@@H]5C6=CC(=O)OC6)O)C)C)O)O)O,520.6630000000004,2.4561000000000015,4.0,8.0,1.0,,,
3746,CC(C)(C)CC(C)(C)C1CCC(CC1)OCCOCCOCCOCCOCCOCCOCCO,520.7480000000006,4.116100000000006,1.0,8.0,1.0,,,
3747,CCC(=O)OCC(=O)[C@]1([C@H](C[C@@H]2[C@@]1(C[C@@H]([C@]3([C@H]2CCC4=CC(=O)C=C[C@@]43C)Cl)O)C)C)OC(=O)CC,521.0500000000003,4.086800000000004,1.0,7.0,1.0,,,
3748,CCC(=O)OCC(=O)[C@]1([C@@H](C[C@@H]2[C@@]1(C[C@@H]([C@H]3[C@H]2[C@@H](CC4=CC(=O)C=C[C@]34C)Cl)O)C)C)OC(=O)CC,521.0500000000003,3.942700000000003,1.0,7.0,1.0,,,
3749,C[C@@H]1C[C@H]2[C@@H]3CCC4=CC(=O)C=C[C@@]4([C@]3([C@H](C[C@@]2([C@]1(C(=O)CCl)OC(=O)c5ccco5)C)O)Cl)C,521.4370000000001,4.8692000000000055,1.0,6.0,1.0,,,
3750,CO/N=C(/c1csc(n1)N)\C(=O)N[C@H]2[C@@H]3N(C2=O)C(=C(CS3)CSC(=O)c4ccco4)C(=O)[O-],522.5660000000003,-0.35369999999999924,2.0,13.0,2.0,,,
3751,CCCSc1nc(c2c(n1)n(nn2)[C@@H]3C[C@@H]([C@H]([C@H]3O)O)OCCO)N[C@@H]4C[C@H]4c5ccc(c(c5)F)F,522.5780000000003,2.0136999999999996,4.0,11.0,2.0,,,
3752,C[C@@H](C1=CCC23C1(C[C@H](C45C2=CC[C@H]6[C@@]4(CC[C@@](C6)(O5)O)C)O)C[NH+](CCO3)C)OC(=O)c7ccccc7,522.6620000000003,2.1908000000000003,3.0,6.0,1.0,,,
3753,CCOc1ccc(cc1)CC(CN(CC[NH+](CC(=O)[O-])CC(=O)[O-])CC(=O)[O-])[NH+](CC(=O)[O-])CC(=O)[O-],524.5030000000004,-10.182300000000017,2.0,12.0,2.0,,,
3754,C[C@H](CCCC(C(F)(F)F)(C(F)(F)F)O)[C@H]1CC[C@@H]\2[C@@]1(CCC/C2=C\C=C/3\C[C@H](C[C@@H](C3=C)O)O)C,524.5860000000005,6.789500000000008,3.0,3.0,2.0,,,
3755,CCCCCCCCCCCCCCCC(=O)OC/C=C(\C)/C=C/C=C(\C)/C=C/C1=C(CCCC1(C)C)C,524.8740000000004,11.542499999999986,0.0,2.0,2.0,,,
3756,c1cc(ccc1C(CCC[NH+]2CCC(CC2)(c3ccc(c(c3)C(F)(F)F)Cl)O)c4ccc(cc4)F)F,524.9810000000001,6.115600000000006,2.0,1.0,2.0,,,
3757,C[NH+](C)CCn1c(nnn1)SCC2=C(N3[C@@H]([C@@H](C3=O)NC(=O)Cc4csc(n4)N)SC2)C(=O)[O-],525.6420000000003,-3.404999999999993,3.0,13.0,2.0,,,
3758,C[C@H]1[C@H]([C@H](C[C@@H](O1)O[C@H]2C[C@@](Cc3c2c(c4c(c3[O-])C(=O)c5cccc(c5C4=O)OC)[O-])(C(=O)C)O)[NH3+])O,526.5180000000003,-0.9518999999999966,3.0,10.0,1.0,,,
3759,CC12CC3C4(C56C1C(=O)C(O5)(C7CC8C9(O8)CC=CC(=O)C9(C7CCC6(C(=O)O4)O)C)OCC2C(=O)O3)C,526.5380000000004,0.7682000000000004,1.0,10.0,1.0,,,
3760,C[C@]1(c2cccc(c2C(=O)C3=C([C@]4([C@@H](C[C@@H]31)[C@@H](C(=C(C4=O)C(=O)NC[NH+]5CCCC5)[O-])[NH+](C)C)O)[O-])[O-])O,526.5660000000004,-5.391799999999999,5.0,8.0,1.0,,,
3761,CC1(c2ccc(cc2C(=O)N(C1=O)CCc3ccc(cc3)S(=O)(=O)[N-]C(=O)NC4CCCCC4)OC)C,526.6350000000003,4.3026000000000035,1.0,6.0,1.0,,,
3762,CC(C)C(=C)CC[C@H]([C@H]1[C@@H](C[C@@]2([C@@]1(CCC3=C2CC[C@@H]4[C@@]3(CC[C@@H](C4(C)C)OC(=O)C)C)C)C)O)C(=O)[O-],527.7660000000003,5.996700000000007,1.0,5.0,2.0,,,
3763,c1ccc(cc1)C(=O)O[C@@H]2[C@H]([C@@H]([C@H](O[C@H]2Oc3ccccc3COC(=O)C4(C=CCCC4=O)O)CO)O)O,528.5100000000004,0.4233999999999996,4.0,11.0,2.0,,,
3764,C[C@]12CC[C@H]3[C@H]([C@@H]1CC[C@@H]2C(=O)Nc4cc(ccc4C(F)(F)F)C(F)(F)F)CC[C@@H]5[C@@]3(C=CC(=O)N5)C,528.5370000000001,6.576100000000006,2.0,2.0,2.0,,,
3765,c1ccc2c(c1)[C@H](c3ccccc3[C@H]4[C@@H]2C4(F)F)N5CC[NH+](CC5)C[C@H](COc6cccc7c6cccn7)O,528.6230000000004,3.794300000000003,2.0,4.0,1.0,,,
3766,CC1=C(C(=O)O[C@H](C1)[C@@H](C)C2=C[C@@H]([C@@]3([C@@]2(CC[C@H]4[C@H]3C[C@H]([C@@]5([C@@]4(C(=O)C=CC5)C)O)O)C)O)OC(=O)C)C,528.6420000000003,2.9407000000000023,3.0,8.0,1.0,,,
3767,Cc1ccc(cc1Nc2nccc(n2)c3cccnc3)C(=O)Nc4cc(cc(c4)n5cc(nc5)C)C(F)(F)F,529.5260000000002,6.355840000000003,2.0,7.0,2.0,,,
3768,Cc1c(c(c(c2c1O[C@](CC2)(C)CCC[C@H](C)CCC[C@H](C)CCCC(C)C)C)OC(=O)CCC(=O)[O-])C,529.7820000000004,7.5701600000000075,0.0,5.0,2.0,,,
3769,CCCC[NH+](CCCC)CC(c1cc(cc\2c1-c3ccc(cc3/C2=C/c4ccc(cc4)Cl)Cl)Cl)O,529.9590000000002,7.734600000000006,2.0,1.0,2.0,,,
3770,CC(=O)O[C@H]1[C@H](C[C@@H]2[C@@]1(CC[C@H]3[C@H]2CC[C@@H]4[C@@]3(C[C@@H]([C@H](C4)O)[NH+]5CCOCC5)C)C)[N+]6(CCCC6)CC=C,530.7940000000004,2.990400000000003,2.0,4.0,1.0,,,
3771,CC(=O)N1CCN(CC1)c2ccc(cc2)OC[C@H]3CO[C@](O3)(Cn4ccnc4)c5ccc(cc5Cl)Cl,531.4400000000003,4.205800000000003,0.0,7.0,1.0,,,
3772,c1ccc(cc1)[C@H](C(=O)N[C@H]2[C@@H]3N(C2=O)C(=C(CS3)C[n+]4ccc(cc4)C(=O)N)C(=O)[O-])S(=O)(=O)[O-],531.5480000000002,-2.2365999999999975,2.0,9.0,1.0,,,
3773,COC1C(OC(C(C1O)O)OC2C(OC(C(C2O)O)OC3C(OC(C(C3O)O)OC)CO)CO)CO,532.4920000000003,-6.264799999999988,9.0,16.0,3.0,,,
3774,CC(C)(CC[C@@](CC(=O)OC)(C(=O)O[C@H]1[C@H]2c3cc4c(cc3CC[NH+]5[C@@]2(CCC5)C=C1OC)OCO4)O)O,532.6100000000006,0.7735000000000016,3.0,9.0,1.0,,,
3775,CC(C)CC[C@@]([C@@H](C(=O)OC)O)(C(=O)O[C@H]1[C@H]2c3cc4c(cc3CC[NH+]5[C@@]2(CCC5)C=C1OC)OCO4)O,532.6100000000005,0.6294000000000013,3.0,9.0,1.0,,,
3776,C[C@@H]1C[C@@H]([C@]2([C@@H](O1)O[C@@H]3C[C@@H]4CC[C@@H]5[C@@H]([C@]4(C[C@H]3O2)C=O)CC[C@]6([C@@]5(CC[C@@H]6C7=CC(=O)OC7)O)C)O)O,532.6300000000005,2.0007,3.0,9.0,1.0,,,
3777,C[C@]12C[C@@H]([C@]3([C@H]([C@@H]1C[C@@H]4[C@]2(OC(O4)(C)C)C(=O)COC(=O)CC(C)(C)C)CCC5=CC(=O)C=C[C@@]53C)F)O,532.6490000000005,4.405900000000004,1.0,7.0,1.0,,,
3778,c1ccc2c(c1)C(=O)c3ccc(c(c3C2=O)[O-])O[C@H]4[C@@H]([C@H]([C@@H]([C@H](O4)CO[C@H]5[C@@H]([C@H]([C@@H](CO5)O)O)O)O)O)O,533.4620000000002,-2.822399999999998,6.0,13.0,3.0,,,
3779,CC(C)[NH+]1CCN(CC1)c2ccc(cc2)OC[C@H]3CO[C@](O3)(Cn4cncn4)c5ccc(cc5Cl)Cl,533.4800000000002,3.045600000000003,1.0,7.0,1.0,,,
3780,c1cn(c(=O)[nH]c1=O)[C@H]2[C@@H]([C@@H]([C@H](O2)COP(=O)([O-])OP(=O)([O-])O[C@@H]3[C@@H]([C@H]([C@H](CO3)O)O)O)O)O,534.2600000000003,-5.418599999999993,6.0,17.0,3.0,,,
3781,C[C@@H]1[C@@H]2[C@H]([C@@H]([C@@H]1OC(=O)/C=C/c3ccccc3)O)C(=CO[C@H]2OC4CC(C(C(C4O)O)O)CO)C(=O)OC,534.5580000000002,-0.2520999999999993,5.0,11.0,2.0,,,
3782,COc1ccc(cc1OC)[C@H]2[C@H]3CO[C@@H]([C@H]3CO2)c4ccc(c(c4)OC)O[C@H]5[C@@H]([C@H]([C@@H]([C@H](O5)CO)O)O)O,534.5580000000003,0.9662999999999995,4.0,11.0,2.0,,,
3783,CC1[C@H](C(C[C@H](O1)O[C@H]2CC[C@]3([C@@H](C2)CCC4C3CC[C@]5([C@@]4(C[C@@H]([C@@H]5C6=CC(=O)OC6)O)O)C)C)OC)O,534.6900000000004,3.110200000000003,3.0,8.0,1.0,,,
3784,C[C@H](c1cc(cc(c1)C(F)(F)F)C(F)(F)F)O[C@@H]2[C@@H]([NH+](CCO2)Cc3[nH]c(=O)[nH]n3)c4ccc(cc4)F,535.4400000000003,3.535000000000001,3.0,4.0,1.0,,,
3785,Cc1c(c(c(c2c1O[C@](CC2)(C)CCC[C@H](C)CCC[C@H](C)CCCC(C)C)C)OC(=O)c3cccnc3)C,535.8130000000003,9.748859999999997,0.0,4.0,2.0,,,
3786,C[C@H]1Cc2cc3c(c(c2-c4c(cc(c(c4OC)OC)OC)[C@H]([C@]1(C)O)OC(=O)c5ccccc5)OC)OCO3,536.5770000000002,4.958000000000005,1.0,9.0,1.0,,,
3787,C[C@@H]1[C@H]([C@H](C[C@@H](O1)O[C@H]2CC[C@@]3(C4CC[C@@]5(C(CC[C@@]5(C4CC[C@@]3(C2)O)O)C6=CC(=O)OC6)C)CO)O)O,536.6620000000005,1.5726,5.0,9.0,1.0,,,
3788,CC1[C@H](C(C([C@@H](O1)O[C@H]2CC[C@@]3(C4CC[C@@]5([C@H](CC[C@@]5(C4CC[C@@]3(C2)O)O)C6=CC(=O)OC6)C)C)O)O)O,536.6620000000005,1.5710000000000002,5.0,9.0,1.0,,,
3789,CC1=C(C(CCC1)(C)C)/C=C/C(=C/C=C/C(=C/C=C/C=C(/C=C/C=C(/C=C/C2=C(CCCC2(C)C)C)\C)\C)/C)/C,536.8880000000004,12.605799999999977,0.0,0.0,2.0,,,
3790,CC1=C(C(CCC1)(C)C)/C=C/C(=C/C=C/C(=C/C=C/C=C(\C)/C=C/C=C(\C)/C=C/C2C(=CCCC2(C)C)C)/C)/C,536.8880000000004,12.46169999999998,0.0,0.0,2.0,,,
3791,CC(=CCC/C(=C/C=C/C(=C/C=C/C(=C/C=C/C=C(/C=C/C=C(/C=C/C=C(/CCC=C(C)C)\C)\C)\C)/C)/C)/C)C,536.8880000000004,12.937999999999976,0.0,0.0,2.0,,,
3792,CC[N+](CC)(CCNC(=O)C(=O)NCC[N+](CC)(CC)Cc1ccccc1Cl)Cc2ccccc2Cl,537.5760000000002,4.639200000000005,2.0,2.0,1.0,,,
3793,CC1([C@@H](N2[C@H](S1)[C@@H](C2=O)NC(=O)[C@@H](c3ccccc3)NC(=O)N4CCN(C4=O)S(=O)(=O)C)C(=O)[O-])C,538.5840000000003,-1.5684999999999967,2.0,9.0,1.0,,,
3794,C[C@@H]1C[C@H]2[C@@H]3C[C@@H](C4=CC(=O)C=C[C@@]4([C@]3([C@H](C[C@@]2([C@]1(C(=O)SCF)OC(=O)c5ccco5)C)O)F)C)F,538.5840000000003,4.926800000000005,1.0,7.0,1.0,,,
3795,c1ccc(cc1)[C@H](C(=O)N[C@H]2[C@@H]3N(C2=O)C(=C(CS3)CSc4nnnn4CS(=O)(=O)[O-])C(=O)[O-])O,540.5610000000003,-2.5945999999999967,2.0,14.0,2.0,,,
3796,C[C@@H]1[C@H]([C@]2([C@H]3[C@H]4[C@]1(C5C=C(C(=O)[C@]5([C@@H]([C@@]6([C@H]4O6)CO)O)O)C)O[C@](O3)(O2)c7ccccc7)C(=C)C)OC(=O)C,540.5650000000002,0.8745000000000005,3.0,10.0,1.0,,,
3797,COc1ccc(cc1O)/C=C/C(=O)OC2CC34CC[NH2+]C35CC(c6c4c(c(cc6)OC)O)OC5(C2OC)OC,540.5890000000003,1.9202999999999995,3.0,9.0,1.0,,,
3798,CC1=C2[C@@H](C[C@H]1c3ccoc3)O[C@H]4[C@@]2([C@@H]([C@@]5([C@@H]([C@H]4OC(=O)C)[C@](C=CC5=O)(C)C(=O)OC)C)CC(=O)OC)C,540.6090000000004,3.922400000000003,0.0,9.0,1.0,,,
3799,CC(C)C(=O)OCC(=O)[C@@]12[C@@H](C[C@@H]3[C@@]1(C[C@@H]([C@H]4[C@H]3CCC5=CC(=O)C=C[C@]45C)O)C)O[C@H](O2)C6CCCCC6,540.6970000000002,4.703900000000004,1.0,7.0,1.0,,,
3800,C/C=C\1/C(=O)N[C@H](C(=O)O[C@H]\2CC(=O)N[C@@H](C(=O)N[C@H](CSSCC/C=C2)C(=O)N1)C(C)C)C(C)C,540.7080000000002,1.4296000000000006,4.0,8.0,1.0,,,
3801,C[C@H]1[C@H]([C@H](C[C@@H](O1)O[C@H]2C[C@@](Cc3c2c(c4c(c3[O-])C(=O)c5cccc(c5C4=O)OC)[O-])(C(=O)CO)O)[NH3+])O,542.5170000000003,-1.9794999999999963,4.0,11.0,2.0,,,
3802,C[C@H]1[C@@H]([C@H](C[C@@H](O1)O[C@H]2C[C@@](Cc3c2c(c4c(c3[O-])C(=O)c5cccc(c5C4=O)OC)[O-])(C(=O)CO)O)[NH3+])O,542.5170000000003,-1.9794999999999963,4.0,11.0,2.0,,,
3803,[C@H]1([C@H]([C@H](O[C@@H]([C@@H]1OC2[C@@H]([C@H]([C@H]([C@H](O2)C(=O)[O-])OC3[C@@H]([C@H]([C@H]([C@H](O3)C(=O)[O-])O)O)O)O)O)C(=O)[O-])O)O)O,543.3630000000003,-11.300200000000007,8.0,19.0,3.0,,,
3804,CCN(CC)c1ccc(cc1)C(=C2C=CC(=[N+](CC)CC)C=C2)c3cc(ccc3S(=O)(=O)[O-])S(=O)(=O)[O-],543.6870000000002,3.7622000000000027,0.0,7.0,1.0,,,
3805,CC1=C2[C@H](C(=O)[C@@]3([C@H](C[C@@H]4[C@]([C@H]3[C@@H]([C@@](C2(C)C)(C[C@@H]1O)O)OC(=O)c5ccccc5)(CO4)OC(=O)C)O)C)O,544.5970000000003,1.0818,4.0,10.0,1.0,,,
3806,Cc1ncc(c(n1)N)CN(C=O)/C(=C(/CCO)\SSCCC(CCCCC(=O)OC)SC(=O)C)/C,544.7650000000003,4.092720000000004,2.0,11.0,2.0,,,
3807,CC(C)(C(=O)[O-])O/N=C(/c1csc(n1)N)\C(=O)N[C@H]2[C@@H]3N(C2=O)C(=C(CS3)C[n+]4ccccc4)C(=O)[O-],545.5790000000003,-2.6338999999999935,2.0,12.0,2.0,,,
3808,CC(C)CN(C[C@H]([C@H](Cc1ccccc1)NC(=O)O[C@H]2CO[C@@H]3[C@H]2CCO3)O)S(=O)(=O)c4ccc(cc4)N,547.6740000000003,2.3752999999999997,3.0,8.0,1.0,,,
3809,CC1C(C(CC(O1)OC2CCC3(C(C2)CCC4C3C(=O)C(C5(C4(CCC5C6=CC(=O)OC6)O)C)O)C)OC)O,548.6730000000003,2.2892000000000006,3.0,9.0,1.0,,,
3810,CC1[C@H](C(C[C@H](O1)O[C@H]2CC[C@]3([C@@H](C2)CCC4C3[C@@H](C[C@]5([C@@]4(CC[C@@H]5C6=CC(=O)OC6)O)C)O)C=O)OC)O,548.6730000000003,2.2892000000000006,3.0,9.0,1.0,,,
3811,CC1C(C(CC(O1)OC2CCC3(C(C2)CCC4C3C(C(=O)C5(C4(CCC5C6=CC(=O)OC6)O)C)O)C)OC)O,548.6730000000003,2.2892000000000006,3.0,9.0,1.0,,,
3812,Cc1cc(c(cc1c2cc(c(cc2C)OI)C(C)C)C(C)C)OI,550.2180000000001,7.674840000000004,0.0,2.0,2.0,,,
3813,COc1ccc(cc1OC)CC2COC(=O)C2Cc3cc4c(c(c3)OC)OC(C4CO)c5ccc(c(c5)OC)O,550.6040000000003,4.210600000000005,2.0,9.0,1.0,,,
3814,CC(C)(C)c1ccc(cc1)S(=O)(=O)[N-]c2c(c(nc(n2)c3ncccn3)OCCO)Oc4ccccc4OC,550.6170000000002,4.797200000000004,1.0,10.0,1.0,,,
3815,C[C@H]1[C@@H]([C@H]([C@H]([C@@H](O1)O[C@H]2CC[C@@]3([C@H]4CC[C@@]5([C@H](CC[C@@]5([C@@H]4CC[C@@]3(C2)O)O)C6=CC(=O)OC6)C)C=O)O)O)O,550.6450000000006,0.75,5.0,10.0,1.0,,,
3816,CC1[C@H](C(C([C@@H](O1)O[C@H]2CC[C@@]3(C4CC[C@@]5([C@H](CC[C@@]5(C4CC[C@@]3(C2)O)O)C6=CC(=O)OC6)C)C=O)O)O)O,550.6450000000006,0.75,5.0,10.0,1.0,,,
3817,CCCCCCC(=O)OCCN1CC[NH+](CC1)CCCN2c3ccccc3Sc4c2cc(cc4)C(F)(F)F,550.7110000000004,5.412300000000006,1.0,5.0,2.0,,,
3818,COc1ccc(cc1)c2cc(=O)c3c(cc(c(c3o2)c4cc(ccc4O)C5CC(=O)c6c(cc(cc6O5)O)[O-])O)[O-],552.4910000000003,4.106100000000007,3.0,10.0,1.0,,,
3819,CC1[C@H](C(C([C@H](O1)O[C@H]2CC[C@@]3(C4CC[C@@]5([C@H](CC[C@@]5(C4CC[C@@]3(C2)O)O)C6=CC(=O)OC6)C)CO)O)O)O,552.6610000000005,0.5434000000000005,6.0,10.0,2.0,,,
3820,CC1C(C(C(C(O1)O[C@H]2CC[C@@]3(C4C[C@H]([C@@]5([C@H](CC[C@@]5([C@@H]4CC[C@@]3(C2)O)O)C6=CC(=O)OC6)C)O)C)O)O)O,552.6610000000005,0.5418000000000007,6.0,10.0,2.0,,,
3821,C[C@H]1C[C@]2([C@@H]([C@H]1OC(=O)Cc3ccccc3)[C@@H]([C@@]4(CC[C@H]5[C@@H](C5(C)C)/C=C(/C2=O)\C)CO4)OC(=O)C)OC(=O)C,552.6640000000003,4.380900000000004,0.0,8.0,1.0,,,
3822,CC(C)[C@@H](Cc1ccc(c(c1)OCCCOC)OC)C[C@@H]([C@H](C[C@@H](C(C)C)C(=O)NCC(C)(C)C(=O)N)O)[NH3+],552.7770000000003,2.5767000000000038,4.0,6.0,1.0,,,
3823,CC1=CCCC(C1/C=C/C(=C\C=C/C(=C/C=C/C=C(\C)/C=C\C=C(\C)/C=C/C23C(CCCC2(O3)C)(C)C)/C)/C)(C)C,552.8870000000004,11.672899999999986,0.0,1.0,2.0,,,
3824,CC1=C(C(CCC1)(C)C)C=CC(=CC=CC(=CC=CC=C(C)C=CC=C(C)C=CC2=C(CC(CC2(C)C)O)C)C)C,552.8870000000003,11.576599999999983,1.0,1.0,2.0,,,
3825,Cn1c(nc(=O)c(=O)[nH]1)SCC2=C(N3[C@@H]([C@@H](C3=O)NC(=O)/C(=N\OC)/c4csc(n4)N)SC2)C(=O)[O-],553.5840000000003,-2.9459999999999953,3.0,15.0,2.0,,,
3826,CN(C)c1ccc(cc1)C(=C2C=CC(=[N+](C)C)C=C2)c3c4ccc(cc4cc(c3O)S(=O)(=O)[O-])S(=O)(=O)[O-],553.6380000000003,3.060600000000002,1.0,8.0,1.0,,,
3827,CC(=CCc1c(ccc2c1oc(=O)cc2)O[C@H]3[C@@H]([C@H]([C@@H]([C@H](O3)CO[C@H]4[C@@H]([C@H]([C@@H]([C@H](O4)CO)O)O)O)O)O)O)C,554.5450000000003,-1.6953999999999982,7.0,13.0,3.0,,,
3828,CC(=O)Nc1c(cc(c(c1I)C(=O)[O-])I)I,555.855,1.8222999999999998,1.0,3.0,1.0,,,
3829,CCCCCCCCCC(=O)OCCN1CC[NH+](CC1)CC/C=C\2/c3ccccc3Sc4c2cc(cc4)Cl,556.2360000000003,6.510800000000008,1.0,4.0,2.0,,,
3830,c1cc(cnc1)C(=O)OCC(COC(=O)c2cccnc2)(COC(=O)c3cccnc3)COC(=O)c4cccnc4,556.5310000000003,2.9808000000000012,0.0,12.0,2.0,,,
3831,CC[N+](C)(C/C=C/C1=C(N2[C@@H]([C@@H](C2=O)NC(=O)/C(=N\OCF)/c3nc(sn3)N)SC1)C(=O)[O-])CC(=O)N,556.6020000000002,-2.3200999999999956,3.0,12.0,2.0,,,
3832,CC(=O)OC(C)(C)/C=C/C(=O)[C@@](C)([C@H]1[C@@H](C[C@@]2([C@@]1(CC(=O)[C@@]3([C@H]2CC=C4[C@H]3C=C(C(=O)C4(C)C)O)C)C)C)O)O,556.6960000000005,4.190200000000004,3.0,8.0,1.0,,,
3833,CN(CCCCCCCCCCN(C)C(=O)Oc1cccc(c1)[N+](C)(C)C)C(=O)Oc2cccc(c2)[N+](C)(C)C,556.7920000000001,6.762200000000008,0.0,4.0,2.0,,,
3834,CCCc1nc(c(n1Cc2ccc(cc2)c3ccccc3c4n[n-]nn4)C(=O)OCc5c(oc(=O)o5)C)C(C)(C)O,557.5870000000004,3.7991200000000025,1.0,11.0,2.0,,,
3835,CC(C)OC(=O)OC(C)OC(=O)C1=C(CS[C@H]2N1C(=O)[C@H]2NC(=O)/C(=N\OC)/c3csc(n3)N)COC,557.6070000000001,0.8270000000000005,2.0,14.0,2.0,,,
3836,CC(C)c1c(c(c(n1CC[C@H](C[C@H](CC(=O)[O-])O)O)c2ccc(cc2)F)c3ccccc3)C(=O)Nc4ccccc4,557.6420000000002,4.978900000000006,3.0,6.0,1.0,,,
3837,CCCCc1c(c2cc(ccc2o1)NS(=O)(=O)C)C(=O)c3ccc(cc3)OCCC[NH+](CCCC)CCCC,557.7770000000002,5.631900000000005,2.0,5.0,2.0,,,
3838,C[C@@H](C(=O)N[C@@H](C)C(=O)NC1[C@H]2[C@@H]1CN(C2)c3c(cc4c(=O)c(cn(c4n3)c5ccc(cc5F)F)C(=O)[O-])F)[NH3+],558.5170000000002,-1.1475999999999966,3.0,8.0,1.0,,,
3839,CC(=O)OC(C)(C)/C=C/C(=O)C(C)(C1C(CC2(C1(CC(=O)C3(C2CC=C4C3CC(=O)C(C4(C)C)O)C)C)C)O)O,558.7120000000004,3.4993000000000034,3.0,8.0,1.0,,,
3840,CC(=O)O[C@H]1C[C@@H]2CC[C@@H]3[C@@H]([C@]2(C[C@@H]1[NH+]4CCCCC4)C)CC[C@]5([C@H]3C[C@@H]([C@@H]5OC(=O)C)[N+]6(CCCCC6)C)C,558.8480000000003,4.5488000000000035,1.0,4.0,1.0,,,
3841,Cc1c2cc3nc(cc4nc(cc5c(c(c([nH]5)cc(c1CCC(=O)[O-])[nH]2)CCC(=O)[O-])C)C(=C4C)C=C)C(=C3C)C=C,560.6540000000003,4.530040000000004,2.0,6.0,1.0,,,
3842,CC1(C2(C(=O)/C(=C\c3ccc(cc3)/C=C/4\C(=O)C5(C(C4CC5)(C)C)CS(=O)(=O)[O-])/C1CC2)CS(=O)(=O)[O-])C,560.6900000000004,3.554400000000002,0.0,8.0,1.0,,,
3843,CC(=O)N(CCCCCNC(=O)CCC(=O)N(CCCCCNC(=O)CCC(=O)N(CCCCC[NH3+])O)O)O,561.7010000000007,0.2053000000000058,6.0,8.0,2.0,,,
3844,CCC(=O)OC(C(C)C)OP(=O)(CCCCc1ccccc1)CC(=O)N2C[C@@H](C[C@H]2C(=O)[O-])C3CCCCC3,562.664,4.7866000000000035,0.0,7.0,1.0,,,
3845,C[C@H]1[C@H](OC2C(C1=O)C(=O)C(=C(C2(CC=C(C)C)CC(=C(C)C)CCC(C)C)[O-])C(CC(=O)[O-])c3ccccc3)C,562.7470000000004,5.221400000000005,0.0,6.0,2.0,,,
3846,CCCCCCCCCCCCCCCCCCCCCCCCCCCCCCCCCCCCCCCC,563.0960000000005,15.849999999999959,0.0,0.0,2.0,,,
3847,c1cc(ccc1c2cc(=O)c3c(cc(cc3o2)O[C@H]4[C@@H]([C@H]([C@@H]([C@H](O4)CO)O)O)O[C@H]5[C@@H]([C@](CO5)(CO)O)O)[O-])O,563.4880000000004,-2.1171999999999986,7.0,14.0,3.0,,,
3848,CC(=O)N[C@H]1CCc2cc(c(c(c2-c3c1cc(=O)c(cc3)SC)OC)OC)O[C@H]4[C@@H]([C@H]([C@@H]([C@H](O4)CO)O)O)O,563.6250000000005,0.7549999999999999,5.0,11.0,2.0,,,
3849,CC(C)[C@H]1C(=O)N2CCC[C@H]2[C@]3(N1C(=O)[C@](O3)(C(C)C)NC(=O)[C@@H]4C[C@@H]5c6cccc7c6c(c[nH]7)C[C@H]5[NH+](C4)C)O,564.7070000000002,0.7134000000000034,4.0,5.0,1.0,,,
3850,CCCCCCCCCCCCCCCCCCCCCC(=O)Nc1ccn(c(=O)n1)[C@H]2[C@H]([C@@H]([C@H](O2)CO)O)O,565.7960000000003,5.615200000000007,4.0,8.0,2.0,,,
3851,CC1[C@H](C(C([C@@H](O1)O[C@H]2CC[C@@]3(C4C[C@H]([C@@]5([C@H](CC[C@@]5(C4CC[C@@]3(C2)O)O)C6=CC(=O)OC6)C)O)C=O)O)O)O,566.6440000000006,-0.27919999999999817,6.0,11.0,3.0,,,
3852,CCOc1nc2cccc(c2n1Cc3ccc(cc3)c4ccccc4c5[nH]oc(=O)n5)C(=O)OCc6c(oc(=O)o6)C,568.5420000000004,4.705220000000004,1.0,11.0,2.0,,,
3853,C[C@]12CC[C@](C[C@H]1C3=CC(=O)[C@@H]4[C@]5(CC[C@@H](C([C@@H]5CC[C@]4([C@@]3(CC2)C)C)(C)C)OC(=O)CCC(=O)[O-])C)(C)C(=O)[O-],568.7510000000004,4.158900000000003,0.0,7.0,1.0,,,
3854,Cc1c(cccc1O)C(=O)N[C@@H](CSc2ccccc2)[C@@H](C[NH+]3C[C@H]4CCCC[C@H]4C[C@H]3C(=O)NC(C)(C)C)O,568.8040000000003,3.3305200000000013,5.0,5.0,1.0,,,
3855,CC1=C(C(C[C@@H](C1)O)(C)C)/C=C/C(=C/C=C/C(=C/C=C/C=C(/C=C/C=C(/C=C/C2=C(C[C@H](CC2(C)C)O)C)\C)\C)/C)/C,568.8860000000002,10.547399999999993,2.0,2.0,2.0,,,
3856,CC1=C(C(C[C@@H](C1)O)(C)C)/C=C/C(=C/C=C/C(=C/C=C/C=C(\C)/C=C/C=C(\C)/C=C/[C@H]2C(=C[C@@H](CC2(C)C)O)C)/C)/C,568.8860000000002,10.403299999999993,2.0,2.0,2.0,,,
3857,CCC(Cc1c(cc(c(c1I)N)I)I)C(=O)[O-],569.926,2.4012000000000002,1.0,3.0,1.0,,,
3858,CC(C)([C@H]1Cc2cc3ccc(=O)oc3cc2O1)O[C@H]4[C@@H]([C@H]([C@@H]([C@H](O4)CO)O[C@@H]5[C@@H]([C@H]([C@@H]([C@H](O5)CO)O)O)O)O)O,570.5440000000004,-2.4841999999999973,7.0,14.0,3.0,,,
3859,C[C@@]12[C@@H]([C@@H](C[C@@H](O1)n3c4ccccc4c5c3c6n2c7ccccc7c6c8c5C(=O)NC8)N(C)C(=O)c9ccccc9)OC,570.6490000000003,5.906800000000007,1.0,6.0,2.0,,,
3860,C[NH+]1CCC23c4c5cc(c(c4OC2C(C=CC3C1C5)O)O)c6cc7c8c(c6O)OC9C81CC[NH+](C(C7)C1C=CC9O)C,570.6860000000004,-0.45759999999999734,6.0,6.0,2.0,,,
3861,CC(C)c1c2c(cc(c1O)c3cc4c(c(c3O)C(C)C)CCC5[C@@]4(CCCC5(C)C)C)[C@]6(CCCC(C6CC2)(C)C)C,570.9020000000004,11.07199999999999,2.0,2.0,2.0,,,
3862,CC(=O)O[C@H]1C[C@@H]2CC[C@@H]3[C@@H]([C@]2(C[C@@H]1[N+]4(CCCCC4)C)C)CC[C@]5([C@H]3C[C@@H]([C@@H]5OC(=O)C)[N+]6(CCCCC6)C)C,572.8750000000002,6.110500000000007,0.0,4.0,2.0,,,
3863,Cn1c(nnn1)SCC2=C(N3[C@@H]([C@@](C3=O)(NC(=O)C4SC(=C(C(=O)N)C(=O)[O-])S4)OC)SC2)C(=O)[O-],573.6160000000002,-4.066899999999997,2.0,16.0,2.0,,,
3864,C[C@@]1(CO[C@@H]([C@@H]([C@H]1[NH2+]C)O)O[C@H]2[C@@H](C[C@@H]([C@H]([C@@H]2O)O[C@@H]3[C@@H]([C@H]([C@@H]([C@H](O3)C[NH3+])O)O)O)[NH3+])NC(=O)[C@H](C[NH3+])O)O,573.6410000000002,-10.701000000000016,12.0,12.0,3.0,,,
3865,CC(=O)O[C@@H]1C[C@@H]([C@@]23CO[C@H](C1([C@@H]2C[C@H]([C@@]4([C@@H]3C(=O)[C@@H]([C@@]5([C@]46[C@H](O6)C[C@H]5c7ccoc7)C)OC(=O)C)C)O)C)O)O,574.6230000000005,1.4661,3.0,11.0,2.0,,,
3866,CC1CC(C2(C(O1)OC3CC4CCC5C(C4(CC3O2)C=O)CCC6(C5(CCC6C7=CC(=O)OC7)O)C)O)OC(=O)C,574.6670000000004,2.5715000000000003,2.0,10.0,1.0,,,
3867,Cc1ccccc1S(=O)(=O)[N-]C(=O)c2ccc(c(c2)OC)Cc3cn(c4c3cc(cc4)NC(=O)OC5CCCC5)C,574.679,6.480020000000006,1.0,7.0,2.0,,,
3868,Cc1c(c(c(c2c1OC(CC2)(C)CCCC(C)CCCC(C)CCCC(C)C)C)OC(=O)CCC(=O)OCCO)C,574.8430000000003,8.355760000000005,1.0,6.0,2.0,,,
3869,C[C@@H]1C[C@H]2[C@@H]3CCC4=CC(=O)C=C[C@@]4([C@]3([C@H](C[C@@]2([C@]1(C(=O)COC(=O)c5cccc(c5)S(=O)(=O)[O-])O)C)O)F)C,575.6310000000003,2.664500000000001,2.0,9.0,1.0,,,
3870,C[C@H]1[C@@H]([C@H](C[C@@H](O1)O[C@H]2CC[C@]3([C@@H](C2)CC[C@@H]4[C@@H]3CC[C@]5([C@@]4(C[C@@H]([C@@H]5C6=CC(=O)OC6)OC(=O)C)O)C)C)OC)O,576.7270000000004,3.681000000000003,2.0,9.0,1.0,,,
3871,CC(=O)O[C@H]1[C@@H]([C@]2(CC(=O)[C@@]3([C@H]([C@@]2([C@H]1O)C)CC=C4[C@H]3C[C@@H]([C@H](C4(C)C)O)O)C)C)[C@](C)(C(=O)/C=C/C(C)(C)O)O,576.7270000000003,2.2619000000000007,5.0,9.0,1.0,,,
3872,C[C@@H]1CC[C@@]2([C@H]([C@H]3[C@@H](O2)C[C@@H]4[C@@]3(CC[C@H]5[C@H]4CC=C6[C@@]5(CC[C@@H](C6)O[C@H]7[C@@H]([C@H]([C@@H]([C@H](O7)CO)O)O)O)C)C)C)OC1,576.7710000000001,3.5381000000000036,4.0,8.0,1.0,,,
3873,CC[C@H](CC[C@@H](C)C1CC[C@@H]2[C@@]1(CC[C@H]3[C@H]2CC=C4[C@@]3(CCC(C4)O[C@H]5[C@@H]([C@H]([C@@H]([C@H](O5)CO)O)O)O)C)C)C(C)C,576.8590000000002,5.849000000000009,4.0,6.0,2.0,,,
3874,CC[C@H](CC[C@@H](C)[C@H]1CC[C@@H]2[C@@]1(CC[C@H]3[C@H]2CC=C4[C@@]3(CC[C@@H](C4)O[C@H]5[C@@H]([C@H]([C@@H]([C@H](O5)CO)O)O)O)C)C)C(C)C,576.8590000000002,5.849000000000009,4.0,6.0,2.0,,,
3875,CC[C@H](CC[C@@H](C)C1CC[C@@H]2[C@@]1(CC[C@H]3[C@H]2CC=C4[C@@]3(CC[C@@H](C4)OC5[C@@H]([C@H]([C@@H]([C@H](O5)CO)O)O)O)C)C)C(C)C,576.8590000000002,5.849000000000009,4.0,6.0,2.0,,,
3876,c1cn(c(=O)[nH]c1=O)[C@H]2[C@@H]([C@@H]([C@H](O2)COP(=O)([O-])OP(=O)([O-])O[C@@H]3[C@@H]([C@H]([C@@H]([C@H](O3)C(=O)[O-])O)O)O)O)O,577.2610000000004,-7.300099999999993,6.0,19.0,3.0,,,
3877,C[C@H]1[C@@H]([C@H]([C@H]([C@@H](O1)Oc2cc(c3c(c2)oc(c(c3=O)O[C@H]4[C@@H]([C@@H]([C@H]([C@@H](O4)C)O)O)O)c5ccc(cc5)O)[O-])O)O)O,577.5150000000003,-1.3481999999999998,7.0,14.0,3.0,,,
3878,COc1ccc2cc1Oc3ccc(cc3)CC4c5c(cc(c6c5Oc7c(cc8c(c7OC)C(=NCC8)C2)O6)OC)CC[NH2+]4,577.6570000000002,5.707300000000006,1.0,7.0,2.0,,,
3879,CC(C)CC1C(=O)N2CCCC2C3(N1C(=O)C(O3)(C(C)C)NC(=O)C4CC5c6cccc7c6c(c[nH]7)CC5[NH+](C4)C)O,578.7340000000003,1.1035000000000028,4.0,5.0,1.0,,,
3880,CCC(C)[C@H]1C(=O)N2CCC[C@H]2[C@]3(N1C(=O)[C@](O3)(C(C)C)NC(=O)[C@@H]4C[C@@H]5c6cccc7c6c(c[nH]7)C[C@H]5[NH+](C4)C)O,578.7340000000003,1.1035000000000028,4.0,5.0,1.0,,,
3881,CC(=CCC/C(=C/CC/C(=C/C(=O)OCC(=O)[C@]1(CC[C@@H]2[C@@]1(C[C@@H]([C@H]3[C@H]2CCC4=CC(=O)C=C[C@]34C)O)C)O)/C)/C)C,578.7900000000003,6.527700000000009,2.0,6.0,2.0,,,
3882,COc1cc(cc(c1OC)OC)C(=O)O[C@@H]2C[C@@H]3C[NH+]4CCc5c6ccccc6[nH]c5[C@H]4C[C@@H]3[C@@H]([C@H]2OC)C(=O)OC,579.6700000000002,2.7454,2.0,8.0,1.0,,,
3883,COC(=O)C(=O)OC12[C@H]3[C@@H]4[C@H]5[C@H]6C7[C@@H]4C1([C@H]8C7[C@@H]9C6(C1([C@@H]5C3C3[C@@H]1[C@@H]9[C@@H]8[C@@H]23)OC(=O)C(=O)OC)C(=O)OC)C(=O)OC,580.5420000000004,-0.7759999999999958,0.0,12.0,2.0,,,
3884,CS(=O)(=O)CCNCc1ccc(o1)c2ccc3c(c2)c(ncn3)Nc4ccc(c(c4)Cl)OCc5cccc(c5)F,581.0690000000003,6.139100000000004,2.0,8.0,2.0,,,
3885,Cc1c(sc(n1)SCC2=C(N3[C@@H]([C@@H](C3=O)NC(=O)/C(=N\OC)/c4csc(n4)N)SC2)C(=O)[O-])CC(=O)[O-],582.6670000000003,-1.670679999999998,2.0,15.0,2.0,,,
3886,C[C@@]1(C(=O)N2[C@H](C(=O)N3CCC[C@H]3[C@@]2(O1)O)Cc4ccccc4)NC(=O)[C@H]5C[NH+]([C@@H]6Cc7c[nH]c8c7c(ccc8)C6=C5)C,582.6810000000002,0.5737000000000041,4.0,5.0,1.0,,,
3887,C[NH+]1CCc2cc(c(c3c2C1Cc4ccc(cc4)Oc5cc(ccc5O)CC6c7cc(c(cc7CC[NH2+]6)OC)O3)O)OC,582.6970000000005,3.770900000000002,4.0,6.0,1.0,,,
3888,CCCCCCCCCCCCOCCOCCOCCOCCOCCOCCOCCOCCOCCO,582.8160000000005,4.049000000000006,1.0,10.0,1.0,,,
3889,CC(C)CN(C[C@H]([C@H](Cc1ccccc1)NC(=O)O[C@H]2CCOC2)OP(=O)([O-])[O-])S(=O)(=O)c3ccc(cc3)N,583.6000000000003,1.255800000000002,2.0,10.0,1.0,,,
3890,C[C@H]1[C@@]([C@H]([C@@H](O1)O[C@@H]2[C@H]([C@@H]([C@H]([C@@H]([C@H]2O)O)NC(=[NH2+])N)O)NC(=[NH2+])N)O[C@H]3[C@H]([C@@H]([C@H]([C@@H](O3)CO)O)O)[NH2+]C)(C=O)O,584.6040000000003,-12.407300000000015,14.0,12.0,3.0,,,
3891,CC(C)(C)[NH2+]CC(=O)Nc1cc(c2c(c1[O-])C(=O)C3=C([C@]4([C@@H](C[C@@H]3C2)[C@@H](C(=C(C4=O)C(=O)N)[O-])[NH+](C)C)O)[O-])N(C)C,584.6500000000003,-4.957500000000005,5.0,9.0,1.0,,,
3892,C[C@H]1[C@@H]([C@H]([C@H]([C@@H](O1)O[C@H]2C[C@H]([C@@]3([C@@H]4[C@@H](CC[C@@]3(C2)O)[C@]5(CC[C@@H]([C@]5(C[C@H]4O)C)C6=CC(=O)OC6)O)CO)O)O)O)O,584.6590000000007,-1.5149999999999972,8.0,12.0,3.0,,,
3893,CC1=C(C(C(=C(N1)[NH3+])C(=O)OC2C[NH+](C2)C(c3ccccc3)c4ccccc4)c5cccc(c5)[N+](=O)[O-])C(=O)OC(C)C,584.6730000000001,2.5606000000000027,3.0,7.0,1.0,,,
3894,C[C@@]1(C(=O)N2[C@H](C(=O)N3CCC[C@H]3[C@@]2(O1)O)Cc4ccccc4)NC(=O)[C@@H]5C[C@@H]6c7cccc8c7c(c[nH]8)C[C@H]6[NH+](C5)C,584.697,0.664000000000003,4.0,5.0,1.0,,,
3895,CC1=C[C@@H](CC([C@H]1/C=C/C(=C/C=C/C(=C/C=C/C=C(\C)/C=C/C=C(\C)/[C@H]2C=C3[C@](O2)(C[C@H](CC3(C)C)O)C)/C)/C)(C)C)O,584.8850000000003,9.614499999999996,2.0,3.0,2.0,,,
3896,CC1=C(C(C[C@@H](C1)O)(C)C)/C=C/C(=C/C=C/C(=C/C=C/C=C(\C)/C=C/C=C(\C)/C=C/[C@]23[C@](O2)(C[C@H](CC3(C)C)O)C)/C)/C,584.8850000000003,9.758599999999998,2.0,3.0,2.0,,,
3897,CC1=CC(CC(C1/C=C/C(=C/C=C/C(=C/C=C/C=C(\C)/C=C/C=C(\C)/C2C=C3C(CC(CC3(O2)C)O)(C)C)/C)/C)(C)C)O,584.8850000000003,9.614499999999998,2.0,3.0,2.0,,,
3898,CC1=CC(CC(C1/C=C/C(=C\C=C/C(=C/C=C/C=C(\C)/C=C\C=C(\C)/C=C/C23C(CC(CC2(O3)C)O)(C)C)/C)/C)(C)C)O,584.8850000000003,9.614499999999998,2.0,3.0,2.0,,,
3899,CC1=C(C(CC(C1)O)(C)C)/C=C/C(=C/C=C/C(=C/C=C/C=C(\C)/C=C/C=C(\C)/C=C/C(=O)C2(CC(CC2(C)C)O)C)/C)/C,584.8850000000003,9.806299999999997,2.0,3.0,2.0,,,
3900,CC(C)(c1ccccc1CC[C@H](c2cccc(c2)/C=C/c3ccc4ccc(cc4n3)Cl)SCC5(CC5)CC(=O)[O-])O,585.1890000000003,7.613300000000008,1.0,5.0,2.0,,,
3901,Cc1cc(c(cc1Cc2cc(c(c(c2C)Cc3cc(c(cc3C)O)S(=O)(=O)[O-])O)S(=O)(=O)[O-])S(=O)(=O)[O-])O,585.6100000000002,1.6225600000000004,3.0,12.0,2.0,,,
3902,CC1=C2[C@H](C(=O)[C@@]3([C@H](C[C@@H]4[C@]([C@H]3[C@@H]([C@@](C2(C)C)(C[C@@H]1O)O)OC(=O)c5ccccc5)(CO4)OC(=O)C)O)C)OC(=O)C,586.6340000000002,1.6525999999999998,3.0,11.0,2.0,,,
3903,CCCCCCCCCCCCCC(=O)O[C@H]1C=C[C@H]2[C@H]3Cc4ccc(c5c4[C@]2([C@H]1O5)CC[NH+]3C)OCc6ccccc6,586.8370000000003,6.906400000000008,1.0,4.0,2.0,,,
3904,CCCCCCCCCCCCCCCCCCCCCCCCCCCCOC(=O)/C=C/c1ccc(c(c1)OC)O,586.9420000000005,12.119699999999982,1.0,4.0,2.0,,,
3905,CCc1c2cc(ccc2nc-3c1Cn4c3cc5c(c4=O)COC(=O)[C@@]5(CC)O)OC(=O)N6CCC(CC6)[NH+]7CCCCC7,587.6970000000001,2.6740000000000004,2.0,8.0,1.0,,,
3906,C[C@@H]1Cc2c(c(cc(c2O)NC(=O)/C(=C/C=C\[C@@H]([C@H](/C(=C/[C@@H]([C@H]([C@H](C1)OC)O)C)/C)OC(=O)N)OC)/C)O)NCC=C,587.7140000000003,4.156200000000002,6.0,9.0,2.0,,,
3907,C[C@@H]1OC[C@@H]2[C@@H](O1)[C@@H]([C@H]([C@@H](O2)O[C@@H]3c4cc5c(cc4[C@H]([C@@H]6[C@@H]3COC6=O)c7cc(c(c(c7)OC)O)OC)OCO5)O)O,588.5620000000004,1.338599999999999,3.0,13.0,2.0,,,
3908,CC(C)[C@H]1C(=O)N[C@H](C(=O)NCC(=O)N[C@H](C(=O)N[C@@H](C(=O)N1C)Cc2ccccc2)CC(=O)[O-])CCC[NH+]=C(N)N,588.6659999999999,-5.429500000000007,7.0,7.0,2.0,,,
3909,C1[C@@H]([C@H]([C@@H]([C@H]([C@@H]1NC(=O)[C@H](CC[NH3+])O)O[C@@H]2[C@@H]([C@H]([C@@H]([C@H](O2)CO)O)[NH3+])O)O)O[C@@H]3[C@@H]([C@H]([C@@H]([C@H](O3)C[NH3+])O)O)O)[NH3+],589.6400000000003,-11.291400000000015,13.0,13.0,3.0,,,
3910,CCCCCCCCCC(=O)OCCN1CC[NH+](CC1)CC/C=C/2\c3ccccc3Sc4c2cc(cc4)C(F)(F)F,589.7880000000005,6.876200000000008,1.0,4.0,2.0,,,
3911,CC[C@H]([C@@H]1[C@H](C[C@@](O1)(CC)[C@H]2CC[C@@]([C@@H](O2)C)(CC)O)C)C(=O)[C@@H](C)[C@H]([C@H](C)CCc3ccc(c(c3C(=O)[O-])O)C)O,589.7900000000004,4.507520000000006,3.0,8.0,1.0,,,
3912,CCN(CC)CCS(=O)(=O)[C@@H]1CCN2C1C(=O)O[C@@H]([C@@H](/C=C/C(=O)NC/C=C/C(=C/[C@H](CC(=O)Cc3nc(co3)C2=O)O)/C)C)C(C)C,690.8600000000001,2.269300000000004,2.0,11.0,2.0,,,
3913,CC1[C@@H](C([C@@H]([C@@H](O1)Oc2cc3c(c(=O)cc(o3)c4ccccc4)c(c2OC)[O-])O)O[C@H]5C([C@H]([C@@H](C(O5)CO)O)O)O)O,591.5420000000005,-1.4272999999999982,6.0,14.0,3.0,,,
3914,C[C@H]1[C@@H]([C@H]([C@H]([C@@H](O1)OC[C@@H]2[C@H]([C@@H]([C@H]([C@@H](O2)Oc3cc(c4c(=O)cc(oc4c3)c5ccc(cc5)OC)[O-])O)O)O)O)O)O,591.5420000000006,-1.4272999999999982,6.0,14.0,3.0,,,
3915,COc1ccc2c(c1)[nH]c3c2CC[NH+]4[C@@H]3C[C@H]5[C@@H](C4)C[C@H]([C@@H]([C@H]5C(=O)OC)OC)OC(=O)/C=C/c6ccc(c(c6)OC)O,591.6810000000003,2.842000000000001,3.0,8.0,1.0,,,
3916,C/C=C(/C)\C(=O)O[C@H]1CC[C@]2([C@H]3[C@@]1(O[C@@]24C[C@]5([C@@H]6C[NH+]7C[C@H](CC[C@H]7[C@@]([C@]6([C@H](C[C@]5([C@@H]4CC3)O)O)O)(C)O)C)O)O)C,592.7500000000005,-0.42589999999999595,7.0,9.0,2.0,,,
3917,CCC(C)(C)C1C(=O)N2CCCC2C3(N1C(=O)C(O3)(C(C)C)NC(=O)C4CC5c6cccc7c6c(c[nH]7)CC5[NH+](C4)C)O,592.7610000000001,1.4936000000000025,4.0,5.0,1.0,,,
3918,CCCCCCCCCC(=O)OCCN1CC[NH+](CC1)CCCN2c3ccccc3Sc4c2cc(cc4)C(F)(F)F,592.7920000000005,6.582600000000007,1.0,5.0,2.0,,,
3919,CCCCCCCCCCCCCC[NH2+]C1=C(C(=O)C(=C(C1=O)OC)[NH2+]CCCCCCCCCCCCCC)OC,592.9500000000003,7.383200000000006,2.0,4.0,2.0,,,
3920,C[C@H]1[C@@H]([C@H]([C@H]([C@@H](O1)O[C@@H]2[C@H]([C@@H]([C@H](O[C@H]2Oc3cc(c4c(=O)cc(oc4c3)c5ccc(c(c5)O)O)[O-])CO)O)O)O)O)O,593.5140000000006,-2.0246999999999993,8.0,15.0,3.0,,,
3921,C[C@H]1[C@@H]([C@H]([C@H]([C@@H](O1)OC[C@@H]2[C@H]([C@@H]([C@H]([C@@H](O2)Oc3c(=O)c4c(cc(cc4oc3c5ccc(cc5)O)O)[O-])O)O)O)O)O)O,593.5140000000006,-2.0246999999999993,8.0,15.0,3.0,,,
3922,CC1[C@@H]([C@@H](C([C@@H](O1)OCC2[C@@H](C(C([C@@H](O2)Oc3c(=O)c4c(cc(cc4oc3c5ccc(cc5)O)O)[O-])O)O)O)O)O)O,593.5140000000006,-2.0246999999999993,8.0,15.0,3.0,,,
3923,c1cc(ccc1c2cc(=O)c3c(c(c(c(c3o2)[C@H]4[C@@H]([C@H]([C@@H]([C@H](O4)CO)O)O)O)O)[C@H]5[C@@H]([C@H]([C@@H]([C@H](O5)CO)O)O)O)[O-])O,593.5140000000004,-3.0253999999999976,10.0,15.0,3.0,,,
3924,c1cc(ccc1c2cc(=O)c3c(o2)cc(c(c3[O-])[C@H]4[C@@H]([C@H]([C@@H]([C@H](O4)CO)O)O)O)O[C@H]5[C@@H]([C@H]([C@@H]([C@H](O5)CO)O)O)O)O,593.5140000000005,-3.067199999999998,9.0,15.0,3.0,,,
3925,C[NH+]1CCc2cc(c3cc2C1Cc4ccc(c(c4)Oc5ccc(cc5)CC6=NCCc7c6c(c(c(c7)OC)OC)O3)O)OC,593.7000000000004,5.258500000000005,2.0,7.0,2.0,,,
3926,C[NH+]1CCc2cc(c3cc2[C@H]1Cc4ccc(c(c4)Oc5ccc(cc5)C[C@H]6c7c(cc8c(c7O3)OCO8)CC[NH+]6C)O)OC,594.7080000000003,3.7367000000000017,3.0,6.0,1.0,,,
3927,Cc1cc2c3ccccc3[n+]1CCCCCCCCCC[n+]4c(cc(c5c4cccc5)NCCCCCCCCCCN2)C,594.932,9.964039999999997,2.0,2.0,2.0,,,
3928,CC1([C@@H](N2[C@H](S1)[C@@H](C2=O)NC(=O)[C@@H](c3ccccc3)[NH3+])C(=O)OCOC(=O)[C@H]4C(S(=O)(=O)[C@H]5N4C(=O)C5)(C)C)C,595.6760000000002,-1.3053999999999948,2.0,10.0,1.0,,,
3929,CSCC[C@@H](C(=O)N[C@@H](CC(=O)[O-])C(=O)N[C@@H](Cc1ccccc1)C(=O)N)NC(=O)[C@H](Cc2c[nH]c3c2cccc3)[NH3+],596.7100000000002,-1.6035999999999921,6.0,7.0,2.0,,,
3930,C[NH+]1CCc2cc(c(c3c2[C@H]1Cc4ccc(cc4)Oc5c6c(cc(c5O)OC)CC[NH+]([C@@H]6Cc7ccc(cc7)O3)C)O)OC,596.7240000000004,3.7222000000000026,4.0,6.0,1.0,,,
3931,CC1=C(C(CC(C1=O)O)(C)C)/C=C/C(=C/C=C/C(=C/C=C/C=C(/C=C/C=C(/C=C/C2=C(C(=O)C(CC2(C)C)O)C)\C)\C)/C)/C,596.8520000000002,8.905400000000004,2.0,4.0,2.0,,,
3932,CN(C)/C=[NH+]/c1c(cc(c(c1I)CCC(=O)[O-])I)I,597.96,0.4848999999999997,1.0,2.0,1.0,,,
3933,C1[C@H]([C@@H]([C@H]([C@@H](O1)O[C@@H]2CO[C@H]([C@@H]([C@H]2OS(=O)(=O)[O-])OS(=O)(=O)[O-])O)OS(=O)(=O)[O-])OS(=O)(=O)[O-])O,598.4690000000004,-6.180999999999994,2.0,21.0,2.0,,,
3934,C[C@H]1[C@H]([C@H]([C@H]([C@@H](O1)Oc2cc(c3c(c2)OC(C(C3)(O)O[C@H]4[C@@H]([C@H]([C@H]([C@H](O4)CO)O)O)O)c5ccc(cc5)O)O)O)O)O,598.5540000000005,-2.5145999999999984,10.0,15.0,3.0,,,
3935,CCC(=O)O[C@H]1[C@H](C[C@@H]2[C@@]1(CC[C@H]3[C@H]2CC[C@@H]4[C@@]3(C[C@@H]([C@H](C4)OC(=O)C)[NH+]5CCCCC5)C)C)[N+]6(CCCCC6)CC=C,598.913,5.495100000000005,1.0,4.0,2.0,,,
3936,CCC[C@]1(CC(=C(C(=O)O1)[C@H](CC)c2cccc(c2)[N-]S(=O)(=O)c3ccc(cn3)C(F)(F)F)[O-])CCc4ccccc4,600.6590000000001,6.721100000000007,0.0,6.0,2.0,,,
3937,C/C(=C\C=C\C=C(/C)\C=C\C=C(/C)\C=C=C1[C@](C[C@H](CC1(C)C)O)(C)O)/C=C/C=C(\C)/C=C/[C@]23[C@](O2)(C[C@H](CC3(C)C)O)C,600.8840000000002,8.718400000000004,3.0,4.0,2.0,,,
3938,CC(C)(C(Cc1c(cc(c2c1oc(=O)cc2)OC)OC)O)OC3C(C(C(C(O3)COC4C(C(CO4)(CO)O)O)O)O)O,602.5860000000007,-2.2263999999999964,7.0,15.0,3.0,,,
3939,C[C@@H]1[C@H]([C@]2([C@H]3[C@H]4[C@]1([C@@H]5C=C(C(=O)[C@]5([C@@H]([C@@]6([C@H]4O6)CO)O)O)C)O[C@@](O3)(O2)c7ccccc7)C(=C)C)OC(=O)c8ccccc8,602.6360000000002,2.168400000000001,3.0,10.0,1.0,,,
3940,C[C@H](CCC=C(C)C)[C@H]1CC[C@@]2([C@@]1(CC[C@]34[C@H]2CC[C@@H]5[C@]3(C4)CC[C@@H](C5(C)C)OC(=O)/C=C/c6ccc(c(c6)OC)O)C)C,602.9000000000003,10.147399999999994,1.0,4.0,2.0,,,
3941,CC(=O)O[C@H]1C[C@@H]2CC[C@@H]3[C@@H]([C@]2(C[C@@H]1N4CC[N+](CC4)(C)C)C)CC[C@]5([C@H]3C[C@@H]([C@@H]5OC(=O)C)N6CC[N+](CC6)(C)C)C,602.9050000000001,3.633500000000005,0.0,6.0,1.0,,,
3942,CCCCNc1ccc(cc1)C(=O)OCCOCCOCCOCCOCCOCCOCCOCCOCCOC,603.7500000000003,2.8346000000000027,1.0,12.0,2.0,,,
3943,C[C@]12CC[C@@H](C(C1CC[C@@]3([C@@H]2CC=C4[C@]3(CC[C@@]5([C@@H]4CC(CC5)(C)C)C(=O)[O-])C)C)(C)CO)O[C@H]6[C@@H]([C@H]([C@H](CO6)O)O)O,603.8170000000006,3.334600000000003,4.0,8.0,1.0,,,
3944,COc1cc(cc(c1OC)OC)C(=O)OCCC[NH+]2CCCN(CC2)CCCOC(=O)c3cc(c(c(c3)OC)OC)OC,605.7050000000004,2.1228000000000016,1.0,11.0,2.0,,,
3945,CC([C@@]1(CC[C@]2([C@@]1([C@@H](CC3[C@]2(C(C=C4[C@@]3(CC[C@@H](C4)O)C)O)O)OC(=O)c5ccccc5)C)O)O)OC(=O)c6ccccc6,606.7120000000002,3.3228000000000035,5.0,9.0,1.0,,,
3946,C[C@]12CC[C@@H]3c4ccc(cc4C[C@H]([C@H]3[C@@H]1CC[C@@H]2O)CCCCCCCCCS(=O)CCCC(C(F)(F)F)(F)F)O,606.7820000000008,8.682600000000003,2.0,3.0,2.0,,,
3947,CC1C2CC(C(/C=C/C=C(/Cc3cc(c(c(c3)OC)Cl)N(C(=O)CC(C4(C1O4)C)OC(=O)C)C)\C)OC)(NC(=O)O2)O,607.1000000000004,3.687500000000002,2.0,9.0,1.0,,,
3948,COc1cc2c(c(=O)cc(o2)c3ccc(cc3)O[C@H]4C(C([C@@H](C(O4)CO)O)O)O)c(c1[C@H]5C([C@H]([C@@H](C(O5)CO)O)O)O)[O-],607.5410000000004,-2.7641999999999975,8.0,15.0,3.0,,,
3949,C[NH+]1CCc2cc(c(c3c2[C@@H]1Cc4ccc(cc4)Oc5cc(ccc5O)C6=NCCc7cc(c(cc7C6=O)O3)OC)OC)OC,607.6830000000003,4.898700000000003,2.0,8.0,1.0,,,
3950,C[NH+]1CCc2cc(c3cc2C1Cc4ccc(c(c4)Oc5ccc(cc5)CC6=NCCc7c6c(c(c(c7)OC)OC)O3)OC)OC,607.7270000000003,5.561500000000005,1.0,7.0,2.0,,,
3951,C[NH+]1CCc2cc(c(c3c2[C@@H]1Cc4ccc(cc4)Oc5cc(ccc5OC)CC6=NCCc7c6cc(c(c7)OC)O3)OC)OC,607.7270000000003,5.561500000000005,1.0,7.0,2.0,,,
3952,C[NH+]1CCc2cc(c3cc2[C@H]1Cc4ccc(c(c4)Oc5ccc(cc5)C[C@H]6c7c(cc8c(c7O3)OCO8)CC[NH+]6C)OC)OC,608.7350000000002,4.039700000000002,2.0,6.0,1.0,,,
3953,C[NH+]1CCc2cc(c(c3c2[C@H]1Cc4ccc(cc4)COC5=C(C=C6CC[NH2+]C(=C6C5=O)Cc7ccc(cc7)O3)OC)OC)OC,608.7350000000004,3.511700000000002,2.0,6.0,1.0,,,
3954,C[C@H]1[C@@H]([C@H]([C@H]([C@@H](O1)OC[C@@H]2[C@H]([C@@H]([C@H]([C@@H](O2)Oc3c(=O)c4c(cc(cc4oc3c5ccc(c(c5)O)O)O)[O-])O)O)O)O)O)O,609.5130000000006,-2.3191,9.0,16.0,3.0,,,
3955,C[C@H]1[C@@H]([C@H]([C@H]([C@@H](O1)OC[C@@H]2[C@H]([C@@H]([C@H]([C@@H](O2)Oc3cc(c4c(c3)O[C@@H](CC4=O)c5ccc(c(c5)O)OC)[O-])O)O)O)O)O)O,609.5570000000007,-1.7885999999999984,7.0,15.0,3.0,,,
3956,COc1ccc2c(c1)[nH]c3c2CC[NH+]4[C@@H]3C[C@H]5[C@@H](C4)C[C@H]([C@@H]([C@H]5C(=O)OC)OC)OC(=O)c6cc(c(c(c6)OC)OC)OC,609.6960000000004,2.7540000000000004,2.0,9.0,1.0,,,
3957,c1cc(ccc1/C=C/C(=C\2/C(=C(C(=O)C(C2=O)([C@H]3[C@@H]([C@H]([C@@H]([C@H](O3)CO)O)O)O)O)[C@H]4[C@@H]([C@H]([C@@H]([C@H](O4)CO)O)O)O)[O-])/[O-])O,610.5210000000004,-6.798099999999992,10.0,16.0,3.0,,,
3958,C(CC(=O)N[C@@H](CSSC[C@@H](C(=O)NCC(=O)[O-])NC(=O)CC[C@@H](C(=O)[O-])[NH3+])C(=O)NCC(=O)[O-])[C@@H](C(=O)[O-])[NH3+],610.6240000000004,-10.649200000000011,6.0,14.0,3.0,,,
3959,C[NH+]1CCc2cc(c3cc2[C@@H]1Cc4ccc(cc4)Oc5cc(ccc5OC)C[C@H]6c7c(cc(c(c7O3)O)OC)CC[NH+]6C)OC,610.7510000000001,4.025200000000002,3.0,6.0,1.0,,,
3960,C[NH+]1CCc2cc(c3cc2[C@H]1Cc4ccc(c(c4)Oc5ccc(cc5)C[C@H]6c7c(cc(c(c7O3)OC)OC)CC[NH+]6C)O)OC,610.7510000000002,4.025200000000002,3.0,6.0,1.0,,,
3961,C[NH+]1CCc2cc(c3cc2[C@H]1Cc4ccc(c(c4)Oc5ccc(cc5)C[C@H]6c7c(cc(c(c7O3)O)OC)CC[NH+]6C)OC)OC,610.7510000000002,4.025200000000002,3.0,6.0,1.0,,,
3962,C[NH+]1CCc2cc(c3cc2C1Cc4ccc(cc4)Oc5c6c(cc(c5O)OC)CC[NH+](C6Cc7ccc(c(c7)O3)OC)C)OC,610.7510000000003,4.025200000000003,3.0,6.0,1.0,,,
3963,C[NH+]1CCc2cc(c3cc2[C@@H]1Cc4ccc(cc4)Oc5cc(ccc5O)C[C@@H]6c7c(cc(c(c7O3)OC)OC)CC[NH+]6C)OC,610.7510000000001,4.025200000000002,3.0,6.0,1.0,,,
3964,C[NH+]1CCc2cc(c3cc2[C@@H]1Cc4ccc(cc4)Oc5c6c(cc(c5O)OC)CC[N+]([C@@H]6Cc7ccc(c(c7)O3)O)(C)C)OC,610.7510000000004,5.283900000000006,3.0,6.0,2.0,,,
3965,C[NH+]1CCc2cc(c3cc2[C@H]1Cc4ccc(cc4)Oc5c6c(cc(c5O)OC)CC[NH+](C6Cc7ccc(c(c7)O3)OC)C)OC,610.7510000000003,4.025200000000003,3.0,6.0,1.0,,,
3966,Cc1c(ccc2c1oc(=O)c(c2[O-])NC(=O)c3ccc(c(c3)CC=C(C)C)O)O[C@H]4[C@@H]([C@@H]([C@H](C(O4)(C)C)OC)OC(=O)N)O,611.6240000000003,2.9951200000000004,4.0,11.0,2.0,,,
3967,Cc1cc(c(cn1)C(=O)N[C@H](c2ccc(cc2)O)C(=O)N[C@H]3[C@@H]4N(C3=O)C(=C(CS4)CSc5nnnn5C)C(=O)[O-])O,611.6420000000003,-1.0079799999999997,4.0,14.0,2.0,,,
3968,CC1=C(C(C(=C(N1)C)C(=O)OCCN2CC[NH+](CC2)C(c3ccccc3)c4ccccc4)c5cccc(c5)[N+](=O)[O-])C(=O)OC,611.7190000000002,3.5359000000000034,2.0,8.0,1.0,,,
3969,CC1C(C(CC(O1)OC(C(C)C)C(C)/C=C(\C)/C=C/C=C/C=C/C=C/C=C/C(=C\2/C(=O)C(N(C2=O)C)CCC(=O)[O-])/[O-])O)O,611.7320000000004,1.8019000000000016,2.0,9.0,1.0,,,
3970,CC1=C(C(C(=C(N1)C)C(=O)OC(C)(C)C[NH+](C)CCC(c2ccccc2)c3ccccc3)c4cccc(c4)[N+](=O)[O-])C(=O)OC,612.7470000000002,5.061300000000005,2.0,7.0,2.0,,,
3971,CC(C)[C@@]1(C(=O)N2[C@H](C(=O)N3CCC[C@H]3C2(O1)O)Cc4ccccc4)NC(=O)[C@@H]5CC6c7cccc8c7c(c[nH]8)C[C@H]6[NH+](C5)C,612.751,1.3001000000000018,4.0,5.0,1.0,,,
3972,C[NH+]1CCc2cc(c(cc2[C@H]1Cc3ccc(cc3)Oc4cc(ccc4O)CC5c6cc(c(cc6CC[NH+]5C)O)OC)OC)OC,612.7670000000003,3.6251000000000024,4.0,6.0,1.0,,,
3973,C[NH+]1CCc2cc(c(cc2[C@H]1Cc3ccc(cc3)O)Oc4cc(ccc4O)C[C@@H]5c6cc(c(cc6CC[NH+]5C)OC)OC)OC,612.7670000000003,3.6251000000000024,4.0,6.0,1.0,,,
3974,C[NH+]1CCc2cc(c(cc2[C@H]1Cc3ccc(cc3)OC)Oc4cc(ccc4O)C[C@@H]5c6cc(c(cc6CC[NH+]5C)OC)O)OC,612.7670000000004,3.6251000000000024,4.0,6.0,1.0,,,
3975,CC(=O)Nc1c(c(c(c(c1I)NC(=O)C)I)C(=O)[O-])I,612.9070000000002,1.7807,2.0,4.0,1.0,,,
3976,CC(=O)Nc1c(c(c(c(c1I)C(=O)[O-])I)C(=O)NC)I,612.9070000000002,1.1819,2.0,4.0,1.0,,,
3977,CC(CN(c1c(cc(c(c1I)N)I)I)C(=O)C)C(=O)[O-],612.9509999999999,1.8215000000000001,1.0,4.0,1.0,,,
3978,CC(C)(C)NC(=O)[C@@H]1CN(CC[NH+]1C[C@H](C[C@@H](Cc2ccccc2)C(=O)N[C@H]3c4ccccc4C[C@H]3O)O)Cc5cccnc5,614.811,1.4498000000000049,5.0,6.0,1.0,,,
3979,CCCCCCCCCc1ccc(cc1)OCCOCCOCCOCCOCCOCCOCCOCCOCCO,616.8330000000004,4.483600000000006,1.0,10.0,1.0,,,
3980,CCCCCCCCCCCCCC(=O)O[C@@H]1[C@H]([C@]2([C@@H](C=C(C[C@]3([C@H]2C=C(C3=O)C)O)CO)[C@H]4[C@@]1(C4(C)C)OC(=O)C)O)C,616.8360000000004,5.752900000000008,3.0,8.0,2.0,,,
3981,CC(=O)O[C@H]1C[C@@]2(CC[C@@H]3[C@@H]([C@]2(C[C@@H]1N4CC[N+](CC4)(C)C)C)CC[C@]5([C@H]3C[C@@H]([C@@H]5OC(=O)C)N6CC[N+](CC6)(C)C)C)C,616.9320000000001,4.023600000000005,0.0,6.0,1.0,,,
3982,CC([C@@]1(CC[C@]2([C@@]1([C@@H](CC3[C@]2(CC=C4[C@@]3(CC[C@@H](C4)O)C)O)OC(=O)/C=C/c5ccccc5)C)O)O)OC(=O)c6cccnc6,617.7390000000001,4.146600000000005,4.0,9.0,1.0,,,
3983,CC1C(CCC2(C1C3=CCC4C5(CCC(C(C5CCC4(C3(CC2)C)C)(C)C)OC(=O)/C=C/c6ccc(cc6)O)C)C(=O)[O-])CO,617.8470000000003,6.697100000000009,2.0,6.0,2.0,,,
3984,CCCCCCCCCCCCCCCC(=O)OCc1cc(=O)c(co1)OC(=O)CCCCCCCCCCCCCCC,618.9399999999999,11.550999999999986,0.0,6.0,2.0,,,
3985,c1cc(ccc1c2cc(=O)c3c(cc(cc3o2)O[C@H]4C(C([C@@H]([C@@H](O4)C(=O)[O-])O)O)O)[O-])O[C@H]5C(C([C@@H](C(O5)C(=O)[O-])O)O)O,619.4640000000004,-5.593799999999993,6.0,17.0,3.0,,,
3986,C1[C@H]([C@@H]([C@H]([C@@H]([C@H]1[NH3+])O[C@@H]2[C@@H]([C@H]([C@@H]([C@H](O2)CO)O)O)[NH3+])O[C@H]3[C@@H]([C@@H]([C@H](O3)CO)O[C@@H]4[C@@H]([C@H]([C@@H]([C@@H](O4)C[NH3+])O)O)[NH3+])O)O)[NH3+],620.6740000000003,-12.445700000000006,13.0,14.0,3.0,,,
3987,C1[C@H]([C@@H]([C@H]([C@@H]([C@H]1[NH3+])O[C@@H]2[C@@H]([C@H]([C@@H]([C@H](O2)C[NH3+])O)O)[NH3+])O[C@H]3[C@@H]([C@@H]([C@H](O3)CO)O[C@@H]4[C@@H]([C@H]([C@@H]([C@@H](O4)C[NH3+])O)O)[NH3+])O)O)[NH3+],620.6980000000003,-13.196099999999987,13.0,13.0,3.0,,,
3988,C[NH+]1CCc2cc(c(c3c2[C@@H]1Cc4ccc(c(c4)Oc5ccc(cc5)CC6c7cc(c(cc7CC[NH+]6C)OC)O3)OC)OC)OC,624.7780000000002,4.328200000000003,2.0,6.0,1.0,,,
3989,C[NH+]1CCc2cc(c3cc2[C@@H]1Cc4ccc(cc4)Oc5cc(ccc5OC)C[C@H]6c7c(cc(c(c7O3)OC)OC)CC[NH+]6C)OC,624.7780000000001,4.3282000000000025,2.0,6.0,1.0,,,
3990,C[C@@H]1C[C@H]2[C@@H]3CCC4=CC(=O)C=C[C@@]4(C3=CC[C@@]2([C@H]1C(=O)C[NH+]5CCN(CC5)c6cc(nc(n6)N7CCCC7)N8CCCC8)C)C,625.8820000000001,4.0412000000000035,1.0,7.0,1.0,,,
3991,c1cc(ccc1Oc2ccc(cc2Cl)NC(=O)c3cc(cc(c3O)I)I)Cl,626.0150000000001,6.9528000000000025,2.0,3.0,2.0,,,
3992,CCN1CCN(C(=O)C1=O)C(=O)N[C@H]([C@H](C)O)C(=O)N[C@]2([C@@H]3N(C2=O)C(=C(CS3)CSc4nnnn4C)C(=O)[O-])OC,626.6540000000002,-4.170099999999993,3.0,15.0,2.0,,,
3993,C[NH+]1CCc2cc(c(cc2[C@H]1Cc3ccc(cc3)OC)Oc4cc(ccc4O)C[C@@H]5c6cc(c(cc6CC[NH+]5C)OC)OC)OC,626.7940000000003,3.9281000000000024,3.0,6.0,1.0,,,
3994,C[NH+]1CCc2cc(c(cc2[C@H]1Cc3ccc(cc3)Oc4cc(ccc4O)C[C@@H]5c6cc(c(cc6CC[NH+]5C)OC)OC)OC)OC,626.7940000000002,3.9281000000000033,3.0,6.0,1.0,,,
3995,CC(=O)Nc1c(c(c(c(c1I)N(C)C(=O)C)I)C(=O)[O-])I,626.9340000000002,1.805,1.0,4.0,1.0,,,
3996,CC(=O)NCc1c(c(c(c(c1I)NC(=O)C)I)C(=O)[O-])I,626.9340000000002,1.4584,2.0,4.0,1.0,,,
3997,CCCCCCOC(=O)/[NH+]=C(\c1ccc(cc1)NCc2nc3cc(ccc3n2C)C(=O)N(CCC(=O)OCC)c4ccccn4)/N,628.7540000000002,3.683200000000002,3.0,9.0,1.0,,,
3998,Cc1cccc(c1OCC(=O)N[C@@H](Cc2ccccc2)[C@H](C[C@H](Cc3ccccc3)NC(=O)[C@H](C(C)C)N4CCCNC4=O)O)C,628.8140000000001,4.328140000000003,4.0,5.0,1.0,,,
3999,CCCCC(CC)COC1=CC(=O)/C(=C/2\NC(=[NH+]/C(=C\3/C=CC(=CC3=O)OCC(CC)CCCC)/N2)c4ccc(cc4)OC)/C=C1,628.8340000000004,5.650000000000006,3.0,7.0,2.0,,,
4000,c1cc(ccc1[C@@H]2[C@H](c3c(cc(c4c3[C@@H]2[C@@H](OC4=O)c5ccc(cc5)O)[O-])O[C@H]6[C@@H]([C@H]([C@H](CO6)O)O)O)c7cc(cc(c7)O)O)O,629.5940000000003,2.3250000000000033,7.0,12.0,3.0,,,
4001,C1[C@H]2[C@H]([C@@H](O1)[C@@H]([C@@H](O2)O)O)O[C@H]3[C@@H]([C@H]([C@H]([C@H](O3)CO)O)O[C@H]4[C@H]([C@H]5[C@@H]([C@@H](O4)CO5)O[C@H]6[C@@H]([C@H]([C@H]([C@H](O6)CO)O)O)O)O)O,630.5490000000005,-7.657599999999989,10.0,19.0,3.0,,,
4002,CC1=C(C(C(=C(N1)C)P2(=O)OCC(CO2)(C)C)c3cccc(c3)[N+](=O)[O-])C(=O)OCCN(Cc4ccccc4)c5ccccc5,631.6660000000003,7.303200000000008,1.0,9.0,2.0,,,
4003,CC(=O)O[C@@]12[C@@H]3[C@@H](C[C@@](C3OC(=O)c4ccccc4)([C@H](C1O)OC)O)C56[C@@H]7C(C2[C@H]5[NH+](CC7(C(CC6OC)O)COC)C)OC,632.7270000000002,-1.1590999999999905,4.0,11.0,2.0,,,
4004,Cc1c(c(c(cn1)COP(=O)([O-])[O-])C[NH+](CCN(Cc2c(cnc(c2O)C)COP(=O)([O-])[O-])CC(=O)[O-])CC(=O)[O-])O,633.4200000000003,-6.417860000000003,3.0,17.0,2.0,,,
4005,c1c(cc(c(c1O)O)O)C(=O)O[C@H]2[C@@H]([C@@H]3[C@@H]([C@H](O2)COC(=O)c4cc(c(c(c4-c5c(cc(c(c5O)O)O)C(=O)O3)O)O)O)O)O,634.4550000000007,-0.2964999999999996,11.0,18.0,3.0,,,
4006,C[C@@H]1[C@H]([C@H](C[C@@H](O1)O[C@@H]2[C@H](O[C@H](C[C@@H]2O)O[C@H]3CC[C@]4([C@@H](C3)CCC5C4CC[C@]6([C@@]5(CC[C@@H]6C7=CC(=O)OC7)O)C)C)C)O)O,634.8070000000005,3.3663000000000025,4.0,10.0,1.0,,,
4007,COc1ccc2c(c1)[nH]c3c2CC[NH+]4[C@@H]3C[C@H]5[C@@H](C4)C[C@H]([C@@H]([C@H]5C(=O)OC)OC)OC(=O)/C=C/c6cc(c(c(c6)OC)OC)OC,635.7340000000003,3.153600000000001,2.0,9.0,1.0,,,
4008,CCC(C)CCCCCCCCCCCCC(=O)OC1CCC2(C3CCC4(C(C3CC=C2C1)CCC4C(C)CCCC(C)C)C)C,639.106,13.666899999999973,0.0,2.0,2.0,,,
4009,C[C@@H]\1C/C(=C/C[C@@H]2C[C@@H](C[C@@]3(O2)C/C(=N\OC)/[C@@H]([C@H](O3)/C(=C/C(C)C)/C)C)OC(=O)[C@@H]4C=C([C@H]([C@@H]5[C@]4(/C(=C/C=C1)/CO5)O)O)C)/C,639.8300000000003,5.728900000000008,2.0,9.0,2.0,,,
4010,CCCC(=O)Nc1c(cc(c(c1I)CC(CC)C(=O)[O-])I)I,640.0170000000002,3.5576000000000016,1.0,3.0,1.0,,,
4011,c1cc(cnc1)C(=O)OCC2(CCCC(C2O)(COC(=O)c3cccnc3)COC(=O)c4cccnc4)COC(=O)c5cccnc5,640.6490000000001,3.5120000000000022,1.0,13.0,2.0,,,
4012,C[NH+]1CCc2c3cc(c(c2OC)OC)Oc4c5c(cc(c4OC)OC)C(Cc6ccc(cc6)Oc7cc(ccc7O)C[C@@H]31)[NH+](CC5)C,640.777,4.033800000000003,3.0,7.0,1.0,,,
4013,CC(=O)Nc1c(c(c(c(c1I)C(=O)[O-])I)C(=O)NCCO)I,642.9330000000002,0.5444,3.0,5.0,1.0,,,
4014,CCN1CCN(C(=O)C1=O)C(=O)NC(c2ccc(cc2)O)C(=O)N[C@H]3[C@@H]4N(C3=O)C(=C(CS4)CSc5nnnn5C)C(=O)[O-],644.672,-2.4466999999999945,3.0,14.0,2.0,,,
4015,CCN1CCN(C(=O)C1=O)C(=O)N[C@H](c2ccc(cc2)O)C(=O)N[C@H]3[C@@H]4N(C3=O)C(=C(CS4)CSc5nnnn5C)C(=O)[O-],644.672,-2.4466999999999945,3.0,14.0,2.0,,,
4016,CCCCc1c(c2ccccc2o1)C(=O)c3cc(c(c(c3)I)OCC[NH+](CC)CC)I,646.3270000000002,5.519100000000006,1.0,3.0,2.0,,,
4017,C[C@@H]1[C@H]([C@@H]([C@H]([C@H](O1)O[C@@H]2[C@H](O[C@@H]([C@@H]([C@H]2O)O)O[C@@H]3[C@H](O[C@H]([C@@H]([C@H]3O)O)O)CO)CO)O)O)[NH2+][C@H]4C=C([C@@H]([C@@H]([C@H]4O)O)O)CO,646.6160000000004,-9.590700000000018,14.0,18.0,3.0,,,
4018,CC[NH+]1CC2(C(CC([C@]34[C@H]1C(C(C32)OC)[C@]5([C@H](C([C@]6(CC4C5[C@H]6OC(=O)c7ccccc7)O)OC)O)OC(=O)C)OC)O)COC,646.7540000000002,-0.7689999999999901,4.0,11.0,2.0,,,
4019,CC[NH+]1C[C@@]2([C@@H](C[C@@H]([C@@]34[C@@H]2[C@H]([C@@H](C31)[C@@]5([C@@H]6[C@H]4C[C@@]([C@@H]6OC(=O)c7ccccc7)([C@H]([C@@H]5O)OC)O)OC(=O)C)OC)OC)O)COC,646.7540000000002,-0.7689999999999901,4.0,11.0,2.0,,,
4020,[C@@H]1([C@@H]([C@@H]([C@@H]([C@H]([C@@H]1OP(=O)([O-])[O-])OP(=O)([O-])[O-])OP(=O)([O-])[O-])OP(=O)([O-])[O-])OP(=O)([O-])[O-])OP(=O)([O-])[O-],647.9340000000003,-10.716600000000003,0.0,24.0,2.0,,,
4021,CCCCC/C=C/C=C/C12O[C@@H]3[C@@H]4[C@H]5[C@](O5)([C@H]([C@]6([C@H]([C@@]4(O1)[C@@H]([C@H]([C@@]3(O2)C(=C)C)OC(=O)c7ccccc7)C)C=C(C6=O)C)O)O)CO,648.7490000000004,3.7044000000000037,3.0,10.0,1.0,,,
4022,C[NH+]1CCc2c3cc(c(c2Oc4c5c(ccnc5Cc6ccc(cc6)Oc7cc(ccc7OC)CC31)c(c8c4OCO8)OC)OC)OC,649.7200000000003,5.841300000000006,1.0,9.0,2.0,,,
4023,CC1=C2[C@H]([C@@H]([C@@]3(CC[C@@H](C(=C)[C@H]3[C@@H](C(C2(C)C)C[C@@H]1OC(=O)C)OC(=O)C)OC(=O)/C=C/c4ccccc4)C)OC(=O)C)OC(=O)C,650.7650000000002,5.687100000000006,0.0,10.0,2.0,,,
4024,c1cc(c(cc1Oc2c(cc(cc2I)C[C@@H](C(=O)[O-])[NH3+])I)I)O,650.9760000000001,1.9011999999999993,2.0,4.0,1.0,,,
4025,C[N+]1(CCc2cc(c3cc2[C@@H]1Cc4ccc(cc4)Oc5c6c(cc(c5OC)OC)CC[N+]([C@@H]6Cc7ccc(c(c7)O3)OC)(C)C)OC)C,652.8320000000003,7.451600000000009,0.0,6.0,2.0,,,
4026,CCCCCCCCCCCCCCCC(=O)O[C@H]1CC[C@@]2([C@H]3CC[C@]4([C@H](C3CC=C2C1)CC[C@@H]4[C@H](C)CCC(CC)C(C)C)C)C,653.133,14.056999999999972,0.0,2.0,2.0,,,
4027,CCOC(=O)c1cc(=O)c2c(o1)cccc2OCC(COc3cccc4c3c(=O)cc(o4)C(=O)OCC)OC(=O)[C@H](CCCC[NH3+])[NH3+],654.669,1.645100000000002,2.0,12.0,2.0,,,
4028,C[NH+]1CCc2cc(c3cc2[C@@H]1Cc4ccc(cc4)Oc5cc(ccc5OC)C[C@H]6c7c(c(c(c(c7O3)OC)OC)OC)CC[NH+]6C)OC,654.8040000000001,4.336800000000002,2.0,7.0,1.0,,,
4029,C[NH+]1CCc2c3cc(c(c2Oc4c5c(cc(c4OC)OC)CC[NH+]([C@H]5Cc6ccc(c(c6)Oc7ccc(cc7)C[C@@H]31)OC)C)OC)OC,654.8040000000002,4.336800000000004,2.0,7.0,1.0,,,
4030,CC(C)C[C@H]1C(=O)N2CCC[C@H]2[C@]3(N1C(=O)[C@](O3)(C(C)C)NC(=O)[C@H]4C[NH+]([C@@H]5Cc6c7c(cccc7[nH]c6Br)C5=C4)C)O,655.6140000000003,1.7757000000000027,4.0,5.0,1.0,,,
4031,COc1cc(cc(c1O)OC)[C@@H]2c3cc4c(cc3[C@H]([C@@H]5[C@@H]2C(=O)OC5)O[C@H]6[C@@H]([C@H]([C@H]7[C@H](O6)COC(O7)c8cccs8)O)O)OCO4,656.6620000000005,2.7529000000000012,3.0,14.0,2.0,,,
4032,COC[C@@H]1[C@H]([C@@H]([C@H]([C@@H](O1)O[C@@H]2[C@H](O[C@H]([C@@H]([C@H]2OC)OC)O[C@@H]3[C@H](O[C@H]([C@@H]([C@H]3OC)OC)OC)COC)COC)OC)OC)OC,658.7350000000002,-0.37789999999998747,0.0,16.0,2.0,,,
4033,C[NH+]1CCC23CC(=O)C(=CC2C1Cc4c3c(cc(c4c5c(cc(c6c5CC7C8C6(CC[NH+]7C)CC(=O)C(=C8)OC)O)OC)OC)O)OC,658.7920000000005,1.182400000000002,4.0,8.0,1.0,,,
4034,CC(C)(C)CC(C)(C)c1cc(c(c(c1)n2nc3ccccc3n2)O)Cc4cc(cc(c4O)n5nc6ccccc6n5)C(C)(C)CC(C)(C)C,658.8909999999998,9.584000000000001,2.0,8.0,2.0,,,
4035,c1ccc(cc1)N(CCC(=O)[O-])C(=O)c2c(cc(c(c2I)N)I)I,660.995,2.8694000000000006,1.0,4.0,1.0,,,
4036,C[C@H]1[C@@H]([C@H]([C@H]([C@@H](O1)Oc2c(=O)c3c(cc(c(c3oc2c4ccc(cc4)O)CC=C(C)C)O[C@H]5[C@@H]([C@H]([C@@H]([C@H](O5)CO)O)O)O)[O-])O)O)O,661.6330000000006,-0.8671000000000002,8.0,15.0,3.0,,,
4037,Cc1cc2c(c(c1C3=C(C\4C(=C(C(C(=O)/C4=C\[NH2+][C@H](C)C(=O)[O-])O)C(C)C)C=C3C)O)O)/C(=C/[NH2+][C@@H](C)C(=O)[O-])/C(=O)C(=C2C(C)C)O,662.7360000000002,-0.42177999999999366,6.0,10.0,2.0,,,
4038,CCCCCCCCCCCCCCCC(=O)O[C@@H]1[C@H]([C@H]([C@H](O[C@@H]1SC)C(C(C)Cl)NC(=O)[C@@H]2C[C@H](C[NH+]2C)CCC)O)O,664.4139999999999,5.004600000000005,4.0,7.0,2.0,,,
4039,CCCCCCCCCCCCCCCC(=O)O[C@H]1CC[C@]2([C@H](C1(C)C)CC[C@@]3([C@@H]2CC=C4[C@]3(CC[C@@]5([C@H]4[C@H]([C@@H](CC5)C)C)C)C)C)C,665.1440000000001,14.056999999999972,0.0,2.0,2.0,,,
4040,CCCCCCCCCCCCCCCC(=O)O[C@@H]1[C@@]([C@H]2[C@@]([C@@H]3[C@]([C@]4([C@@H]([C@@H]5[C@@](CC4)(CCC(=C)[C@H]5C)C)CC3)C)(CC2)C)(CC1)C)(C)C,665.1439999999998,14.056999999999972,0.0,2.0,2.0,,,
4041,C[C@@H]1C/C=C/C=C/C=C/C=C/[C@@H](C[C@H]2[C@@H]([C@H](C[C@](O2)(C[C@H](C[C@@H]3[C@H](O3)/C=C/C(=O)O1)O)O)O)C(=O)[O-])OC4[C@H]([C@H]([C@@H]([C@H](O4)C)O)[NH3+])O,665.7330000000003,-1.931799999999991,6.0,13.0,3.0,,,
4042,C[C@@]12CCC3[C@@]([C@H]1CC=C4[C@]2(CC[C@@]5([C@@H]4CC([C@H](C5)O)(C)C)C(=O)[O-])C)(C[C@H]([C@@H]([C@@]3(C)CO)O[C@H]6[C@@H]([C@H]([C@@H]([C@H](O6)CO)O)O)O)O)C,665.8410000000006,0.6371000000000022,7.0,11.0,3.0,,,
4043,CCCCCCCCCCCCCCCC(=O)O[C@@H]1CCCn2c1nc(c(c2=O)CC[NH+]3CCC(CC3)c4c5ccc(cc5on4)F)C,665.9150000000002,7.696420000000009,1.0,7.0,2.0,,,
4044,C([C@@H]1[C@H]([C@@H]([C@H]([C@H](O1)OC[C@@H]2[C@H]([C@@H]([C@H]([C@H](O2)O[C@@H]3[C@H](O[C@@H]([C@@H]([C@H]3O)O)O)CO)O)O)O[C@@H]4[C@@H]([C@H]([C@@H]([C@H](O4)CO)O)O)O)O)O)O)O,666.5790000000006,-9.748800000000001,14.0,21.0,3.0,,,
4045,C([C@@H]1[C@H]([C@@H]([C@H]([C@@H](O1)O)O)O[C@H]2[C@@H]([C@H]([C@@H]([C@H](O2)CO[C@H]3[C@@H]([C@H]([C@@H]([C@H](O3)CO)O)O)O)O)O[C@H]4[C@@H]([C@H]([C@@H]([C@H](O4)CO)O)O)O)O)O)O,666.5790000000006,-9.748800000000006,14.0,21.0,3.0,,,
4046,C([C@@H]1[C@@H]([C@@H]([C@H]([C@H](O1)OC[C@@H]2[C@@H]([C@@H]([C@H]([C@H](O2)OC[C@@H]3[C@H]([C@@H]([C@H]([C@H](O3)O[C@]4([C@H]([C@@H]([C@H](O4)CO)O)O)CO)O)O)O)O)O)O)O)O)O)O,666.5790000000009,-9.7472,14.0,21.0,3.0,,,
4047,C[C@@H]1[C@H]([C@H](C[C@@H](O1)O[C@H]2CC[C@@]3([C@H]4CC[C@@]5([C@H](CC[C@@]5([C@@H]4CC[C@@]3(C2)O)O)C6=CC(=O)OC6)C)C=O)O)O[C@H]7[C@@H]([C@H]([C@@H](CO7)O)O)O,666.7610000000005,0.24250000000000266,6.0,13.0,3.0,,,
4048,C=CC[N@@+]12[C@@H]3[C@@]4([C@H]/5N(c6c4cccc6)/C=C/7\[C@@H]8N(c9c(cccc9)[C@]84[C@H]6[N@+](C/C(=C/CO)/[C@@H]7C6)(CC4)CC=C)/C=C5/[C@@H](C3)/C(=C\CO)/C1)CC2,666.91,5.475600000000007,2.0,4.0,2.0,,,
4049,CCOC(=O)Oc1c(cc(cc1OC)C(=O)O[C@@H]2C[C@@H]3C[NH+]4CCc5c6ccc(cc6[nH]c5[C@H]4C[C@@H]3[C@@H]([C@H]2OC)C(=O)OC)OC)OC,667.7320000000003,3.280700000000002,2.0,11.0,2.0,,,
4050,C[NH+]1CCc2c3cc(c(c2Oc4c5c(c(c6c4OCO6)OC)CC[NH+](C5Cc7ccc(cc7)Oc8cc(ccc8OC)CC31)C)OC)OC,668.7870000000001,4.056900000000002,2.0,8.0,1.0,,,
4051,CCCC(=O)OCC/C(=C(/C)\N(Cc1cnc(nc1N)C)C=O)/S/C(=C(/C)\N(Cc2cnc(nc2N)C)C=O)/CCOC(=O)CCC,670.837,4.327840000000003,2.0,13.0,2.0,,,
4052,CCCCCC(C1C(CC(CC(CC(CC(CC(C(C(/C(=C/C=C/C=C/C=C/C=C/C(C(OC1=O)C)O)/C)O)O)O)O)O)O)O)O)O,670.8370000000007,0.8588000000000018,10.0,12.0,3.0,,,
4053,CC(C)(C)NC(=O)[C@@H]1C[C@@H]2CCCC[C@@H]2C[NH+]1C[C@H]([C@H](Cc3ccccc3)NC(=O)[C@H](CC(=O)N)NC(=O)c4ccc5ccccc5n4)O,671.8630000000002,1.675300000000005,6.0,6.0,2.0,,,
4054,C1C[NH+]=C(N[C@H]1[C@H]2C(=O)NC[C@@H](C(=O)N[C@H](C(=O)N[C@H](C(=O)N/C(=C/NC(=O)N)/C(=O)N2)CNC(=O)C[C@H](CCC[NH3+])[NH3+])CO)[NH3+])N,672.7489999999997,-12.30459999999997,15.0,10.0,2.0,,,
4055,C[C@H]1[C@@H]([C@H]([C@H]([C@@H](O1)COc2c(=O)c3ccc(c(c3oc2c4ccc(cc4)OC)CC=C(C)C)O[C@H]5[C@@H]([C@H]([C@@H]([C@H](O5)CO)O)O)O)O)O)O,674.6960000000007,0.40479999999999944,7.0,14.0,3.0,,,
4056,CCCCCCCCCCCCCC(=O)OC[C@H](COP(=O)([O-])OCC[N+](C)(C)C)OC(=O)CCCCCCCCCCCCC,677.9449999999996,9.051400000000005,0.0,8.0,2.0,,,
4057,CCP(=[Au]S[C@H]1[C@@H]([C@H]([C@@H]([C@H](O1)COC(=O)C)OC(=O)C)OC(=O)C)OC(=O)C)(CC)CC,678.4910000000001,2.7925000000000004,0.0,10.0,1.0,,,
4058,Cc1c(ccc(c1)c2cc(c(cc2)/N=N/c3c(c4c(c(c3)S(=O)(=O)[O-])cccc4)N)C)/N=N/c5c(c6c(c(c5)S(=O)(=O)[O-])cccc6)N,678.7520000000002,8.080240000000007,2.0,12.0,3.0,,,
4059,CCC[C@@H](C(=O)C(=O)NC1CC1)NC(=O)[C@@H]2[C@H]3CCC[C@H]3CN2C(=O)[C@H](C(C)(C)C)NC(=O)[C@H](C4CCCCC4)NC(=O)c5cnccn5,679.8629999999999,2.4459000000000026,4.0,8.0,1.0,,,
4060,c1cc(cc(c1)O)c2c3ccc([nH]3)c(c4nc(c(c5ccc([nH]5)c(c6nc2CC6)c7cccc(c7)O)c8cccc(c8)O)C=C4)c9cccc(c9)O,680.7640000000004,9.760799999999994,6.0,6.0,3.0,,,
4061,CCO/N=C(/c1nc(sn1)NP(=O)([O-])[O-])\C(=O)N[C@H]2[C@@H]3N(C2=O)C(=C(CS3)Sc4nc(cs4)c5cc[n+](cc5)C)C(=O)[O-],682.6840000000002,-1.3789999999999973,2.0,16.0,2.0,,,
4062,C[NH+]1CCc2cc(c(c-3c2[C@@H]1Cc4c3cc(c(c4)Oc5c(ccc(c5OC)OC)C[C@H]6c7cc(c(cc7CC[NH+]6C)OC)OC)OC)O)OC,684.8300000000004,3.9257000000000026,3.0,8.0,1.0,,,
4063,C/C=C\1/[C@@H](OC=C(C1CC(=O)OC[C@@H]2[C@H]([C@@H]([C@H]([C@@H](O2)OCCc3ccc(cc3)O)O)O)O)C(=O)OC)O[C@H]4[C@@H]([C@H]([C@@H]([C@H](O4)CO)O)O)O,686.6600000000005,-2.515599999999994,8.0,17.0,3.0,,,
4064,C[C@H](c1ccc(cc1)S(=O)(=O)N(CCC(C)C)[C@@H](CCC[C@H](C2CC2)NC(=O)[C@H](C(c3ccc(cc3)F)c4ccc(cc4)F)[NH3+])CO)O,686.8860000000003,4.923500000000005,4.0,5.0,1.0,,,
4065,C1[C@@H](NC(=[NH+][C@H]1O)N)[C@H]2C(=O)NC[C@@H](C(=O)N[C@H](C(=O)N[C@H](C(=O)N/C(=C\\NC(=O)N)/C(=O)N2)CO)CO)NC(=O)C[C@H](CCC[NH3+])[NH3+],688.7239999999998,-12.235799999999989,16.0,12.0,3.0,,,
4066,CC1=C(C(C([C@]([NH2+]1)(C)c2ccc(cc2)N3CC[NH+](CC3)C(c4ccccc4)c5ccccc5)C(=O)OC)c6cccc(c6)[N+](=O)[O-])C(=O)OC=C,688.8250000000003,4.415200000000004,2.0,7.0,1.0,,,
4067,C[C@@H]1C[C@@H]([C@H]([C@@H](O1)O[C@H]2[C@H](C[C@@]3(CO3)C(=O)[C@@H]([C@H]([C@H]([C@H](OC(=O)[C@@H]([C@H]([C@@H]2C)O[C@H]4C[C@@H]([C@H]([C@@H](O4)C)O)OC)C)C)C)O)C)C)O)[NH+](C)C,688.8760000000001,0.49140000000000705,4.0,12.0,2.0,,,
4068,CC[NH+]1CC2(C(CC(C34C2C(C(C31)C5(CC(C6(CC4C5C6OC(=O)c7ccc(c(c7)OC)OC)O)OC)OC(=O)C)OC)OC)O)COC,690.8070000000002,0.27740000000000836,3.0,12.0,2.0,,,
4069,C[C@@H]1[C@@H]2C[C@]([C@@H](/C=C/C=C(/Cc3cc(c(c(c3)OC)Cl)N(C(=O)C[C@@H]([C@]4([C@H]1O4)C)OC(=O)[C@H](C)N(C)C(=O)C)C)\C)OC)(NC(=O)O2)O,692.2060000000002,3.534400000000002,2.0,10.0,1.0,,,
4070,CC1[C@@H](C(C[C@H](O1)O)O)OCC2[C@H](C(C([C@@H](O2)O[C@H]3CC[C@@]4(C5CC[C@@]6([C@H](CC[C@@]6(C5CC[C@@]4(C3)O)O)C7=CC(=O)OC7)C)C)O)OC)O,696.8310000000006,1.0785000000000022,6.0,13.0,3.0,,,
4071,CC1[C@@H](C(C[C@H](O1)O)O)OCC2[C@H](C(C([C@@H](O2)O[C@H]3CC[C@@]4(C5CC[C@@]6([C@H](CC[C@@]6(C5CC[C@@]4(C3)O)O)C7=CC(=O)OC7)C)CO)O)O)O,698.8030000000007,-0.6031999999999956,8.0,14.0,3.0,,,
4072,C[NH+]1CCc2cc(c(c-3c2[C@@H]1Cc4c3cc(c(c4)Oc5cc(c(cc5C[C@H]6c7cc(c(cc7CC[NH+]6C)OC)OC)OC)OC)OC)OC)OC,698.8570000000003,4.228700000000004,2.0,8.0,1.0,,,
4073,CC[C@@H]([C@H](C)O)n1c(=O)n(cn1)c2ccc(cc2)N3CCN(CC3)c4ccc(cc4)OC[C@H]5C[C@](OC5)(Cn6cncn6)c7ccc(cc7F)F,700.7910000000003,4.5732000000000035,1.0,12.0,2.0,,,
4074,Cc1nc(c(cn1)CN(/C(=C(\SS/C(=C(\N(C=O)Cc2c(nc(nc2)C)N)/C)/CCOC(=O)C(C)C)/CCOC(=O)C(C)C)/C)C=O)N,702.9040000000001,4.687840000000004,2.0,14.0,2.0,,,
4075,CC[C@H](C)[C@@H]([C@@H](CC(=O)N1CC[C@H](C1)[C@@H]([C@@H](C)C(=O)NCCc2ccccc2)OC)OC)N(C)C(=O)[C@H](C(C)C)NC(=O)[C@H](C(C)C)[NH+](C)C,703.0020000000001,2.433000000000006,3.0,6.0,1.0,,,
4076,c1ccc(c(c1)c2c3cc(c(c(c3oc-4cc(=O)c(cc24)Br)[Hg]O)[O-])Br)C(=O)[O-],704.676,2.142000000000001,1.0,6.0,1.0,,,
4077,CC(C)(C)[C@@H](C(=O)N[C@@H](Cc1ccccc1)[C@H](CN(Cc2ccc(cc2)c3ccccn3)NC(=O)[C@H](C(C)(C)C)NC(=O)OC)O)NC(=O)OC,704.8690000000001,4.2116000000000025,5.0,9.0,1.0,,,
4078,CCC(C)n1c(=O)n(cn1)c2ccc(cc2)N3CCN(CC3)c4ccc(cc4)OC[C@H]5CO[C@](O5)(Cn6cncn6)c7ccc(cc7Cl)Cl,705.6470000000003,5.5773000000000055,0.0,12.0,3.0,,,
4079,CCC(C)(C)OC(=O)N[C@@H](Cc1c[nH]c2c1cccc2)C(=O)N[C@@H](CCSC)C(=O)N[C@@H](CC(=O)[O-])C(=O)N[C@@H](Cc3ccccc3)C(=O)N,709.8460000000001,1.069300000000006,6.0,9.0,2.0,,,
4080,C[C@@H]1[C@H]([C@H](C[C@@H](O1)O[C@H]2CC[C@@]3([C@H]4CC[C@@]5([C@H](CC[C@@]5([C@@H]4CC[C@@]3(C2)O)O)C6=CC(=O)OC6)C)C=O)OC)O[C@H]7[C@@H]([C@H]([C@@H]([C@H](O7)CO)O)O)O,710.8140000000005,0.2575000000000039,6.0,14.0,3.0,,,
4081,Cc1cc(ccc1N)C(=C2C=CC(=Nc3ccc4ccccc4c3S(=O)(=O)[O-])C=C2)c5ccc(cc5)Nc6ccc7ccccc7c6S(=O)(=O)[O-],711.8210000000003,8.136020000000007,2.0,9.0,2.0,,,
4082,C[C@H]1[C@@H]([C@H]([C@H]([C@@H](O1)O[C@H]2CC[C@@]3([C@H]4CC[C@@]5([C@H](CC[C@@]5([C@@H]4CC[C@@]3(C2)O)O)C6=CC(=O)OC6)C)C=O)O)O)O[C@H]7[C@@H]([C@H]([C@@H]([C@H](O7)CO)O)O)O,712.7860000000007,-1.425799999999995,8.0,15.0,3.0,,,
4083,Cc1c(c(c(c2c1O[C@](CC2)(C)CCC[C@H](C)CCC[C@H](C)CCCC(C)C)C)OC(=O)/C=C(\C)/C=C/C=C(\C)/C=C/C3=C(CCCC3(C)C)C)C,713.1439999999999,14.571659999999968,0.0,3.0,2.0,,,
4084,CCCCCCCCCCCCCCCC(=O)OCCC1CC[NH+](CC1)CCCN2c3ccccc3Sc4c2cc(cc4)S(=O)(=O)N(C)C,715.1030000000002,8.639200000000006,1.0,6.0,2.0,,,
4085,COc1cc(c2c(c1)oc3c(cc(c(c3c2=O)[O-])c4c(c(c(c5c4oc(cc5=O)c6ccc(c(c6)O)O)[O-])[C@H]7[C@@H]([C@H]([C@@H]([C@H](O7)CO)O)O)O)O)O)[O-],717.5680000000007,-0.04669999999999824,8.0,17.0,3.0,,,
4086,Cc1c2cc3nc(cc4[nH]c(cc5nc(cc(c1CCC(=O)[O-])[nH]2)C(=C5C)CCC(=O)OC)[C@]6(C4=CC=C([C@H]6C(=O)OC)C(=O)OC)C)C(=C3C=C)C,717.7990000000002,5.272220000000005,2.0,10.0,2.0,,,
4087,CC(=O)OC(C)(C)/C=C/C(=O)[C@@](C)([C@H]1[C@@H](C[C@@]2([C@@]1(CC(=O)[C@@]3([C@H]2CC=C4[C@H]3C=C(C(=O)C4(C)C)OC5[C@@H]([C@H]([C@@H]([C@H](O5)CO)O)O)O)C)C)C)O)O,718.8370000000006,1.448700000000001,6.0,13.0,3.0,,,
4088,CC(C)c1nc(cs1)CN(C)C(=O)N[C@@H](C(C)C)C(=O)N[C@@H](Cc2ccccc2)C[C@@H]([C@H](Cc3ccccc3)NC(=O)OCc4cncs4)O,720.9620000000002,5.905200000000007,4.0,9.0,2.0,,,
4089,CCCCC(=O)OCC(=O)[C@@]1(Cc2c(c(c3c(c2[O-])C(=O)c4cccc(c4C3=O)OC)[O-])[C@H](C1)OC5CC(C(C(O5)C)O)NC(=O)C(F)(F)F)O,721.6340000000006,1.1981999999999997,3.0,13.0,2.0,,,
4090,c1c2c(cc(c1O[C@H]3C([C@H](C([C@H](O3)CO)O)O)O[C@H]4C([C@H](C([C@H](O4)C(=O)[O-])O)O)O)O)/[N+](=C/C=C/5\CC([NH2+]C(=C5)C(=O)[O-])C(=O)[O-])/[C@@H](C2)C(=O)[O-],724.5810000000001,-10.812100000000012,8.0,19.0,3.0,,,
4091,CC1C(C(C(C(O1)OC2CCC3(C4CCC5(C(CCC5(C4CCC3(C2)O)O)c6ccc(=O)oc6)C)C=O)O)O)OC7C(C(C(C(O7)CO)O)O)O,724.7970000000007,-0.788199999999996,8.0,15.0,3.0,,,
4092,C(C(COC(C(Cl)(Cl)Cl)O)(COC(C(Cl)(Cl)Cl)O)COC(C(Cl)(Cl)Cl)O)OC(C(Cl)(Cl)Cl)O,725.6990000000001,4.793600000000005,4.0,8.0,1.0,,,
4093,c1ccc(cc1)C2(CCC(CC2)OP(=O)([O-])OC[C@@H](CN(CC[NH+](CC(=O)[O-])CC(=O)[O-])CC(=O)[O-])N(CC(=O)[O-])CC(=O)[O-])c3ccccc3,732.6560000000003,-6.976100000000021,1.0,16.0,2.0,,,
4094,CCCCCCCCCCCCCCCC(=O)OCC(COP(=O)([O-])OCC[N+](C)(C)C)OC(=O)CCCCCCCCCCCCCCC,734.0529999999993,10.611799999999995,0.0,8.0,2.0,,,
4095,CC1C2CC(C(/C=C/C=C(/Cc3cc(c(c(c3)OC)Cl)N(C(=O)CC(C4(C1O4)C)OC(=O)C(C)N(C)C(=O)CC(C)C)C)\C)OC)(NC(=O)O2)O,734.2870000000001,4.560600000000004,2.0,10.0,1.0,,,
4096,CC[C@@H]1[C@@]([C@@H]([C@H](C(=O)[C@@H](C[C@@]([C@@H]([C@H]([C@@H]([C@H](C(=O)O1)C)O[C@H]2C[C@@]([C@H]([C@@H](O2)C)O)(C)OC)C)O[C@H]3[C@@H]([C@H](C[C@H](O3)C)[NH+](C)C)O)(C)O)C)C)O)(C)O,734.9450000000003,0.36850000000000765,6.0,13.0,3.0,,,
4097,CC1C(C(C(C(O1)CO)OC2C(C(C(C(O2)COC3C(C(C(C(O3)CO)OC)O)O)OC4C(C(C(C(O4)CO)OC)O)OCCO)O)O)O)O,736.7140000000005,-7.353899999999998,11.0,21.0,3.0,,,
4098,C[C@H]1[C@@H]([C@H]([C@H]([C@@H](O1)OC[C@@H]2[C@@H]([C@@H]([C@H]([C@@H](O2)Oc3c(=O)c4c(cc(cc4oc3c5ccc(cc5)O)O[C@H]6[C@@H]([C@@H]([C@H]([C@@H](O6)C)O)O)O)[O-])O)O)O)O)O)O,739.6560000000009,-3.523999999999996,10.0,19.0,3.0,,,
4099,C[C@H]1[C@@H]([C@H]([C@H]([C@@H](O1)OC[C@@H]2[C@H]([C@@H]([C@H]([C@@H](O2)Oc3c(=O)c4c(cc(cc4oc3c5ccc(c(c5)OCCO)OCCO)OCCO)[O-])O)O)O)O)O)O,741.6720000000006,-3.3225999999999956,9.0,19.0,3.0,,,
4100,CC(=O)N[C@@H]1[C@H]([C@@H]([C@H](O[C@H]1O[C@@H]2[C@H](OC([C@@H]([C@H]2O)NC(=O)C)NC(=O)C[C@@H](C(=O)N)NC(=O)C)CO)CO)O[C@H]3[C@H]([C@H]([C@@H]([C@H](O3)CO)O)O)O)O,741.7010000000006,-8.78140000000002,13.0,18.0,3.0,,,
4101,CC[C@H]1CCC[C@@H]([C@H](C(=O)C2=C[C@H]3[C@@H]4C[C@@H](C[C@H]4C(=C[C@H]3[C@@H]2CC(=O)O1)C)O[C@H]5[C@@H]([C@@H]([C@H]([C@@H](O5)C)OC)OC)OC)C)O[C@H]6CC[C@@H]([C@H](O6)C)[NH+](C)C,747.003,4.460400000000007,1.0,10.0,1.0,,,
4102,CC(COCC1C(C(C(C(O1)OC)OCC(C)O)OCC(C)O)OC2C(C(C(C(O2)COC)OC3C(C(C(C(O3)CO)OC)O)O)OC)OC)O,748.8130000000004,-3.0871999999999837,6.0,19.0,3.0,,,
4103,CC[C@@H]1[C@@]([C@@H]([C@H](C(=O)[C@@H](C[C@@]([C@@H]([C@H]([C@@H]([C@H](C(=O)O1)C)O[C@H]2C[C@@]([C@H]([C@@H](O2)C)O)(C)OC)C)O[C@H]3[C@@H]([C@H](C[C@H](O3)C)[NH+](C)C)O)(C)OC)C)C)O)(C)O,748.9720000000002,1.0226000000000077,5.0,13.0,2.0,,,
4104,CC1=C(C(=O)C(=CC1=O)C/C=C(\C)/CC/C=C(\C)/CC/C=C(\C)/CC/C=C(\C)/CC/C=C(\C)/CC/C=C(\C)/CC/C=C(\C)/CC/C=C(\C)/CCC=C(C)C)C,749.2209999999998,16.569299999999963,0.0,2.0,2.0,,,
4105,C[C@H]1[C@@H]([C@H]([C@H]([C@@H](O1)O[C@@H]2[C@H]([C@H](CO[C@H]2O[C@H]3CC[C@]4([C@H]([C@]3(C)CO)CC[C@@]5([C@@H]4CC=C6[C@]5(CC[C@@]7([C@H]6CC(CC7)(C)C)C(=O)[O-])C)C)C)O)O)O)O)O,749.9590000000005,2.186400000000004,6.0,12.0,3.0,,,
4106,CC[C@H]([C@H]1CC[C@@H]([C@@H](O1)[C@@H](C)[C@@H]([C@H](C)C(=O)[C@H](CC)[C@@H]2[C@H](C[C@H]([C@]3(O2)C=C[C@H]([C@@]4(O3)CC[C@@](O4)(C)[C@H]5CC[C@@]([C@@H](O5)C)(CC)O)O)C)C)O)C)C(=O)[O-],750.0030000000003,4.853300000000007,3.0,11.0,2.0,,,
4107,CC[C@@H]1[C@@]([C@@H]([C@H]([NH+](C[C@@H](C[C@@]([C@@H](C([C@@H]([C@H](C(=O)O1)C)O[C@H]2C[C@@]([C@H]([C@@H](O2)C)O)(C)OC)C)O[C@H]3[C@@H]([C@H](C[C@H](O3)C)[NH+](C)C)O)(C)O)C)C)C)O)(C)O,751.0120000000003,-0.9334999999999893,7.0,12.0,3.0,,,
4108,CC[C@@]1(C[C@@H]2C[C@@](c3c(c4ccccc4[nH]3)CC[NH+](C2)C1)(c5cc6c(cc5OC)N([C@@H]7[C@]68CC[NH+]9[C@H]8[C@@](C=CC9)([C@H]([C@@]7(C(=O)N)O)O)CC)C)C(=O)OC)O,755.9570000000002,-0.10179999999999162,7.0,8.0,2.0,,,
4109,c1cc(ccc1/C=C/C(=O)OCC2C(C(C(C(O2)OC3=Cc4c(cc(cc4OC5C(C(C(C(O5)CO)O)O)O)O)O=C3c6ccc(c(c6)O)O)O)O)O)O,,,,,,,,
4110,CCCCCCCCCCCCCCCC(=O)OC[C@H](COP(=O)([O-])OCC[N+](C)(C)C)OC(=O)CCCCCCC/C=C\CCCCCCCC,760.0909999999993,11.167999999999992,0.0,8.0,2.0,,,
4111,CC1=C2[C@H](C(=O)[C@@]3([C@H](C[C@@H]4[C@]([C@H]3[C@@H]([C@@](C2(C)C)(C[C@@H]1OC(=O)C)O)OCc5ccccc5)(CO4)OC(=O)C)OC(=O)/C=C/c6ccc(cc6)O)C)OC(=O)C,760.8330000000003,4.553100000000004,2.0,13.0,2.0,,,
4112,CC[C@H]([C@H]1[C@H](C[C@@H]([C@@H](O1)[C@@H](C)[C@@H]([C@H](C)C(=O)[C@H](CC)[C@@H]2[C@H](C[C@H]([C@]3(O2)C=C[C@H]([C@@]4(O3)CC[C@@](O4)(C)[C@H]5CC[C@@]([C@@H](O5)C)(CC)O)O)C)C)O)C)C)C(=O)[O-],764.0300000000003,5.099300000000007,3.0,11.0,3.0,,,
4113,C[C@@H]1[C@H]([C@H](C[C@@H](O1)O[C@@H]2[C@H](O[C@H](C[C@@H]2O)O[C@@H]3[C@H](O[C@H](C[C@@H]3O)O[C@H]4CC[C@]5([C@@H](C4)CC[C@@H]6[C@@H]5CC[C@]7([C@@]6(CC[C@@H]7C8=CC(=O)OC8)O)C)C)C)C)O)O,764.9500000000003,3.2473000000000027,5.0,13.0,2.0,,,
4114,CC(C)COC(=O)NCCC(=O)N[C@@H](Cc1c[nH]c2c1cccc2)C(=O)N[C@@H](CCSC)C(=O)N[C@@H](CC(=O)[O-])C(=O)N[C@@H](Cc3ccccc3)C(=O)N,766.898,0.043000000000008476,7.0,10.0,2.0,,,
4115,c1cn(c(=O)nc1N)[C@H]2C[C@@H]([C@H](O2)COP(=O)([O-])OP(=O)([O-])OP(=O)([O-])OP(=O)([O-])OC[C@@H]3[C@H]([C@H]([C@H](O3)n4ccc(=O)[nH]c4=O)O)O)O,769.2920000000003,-5.400099999999994,5.0,25.0,2.0,,,
4116,C[C@H]1CC[C@]2(C[C@@H]3C[C@H](O2)C/C=C(/[C@H]([C@H](/C=C/C=C/4\CO[C@H]\5[C@@]4([C@@H](C=C(/C5=N/O)C)C(=O)O3)O)C)O[C@H]6C[C@@H]([C@H]([C@@H](O6)C)O)OC)\C)O[C@@H]1C7CCCCC7,769.973,6.069800000000006,3.0,12.0,3.0,,,
4117,Cc1nc(c(cn1)CN(/C(=C(\SS/C(=C(\N(C=O)Cc2c(nc(nc2)C)N)/C)/CCOC(=O)c3ccccc3)/CCOC(=O)c4ccccc4)/C)C=O)N,770.9380000000002,6.003440000000005,2.0,14.0,3.0,,,
4118,CC(=O)N[C@@H]1[C@H]([C@@H]([C@H](OC1O)CO)O)O[C@H]2[C@@H]([C@H]([C@@H](C(O2)C(=O)[O-])O[C@H]3[C@@H](C([C@@H]([C@H](O3)CO)O)O[C@@H]4[C@@H]([C@H](C([C@H](O4)C(=O)[O-])O)O)O)NC(=O)C)O)O,774.6350000000006,-11.946000000000016,12.0,23.0,3.0,,,
4119,Cc1c(c(c(c(c1Cc2cc(c(c(c2)C(C)(C)C)O)C(C)(C)C)C)Cc3cc(c(c(c3)C(C)(C)C)O)C(C)(C)C)C)Cc4cc(c(c(c4)C(C)(C)C)O)C(C)(C)C,775.2149999999999,14.28605999999997,3.0,3.0,2.0,,,
4120,c1c(cc(c(c1I)Oc2cc(c(c(c2)I)[O-])I)I)C[C@@H](C(=O)[O-])[NH3+],775.8639999999999,1.8738000000000006,1.0,4.0,1.0,,,
4121,c1c(cc(c(c1I)Oc2cc(c(c(c2)I)[O-])I)I)CC(C(=O)[O-])[NH3+],775.8639999999999,1.8738000000000006,1.0,4.0,1.0,,,
4122,c1c(cc(c(c1I)Oc2cc(c(c(c2)I)[O-])I)I)C[C@H](C(=O)[O-])[NH3+],775.8639999999999,1.8738000000000006,1.0,4.0,1.0,,,
4123,C[C@@H](C(=O)Nc1c(c(c(c(c1I)C(=O)NC(CO)CO)I)C(=O)NC(CO)CO)I)O,777.0880000000001,-1.0143000000000004,8.0,8.0,2.0,,,
4124,CN(c1c(c(c(c(c1I)C(=O)NCC(CO)O)I)C(=O)NCC(CO)O)I)C(=O)CO,777.0880000000001,-1.3784999999999996,7.0,8.0,2.0,,,
4125,C[C@]12CC[C@@H](C([C@@H]1CC[C@@]3([C@@H]2CC=C4[C@]3(CC[C@@]5([C@H]4CC(CC5)(C)C)C(=O)[O-])C)C)(C)C)OC6[C@@H]([C@H]([C@@H]([C@H](O6)CO)O)O)OC7[C@@H]([C@H]([C@@H]([C@H](O7)CO)O)O)O,779.9850000000008,1.5473000000000043,7.0,13.0,3.0,,,
4126,C[C@]1(C[C@@H]2[C@@](CC[C@@]3(C2=CC[C@H]4[C@]3(CC[C@@H]5[C@@]4(CC[C@@H]([C@]5(C)C)O[C@@H]6O[C@@H]([C@H]([C@@H]([C@H]6O)O[C@@H]7O[C@@H]([C@H]([C@@H]([C@H]7O)O)O)CO)O)CO)C)C)C)(CC1)C(=O)[O-])C,779.9850000000001,1.5473000000000021,7.0,13.0,3.0,,,
4127,C[C@@H]1[C@H]([C@H](C[C@@H](O1)O[C@@H]2[C@H](O[C@H](C[C@@H]2O)O[C@@H]3[C@H](O[C@H](C[C@@H]3O)O[C@H]4CC[C@]5([C@@H](C4)CC[C@@H]6[C@@H]5CC[C@]7([C@@]6(C[C@@H]([C@@H]7C8=CC(=O)OC8)O)O)C)C)C)C)O)O,780.9490000000004,2.2181000000000024,6.0,14.0,3.0,,,
4128,C[C@@H]1[C@H]([C@H](C[C@@H](O1)O[C@@H]2[C@H](O[C@H](C[C@@H]2O)O[C@@H]3[C@H](O[C@H](C[C@@H]3O)O[C@H]4CC[C@]5([C@@H](C4)CC[C@@H]6[C@@H]5C[C@H]([C@]7([C@@]6(CC[C@@H]7C8=CC(=O)OC8)O)C)O)C)C)C)O)O,780.9490000000003,2.2181000000000024,6.0,14.0,3.0,,,
4129,CCC1=CC2C[C@@](c3c(c4ccccc4[nH]3)C[NH+](C2)C1)(c5cc6c(cc5OC)N([C@@H]7[C@]68CC[NH+]9[C@H]8[C@@](C=CC9)([C@H]([C@@]7(C(=O)OC)O)OC(=O)C)CC)C)C(=O)OC,780.9630000000002,1.919400000000005,4.0,9.0,1.0,,,
4130,C[C@H](CCC=C(C)C)C1[C@H](CC2([C@@]1(CC[C@]34[C@H]2CC(=O)C5[C@]3(C4)CC[C@@H](C5(C)C)OC6C(C(C(C(O6)CO)O)O)O)C)C)OC7C(C(C(C(O7)CO)O)O)O,780.9930000000007,1.9671000000000038,8.0,13.0,3.0,,,
4131,Cc1cc2c(cc1C)n(c-3nc(=O)[nH]c(=O)c3n2)C[C@@H]([C@@H]([C@@H](COP(=O)([O-])OP(=O)([O-])OC[C@@H]4[C@H]([C@H]([C@@H](O4)n5cnc6c5ncnc6N)O)O)O)O)O,783.5410000000002,-3.6879599999999946,7.0,23.0,3.0,,,
4132,Cc1ccn2c(c1)nc3c2c4c(c5c3c6c(c(c5O)C)O[C@@](C6=O)(O/C=C/[C@@H]([C@H]([C@H]([C@@H]([C@@H]([C@@H]([C@H]([C@H](/C=C/C=C(\C(=O)N4)/C)C)O)C)O)C)OC(=O)C)C)OC)C)O,785.8910000000002,6.157840000000009,5.0,13.0,3.0,,,
4133,CC(=O)Nc1c(c(c(c(c1I)N(C)C(=O)C)I)C(=O)N[C@@H]2[C@H]([C@@H]([C@H](OC2O)CO)O)O)I,789.0990000000004,-0.02880000000000027,6.0,8.0,2.0,,,
4134,CC[C@@H]1[C@@]([C@@H]([C@H](C(=O)[C@@H](C[C@@]([C@@H]([C@H]([C@@H]([C@H](C(=O)O1)C)O[C@H]2C[C@@]([C@H]([C@@H](O2)C)O)(C)OC)C)O[C@H]3[C@@H]([C@H](C[C@H](O3)C)[NH+](C)C)OC(=O)CC)(C)O)C)C)O)(C)O,791.0090000000001,1.3294000000000081,5.0,14.0,2.0,,,
4135,CN(CC(CO)O)C(=O)c1c(c(c(c(c1I)NC(=O)COC)I)C(=O)NCC(CO)O)I,791.115,-0.4064999999999997,6.0,8.0,2.0,,,
4136,CC(=O)N(CC(CO)O)c1c(c(c(c(c1I)C(=O)NCC(CO)O)I)C(=O)NCCO)I,791.115,-0.9884,7.0,8.0,2.0,,,
4137,c1cc(c(cc1C2(c3c(c(c(c(c3Br)Br)Br)Br)C(=O)O2)c4ccc(c(c4)S(=O)(=O)[O-])O)S(=O)(=O)[O-])O,792.0240000000002,4.418300000000005,2.0,10.0,1.0,,,
4138,CC[C@@H](C)C(=O)O[C@H]1[C@@H]([C@H]2[C@@H](C[NH+]3C[C@H](CC[C@H]3[C@@]2(C)O)C)[C@H]4[C@@]1([C@@H]5[C@@H]([C@@H]([C@H]6[C@]7([C@]5(C4)O[C@@]6([C@H](CC7)OC(=O)[C@](C)(CC)O)O)C)OC(=O)C)OC(=O)C)O)O,794.9560000000004,0.1901000000000086,6.0,14.0,3.0,,,
4139,C[C@@H]1[C@H]([C@H](C[C@@H](O1)O[C@@H]2[C@H](O[C@H](C[C@@H]2O)O[C@@H]3[C@H](O[C@H](C[C@@H]3O)O[C@H]4CC[C@]5([C@@H](C4)CC[C@@H]6[C@@H]5C[C@H]([C@]7([C@@]6(CC[C@@H]7C8=CC(=O)OC8)O)C)O)C)C)C)O)OC,794.9760000000002,2.872200000000002,5.0,14.0,2.0,,,
4140,CCCCCCCCCCCCCCCC(=O)N[C@@H](CCCC[NH3+])C(=O)N[C@@H]([C@@H](C)O)C(=O)N[C@@H]([C@@H](C)O)C(=O)N[C@@H](CCCC[NH3+])C(=O)N[C@@H](CO)C(=O)[O-],803.0759999999999,-1.7801000000000091,10.0,10.0,2.0,,,
4141,C[C@H]1[C@@H](N(C2C(=[NH+]1)NC(=[NH+]C2=O)N)C=O)[C@@H](C)Nc3ccc(cc3)C[C@@H]([C@@H]([C@@H](CO[C@@H]4[C@@H]([C@@H]([C@H](O4)COP(=O)([O-])O[C@H](CCC(=O)[O-])C(=O)[O-])O)O)O)O)O,803.6920000000006,-10.672400000000025,10.0,20.0,3.0,,,
4142,C[C@@H]1C[C@@H]([C@@H]2[C@H](C[C@H]([C@@](O2)(C(=O)C(=O)N3CCCC[C@H]3C(=O)O[C@@H]([C@@H]([C@H](CC(=O)[C@@H](/C=C(/C1)\C)CC=C)O)C)/C(=C/[C@@H]4CC[C@H]([C@@H](C4)OC)O)/C)O)C)OC)OC,804.0310000000002,4.639000000000004,3.0,12.0,2.0,,,
4143,C[C@@]12CCC[C@@]([C@H]1CC[C@]34[C@H]2CC[C@](C3)(C(=C)C4)O[C@H]5[C@@H]([C@H]([C@@H]([C@H](O5)CO)O)O)O[C@H]6[C@@H]([C@H]([C@@H]([C@H](O6)CO)O)O)O)(C)C(=O)O[C@H]7[C@@H]([C@H]([C@@H]([C@H](O7)CO)O)O)O,804.8800000000006,-2.9380999999999893,11.0,18.0,3.0,,,
4144,CC(COC[C@@H]1[C@H]([C@@H]([C@H]([C@@H](O1)O[C@@H]2[C@H](O[C@H]([C@@H]([C@H]2OCC(C)O)OCC(C)O)OCC(C)O)COCC(C)O)OCC(C)O)OCC(C)O)OCC(C)O)O,806.9370000000004,-2.1563999999999846,8.0,19.0,3.0,,,
4145,C[C@@H]1[C@H]([C@H](C[C@@H](O1)OC2[C@H](O[C@H](C[C@@H]2O)O[C@@H]3[C@H](O[C@H](C[C@@H]3O)OC4CC[C@]5([C@@H](C4)CC[C@@H]6[C@@H]5CC[C@]7([C@@]6(CC[C@@H]7C8=CC(=O)OC8)O)C)C)C)C)OC(=O)C)O,806.9870000000002,3.8181000000000025,4.0,14.0,2.0,,,
4146,C(CO)N(c1c(c(c(c(c1I)C(=O)NCC(CO)O)I)C(=O)NCC(CO)O)I)C(=O)CO,807.1140000000001,-2.0159999999999987,8.0,9.0,2.0,,,
4147,CC1=C2[C@H](C(=O)[C@@]3([C@H](C[C@@H]4[C@]([C@H]3[C@@H]([C@@](C2(C)C)(C[C@@H]1OC(=O)[C@@H]([C@H](c5ccccc5)NC(=O)OC(C)(C)C)O)O)OC(=O)c6ccccc6)(CO4)OC(=O)C)O)C)O,807.8900000000004,3.259600000000003,5.0,14.0,2.0,,,
4148,CC1C(C(CC(O1)OC2C(OC(CC2O)OC3C(OC(CC3O)OC4CCC5(C(C4)CCC6C5CCC7(C6(CC(C7C8=CC(=O)OC8)OC=O)O)C)C)C)C)O)O,808.9590000000004,2.3988000000000023,5.0,15.0,2.0,,,
4149,CC[C@@H]1/C=C(\\C[C@@H](C[C@@H]([C@@H]2[C@H](C[C@H]([C@@](O2)(C(=O)C(=O)N3CCCC[C@H]3C(=O)O[C@@H]([C@@H]([C@H](CC1=O)O)C)/C(=C/[C@@H]4CC[C@@H]([C@@H](C4)OC)Cl)/C)O)C)OC)OC)C)/C,810.4660000000001,5.719400000000006,2.0,11.0,3.0,,,
4150,c1cc(cnc1)C(=O)OC2C(C(C(C(C2OC(=O)c3cccnc3)OC(=O)c4cccnc4)OC(=O)c5cccnc5)OC(=O)c6cccnc6)OC(=O)c7cccnc7,810.7320000000002,3.723600000000003,0.0,18.0,2.0,,,
4151,CC[C@]12C[NH+]3CCc4c5ccccc5[nH]c4[C@](C[C@H](C3)[C@H]1O2)(c6cc7c(cc6OC)N([C@@H]8[C@]79CC[NH+]1[C@H]9[C@@](C=CC1)([C@H]([C@@]8(C(=O)OC)O)OC(=O)C)CC)C)C(=O)OC,810.9890000000001,1.1731000000000085,4.0,10.0,1.0,,,
4152,CC[C@]1(C[C@H]2C[C@@](c3c(c4ccccc4[nH]3)CC[NH+](C2)C1)(c5cc6c(cc5OC)N([C@@H]7C68CC[NH+]9[C@H]8[C@@](C=CC9)([C@H]([C@@]7(C(=O)OC)O)OC(=O)C)CC)C)C(=O)OC)O,813.0050000000002,1.1567000000000076,5.0,10.0,1.0,,,
4153,CC[C@@]1(C[C@@H]2C[C@@](c3c(c4ccccc4[nH]3)CC[NH+](C2)C1)(c5cc6c(cc5OC)N([C@@H]7[C@]68CC[NH+]9[C@H]8[C@@](C=CC9)([C@H]([C@@]7(C(=O)OC)O)OC(=O)C)CC)C)C(=O)OC)O,813.0050000000002,1.1567000000000076,5.0,10.0,1.0,,,
4154,CCCCCCCCC/C=C/CCCCCCCC(=O)OCC(COP(=O)([O-])OCC[N+](C)(C)C)OC(=O)CCCCCCC/C=C/CCCCCCCCC,814.1829999999992,12.504399999999986,0.0,8.0,2.0,,,
4155,C[C@@H]1C[C@@H]([C@H]([C@@H](O1)O[C@H]2[C@H](C[C@@]3(CO3)C(=O)[C@@H]([C@H]([C@H]([C@H](OC(=O)[C@@H]([C@H]([C@@H]2C)O[C@H]4C[C@@H]([C@H]([C@@H](O4)C)OC(=O)C)OC)C)C)C)OC(=O)C)C)C)OC(=O)C)[NH+](C)C,814.987,2.2038000000000073,1.0,15.0,2.0,,,
4156,CCC(=O)O[C@@H]1CC(=O)O[C@@H](C/C=C/C=C/[C@@H]([C@@H](C[C@@H]([C@@H]([C@H]1OC)O[C@H]2[C@@H]([C@H]([C@@H]([C@H](O2)C)O[C@H]3C[C@@]([C@H]([C@@H](O3)C)OC(=O)CC)(C)O)[NH+](C)C)O)CC=O)C)O)C,814.9870000000002,1.3503000000000074,4.0,15.0,2.0,,,
4157,c1ccc(c(c1)c2c3cc(c(c(c3oc-4cc(=O)c(cc24)I)[Hg])O)I)S(=O)(=O)[O-],818.7320000000001,3.555800000000002,1.0,6.0,1.0,,,
4158,CCCC(=O)c1c(c(c(c(c1O)CC2=C(C(C(=O)C(=C2[O-])C(=O)C)(C)C)O)O)Cc3c(c(c(c(c3O)C(=O)CCC)O)CC4=C(C(C(=O)C(=C4[O-])C(=O)C)(C)C)O)O)O,818.825,3.8104000000000027,8.0,16.0,3.0,,,
4159,C[C@]12CC[C@](C[C@H]1C3=CC(=O)[C@@H]4[C@]5(CC[C@@H](C([C@@H]5CC[C@]4([C@@]3(CC2)C)C)(C)C)O[C@@H]6[C@@H]([C@H]([C@@H]([C@H](O6)C(=O)[O-])O)O)O[C@H]7[C@@H]([C@H]([C@@H]([C@H](O7)C(=O)[O-])O)O)O)C)(C)C(=O)[O-],819.9180000000007,-1.7584999999999895,5.0,16.0,2.0,,,
4160,C[C@H](C(=O)N[C@H](Cc1ccc2ccccc2c1)C(=O)N[C@@H](C)C(=O)N[C@@H](Cc3c[nH]c4c3cccc4)C(=O)N[C@@H](Cc5ccccc5)C(=O)N[C@@H](CCCC[NH3+])C(=O)N)[NH3+],820.0079999999997,0.3208000000000073,9.0,6.0,2.0,,,
4161,CC(=O)N(CC(CO)O)c1c(c(c(c(c1I)C(=O)NCC(CO)O)I)C(=O)NCC(CO)O)I,821.1410000000001,-1.6274999999999986,8.0,9.0,2.0,,,
4162,CCCCCCCCCCCCCCCCCCCCCCCCOCC(=O)O[C@H]1CC[C@@]2([C@H]3CC[C@@H]4[C@H]5[C@@H](CC[C@@]5(CC[C@]4([C@@]3(CC[C@H]2C1(C)C)C)C)C)C(=C)C)C,821.4129999999997,17.19439999999997,0.0,3.0,2.0,,,
4163,CCCCC(CC)COC(=O)c1ccc(cc1)Nc2nc(nc(n2)Nc3ccc(cc3)C(=O)OCC(CC)CCCC)Nc4ccc(cc4)C(=O)OCC(CC)CCCC,823.0919999999996,12.221999999999984,3.0,12.0,3.0,,,
4164,Cc1c(c2c3c4c1O[C@@](C4=O)(O/C=C/[C@@H]([C@H]([C@H]([C@@H]([C@@H]([C@@H]([C@H]([C@H](/C=C/C=C(\C(=O)Nc(c2O)c(c3O)/C=N/N5CC[NH+](CC5)C)/C)C)O)C)O)C)OC(=O)C)C)OC)C)O,823.9609999999999,2.918320000000002,7.0,14.0,3.0,,,
4165,CCCCCCCCCCCCCCCCCCNC(=O)OC1CCN(CC1)C(=O)OC[C@H](COC(=O)N(Cc2cccc[n+]2CC)C(=O)c3ccccc3OC)OC,826.1089999999999,9.385300000000003,1.0,9.0,2.0,,,
4166,CC[C@@]1(C[C@@H]2C[C@@](c3c(c4ccccc4[nH]3)CC[NH+](C2)C1)(c5cc6c(cc5OC)N([C@@H]7[C@]68CC[NH+]9[C@H]8[C@@](C=CC9)([C@H]([C@@]7(C(=O)OC)O)OC(=O)C)CC)C=O)C(=O)OC)O,826.9880000000003,0.6833000000000087,5.0,10.0,1.0,,,
4167,C([C@@H]1[C@H]([C@@H]([C@H]([C@H](O1)O[C@@H]2[C@H](O[C@@H]([C@@H]([C@H]2O)O)OC[C@@H]3[C@H]([C@@H]([C@H]([C@H](O3)O[C@@H]4[C@H](O[C@@H]([C@@H]([C@H]4O)O)O)CO)O)O)O[C@@H]5[C@@H]([C@H]([C@@H]([C@H](O5)CO)O)O)O)CO)O)O)O)O,828.7200000000008,-11.92460000000002,17.0,26.0,3.0,,,
4168,C([C@@H]1[C@H]([C@@H]([C@@H]([C@@H](O1)O[C@@H]2[C@H](O[C@H]([C@H]([C@H]2O)O)O[C@@H]3[C@H](O[C@H]([C@@H]([C@H]3O)O)O[C@@H]4[C@H](O[C@H]([C@H]([C@H]4O)O)OC5[C@H](O[C@H]([C@H]([C@H]5O)O)O)CO)CO)CO)CO)O)O)O)O,828.7200000000006,-11.92460000000002,17.0,26.0,3.0,,,
4169,C([C@@H]1[C@@H]([C@@H]([C@H]([C@H](O1)OC[C@@H]2[C@@H]([C@@H]([C@H]([C@H](O2)OC[C@@H]3[C@@H]([C@@H]([C@H]([C@H](O3)OC[C@@H]4[C@H]([C@@H]([C@H]([C@H](O4)O[C@]5([C@H]([C@@H]([C@H](O5)CO)O)O)CO)O)O)O)O)O)O)O)O)O)O)O)O)O,828.7200000000012,-11.923000000000018,17.0,26.0,3.0,,,
4170,CCCC(=O)O[C@H]1[C@@H](O[C@H](C[C@@]1(C)OC(=O)CC)O[C@@H]2[C@H](O[C@H]([C@@H]([C@H]2[NH+](C)C)O)O[C@H]3[C@H](C[C@H]([C@H](/C=C/C=C/C[C@H](OC(=O)C[C@H]([C@@H]3OC)O)C)O)C)CC=O)C)C,829.014,1.7404000000000084,4.0,15.0,2.0,,,
4171,C[C@@H]1C/C=C/C=C/[C@@H]([C@@H](C[C@@H]([C@@H]([C@H]([C@@H](CC(=O)O1)OC(=O)C)OC)O[C@H]2[C@@H]([C@H]([C@@H]([C@H](O2)C)O[C@H]3C[C@@]([C@H]([C@@H](O3)C)OC(=O)CC(C)C)(C)O)[NH+](C)C)O)CC=O)C)O,829.0140000000002,1.5963000000000072,4.0,15.0,2.0,,,
4172,c1ccc2c(c1)c(c[nH]2)C[C@H]3C(=O)N4CCC[C@H]4C(=O)N[C@@H](CSSCCC(=O)N[C@H](C(=O)NCC(=O)N[C@H](C(=O)N3)CC(=O)[O-])CCCCNC(=[NH2+])N)C(=O)N,831.9789999999994,-4.999100000000014,10.0,11.0,3.0,,,
4173,CC1[C@H]([C@H](CC(O1)O[C@H]2CC[C@]3([C@H](C2)CC[C@@]4(C3C[C@H]([C@]5([C@@]4(CC[C@]5([C@H](C)O)O)O)C)O)O)C)OC)OC6C[C@@H]([C@@H](C(O6)C)OC7[C@@H](C([C@@H](C(O7)C)O)OC)O)OC,833.0220000000004,1.2786000000000062,7.0,16.0,3.0,,,
4174,CCCCCCCCCCCCCCCCCCCCCCCCCCCCCC(O)OC(=O)CCCCCCCCCCCCCCCCCCCCCCCCC,833.508999999999,20.17299999999999,1.0,3.0,2.0,,,
4175,c1ccc(c(c1)c2c3cc(c(c(c3oc-4c(c(=O)c(cc24)I)I)I)[O-])I)C(=O)[O-],833.8789999999999,4.420300000000001,0.0,5.0,1.0,,,
4176,CN(CC(CO)O)C(=O)c1c(c(c(c(c1I)NC(=O)C(CO)CO)I)C(=O)N(C)CC(CO)O)I,835.1679999999999,-1.1098999999999994,7.0,9.0,2.0,,,
4177,CC1=C2[C@H](C(=O)[C@@]3([C@H](C[C@@H]4[C@]([C@H]3[C@@H]([C@@](C2(C)C)(C[C@@H]1OC(=O)[C@@H]([C@H](c5ccccc5)NC(=O)OC(C)(C)C)O)O)OC(=O)c6ccccc6)(CO4)OC(=O)C)OC)C)OC,835.9440000000003,4.5678000000000045,3.0,14.0,2.0,,,
4178,CC[C@@H]1[C@@]([C@H]2[C@H]([C@H]([C@@H](C[C@@]([C@@H]([C@H]([C@@H]([C@H](C(=O)O1)C)O[C@H]3C[C@@]([C@H]([C@@H](O3)C)O)(C)OC)C)O[C@H]4[C@@H]([C@H](C[C@H](O4)C)[NH+](C)C)O)(C)O)C)[NH2+][C@H](O2)COCCOC)C)(C)O,837.1020000000001,-0.2415999999999942,6.0,14.0,3.0,,,
4179,CC[C@@H]1[C@@]([C@@H]([C@H](/C(=N\OCOCCOC)/[C@@H](C[C@@]([C@@H]([C@H]([C@@H]([C@H](C(=O)O1)C)O[C@H]2C[C@@]([C@H]([C@@H](O2)C)O)(C)OC)C)O[C@H]3[C@@H]([C@H](C[C@H](O3)C)[NH+](C)C)O)(C)O)C)C)O)(C)O,838.0660000000001,0.7925000000000091,6.0,16.0,3.0,,,
4180,CC(=O)OC[C@@]12[C@H]([C@H]([C@H]3[C@]([C@@]14[C@@H]([C@@H](C(=O)[C@H]2OC(=O)C)[C@@](O4)(COC(=O)c5cccnc5CCC(C(=O)O3)(C)O)C)OC(=O)C)(C)O)OC(=O)c6ccccc6)OC(=O)C,839.8000000000004,0.9088000000000027,2.0,19.0,2.0,,,
4181,CC1(CCC2(CCC3(C(=CCC4C3(CCC5C4(CC(C(C5(C)C(=O)OC6C(C(C(C(O6)CO)O)O)O)O)O)C)C)C2C1)CO)C(=O)OC7C(C(C(C(O7)CO)O)O)O)C,842.9730000000004,-1.241499999999994,11.0,17.0,3.0,,,
4182,CC1C/C=C/C=C/C(C(CC(C(C(C(CC(=O)O1)O)OC)OC2C(C(C(C(O2)C)OC3CC(C(C(O3)C)O)(C)O)[NH+](C)C)O)CC=O)C)OC4CCC(C(O4)C)[NH+](C)C,845.081,-0.5090999999999866,6.0,14.0,3.0,,,
4183,CCCN(CCC)C(=O)C(CCC(=O)OCCCN1CC[NH+](CC1)CCOC(=O)Cc2c(n(c3c2cc(cc3)OC)C(=O)c4ccc(cc4)Cl)C)NC(=O)c5ccccc5,845.4580000000002,4.747120000000008,2.0,10.0,1.0,,,
4184,Cc1c(c2c3c4c1O[C@@](C4=O)(O/C=C/[C@@H]([C@H]([C@H]([C@@H]([C@@H]([C@@H]([C@H]([C@H](/C=C/C=C(\C(=O)NC(=C5C3=NC6([NH2+]5)CC[NH+](CC6)CC(C)C)C2=O)/C)C)O)C)O)C)OC(=O)C)C)OC)C)[O-],848.0269999999999,1.540420000000005,5.0,12.0,2.0,,,
4185,CC1=C2[C@H](C(=O)[C@@]3([C@H](C[C@@H]4[C@]([C@H]3[C@@H]([C@@](C2(C)C)(C[C@@H]1OC(=O)[C@@H]([C@H](c5ccccc5)NC(=O)c6ccccc6)O)O)OC(=O)c7ccccc7)(CO4)OC(=O)C)O)C)OC(=O)C,853.9180000000003,3.735700000000004,4.0,14.0,2.0,,,
4186,c1cc2c(c(c1)O[C@H]3[C@@H]([C@H]([C@@H]([C@H](O3)CO)O)O)O)C(=O)c4c(cc(cc4[O-])C(=O)[O-])[C@@H]2[C@@H]5c6cccc(c6C(=O)c7c5cc(cc7[O-])C(=O)[O-])O[C@H]8[C@@H]([C@H]([C@@H]([C@H](O8)CO)O)O)O,858.7140000000004,-5.028999999999989,8.0,20.0,3.0,,,
4187,c1cc2c(c(c1)O[C@H]3[C@@H]([C@H]([C@@H]([C@H](O3)CO)O)O)O)C(=O)c4c(cc(cc4[O-])C(=O)[O-])[C@@H]2C5c6cccc(c6C(=O)c7c5cc(cc7[O-])C(=O)[O-])O[C@H]8[C@@H]([C@H]([C@@H]([C@H](O8)CO)O)O)O,858.7140000000004,-5.028999999999989,8.0,20.0,3.0,,,
4188,C[C@H]1[C@@H]([C@H]([C@@H]([C@@H](O1)O[C@H]2CC[C@]3([C@@H](C2)CC[C@@H]4[C@@H]3CC[C@]5([C@@]4(CC[C@@H]5C6=CC(=O)OC6)O)C)C)O)OC)O[C@H]7[C@@H]([C@H]([C@@H]([C@H](O7)CO[C@H]8[C@@H]([C@H]([C@@H]([C@H](O8)CO)O)O)O)O)O)O,858.9720000000008,-1.2413999999999923,9.0,18.0,3.0,,,
4189,C[C@H]1[C@H]([C@@H]([C@H]([C@H](O1)O[C@H]2CC[C@]3([C@@H](C2)CC[C@@H]4[C@@H]3CC[C@]5([C@@]4(CCC5C6=CC(=O)OC6)O)C)C)O)OC)O[C@H]7[C@@H]([C@H]([C@@H]([C@H](O7)CO[C@H]8[C@@H]([C@H]([C@@H]([C@H](O8)CO)O)O)O)O)O)O,858.9720000000008,-1.2413999999999923,9.0,18.0,3.0,,,
4190,CC1=C(C(=O)C(=C(C1=O)OC)OC)C/C=C(\C)/CC/C=C(\C)/CC/C=C(\C)/CC/C=C(\C)/CC/C=C(\C)/CC/C=C(\C)/CC/C=C(\C)/CC/C=C(\C)/CC/C=C(\C)/CCC=C(C)C,863.3649999999994,17.853899999999975,0.0,4.0,2.0,,,
4191,c1c(cc(=O)c(c2c1c(cc(c2OC(=O)c3cc(c(c(c3)O)O)O)O)[C@@H]4[C@@H](Cc5c(cc(cc5O4)OC(=O)c6cc(c(c(c6)O)O)O)O)O)[O-])C7[C@@H](Cc8c(cc(cc8O7)O)O)O,867.7010000000005,2.842200000000006,12.0,20.0,3.0,,,
4192,Cc1c(ccc(c1)c2cc(c(cc2)N/N=C\3/C(=O)c4c(cc(cc4C=C3S(=O)(=O)[O-])S(=O)(=O)[O-])N)C)N/N=C\5/C(=O)c6c(cc(cc6C=C5S(=O)(=O)[O-])S(=O)(=O)[O-])N,868.8620000000001,2.0440400000000007,4.0,20.0,2.0,,,
4193,CC1CCC2C(C3C([NH+]2C1)CC4C3(CCC5C4CC=C6C5(CCC(C6)OC7C(C(C(C(O7)CO)O)OC8C(C(C(C(O8)CO)O)O)O)OC9C(C(C(C(O9)C)O)O)O)C)C)C,869.0790000000006,-1.261899999999988,10.0,15.0,3.0,,,
4194,C[C@@H]1CC[C@@]2([C@H]([C@H]3[C@@H](O2)C[C@@H]4[C@@]3(CC[C@H]5[C@H]4CC=C6[C@@]5(CC[C@@H](C6)O[C@H]7[C@@H]([C@H]([C@@H]([C@H](O7)CO)O[C@H]8[C@@H]([C@@H]([C@H]([C@@H](O8)C)O)O)O)O)O[C@H]9[C@@H]([C@@H]([C@H]([C@@H](O9)C)O)O)O)C)C)C)[NH2+]C1,869.0790000000005,-0.21149999999999197,9.0,15.0,3.0,,,
4195,CC[C@@H]1[C@H](/C=C(/C=C/C(=O)[C@@H](C[C@@H]([C@@H]([C@H]([C@@H](CC(=O)O1)O)C)O[C@H]2[C@@H]([C@H]([C@@H]([C@H](O2)C)O)[NH+](C)C)O)CC[NH+]3C[C@@H](C[C@@H](C3)C)C)C)\C)CO[C@H]4[C@@H]([C@@H]([C@@H]([C@H](O4)C)O)OC)OC,871.1629999999998,0.5072000000000141,6.0,13.0,3.0,,,
4196,CC/C=C\C/C=C\C/C=C\CCCCCCCC(=O)OCC(OC(=O)CCCCCCC/C=C\C/C=C\C/C=C\CC)COC(=O)CCCCCCC/C=C\C/C=C\C/C=C\CC,873.3569999999995,16.753099999999964,0.0,6.0,2.0,,,
4197,CC[C@H](C)[C@@H]1[C@H](CC[C@@]2(O1)C[C@@H]3C[C@H](O2)C/C=C(/[C@H]([C@H](/C=C/C=C/4\CO[C@H]5[C@@]4([C@@H](C=C([C@H]5O)C)C(=O)O3)O)C)O[C@H]6C[C@@H]([C@H]([C@@H](O6)C)O[C@H]7C[C@@H]([C@H]([C@@H](O7)C)O)OC)OC)\C)C,875.1060000000001,5.601400000000006,3.0,14.0,3.0,,,
4198,Cc1c(c2c3c4c1O[C@@](C4=O)(O/C=C/[C@@H]([C@H]([C@H]([C@@H]([C@@H]([C@@H]([C@H]([C@H](/C=C/C=C(\C(=O)Nc(c2O)c(c3O)/C=N/N5CC[NH+](CC5)C6CCCC6)/C)C)O)C)O)C)OC(=O)C)C)OC)C)O,878.0529999999997,4.231120000000004,7.0,14.0,3.0,,,
4199,CC(=O)OC[C@]12[C@@H]([C@@H]([C@@H]3[C@H]([C@]14[C@@]([C@H]([C@@H]([C@@H]2OC(=O)C)OC(=O)c5ccccc5)OC(=O)C(CCc6c(cccn6)C(=O)OC[C@@]3(O4)C)(C)O)(C)O)OC(=O)C)OC(=O)C)OC(=O)C,883.8530000000003,1.271400000000003,2.0,20.0,2.0,,,
4200,C[C@H]1CC[C@@]2([C@H]([C@H]3[C@@H](O2)C[C@@H]4[C@@]3(CC[C@H]5[C@H]4CC=C6[C@@]5(CC[C@@H](C6)O[C@H]7[C@@H]([C@H]([C@H]([C@H](O7)CO)O)O[C@H]8[C@@H]([C@H]([C@@H]([C@H](O8)CO)O)O)O)O[C@H]9[C@@H]([C@@H]([C@H]([C@@H](O9)C)O)O)O)C)C)C)[NH2+]C1,885.0780000000004,-1.239099999999987,10.0,16.0,3.0,,,
4201,CCCCCCCC/C=C\CCCCCCCC(=O)OCC(OC(=O)CCCCCCC/C=C\CCCCCCCC)COC(=O)CCCCCCC/C=C\CCCCCCCC,885.4529999999991,18.097099999999976,0.0,6.0,2.0,,,
4202,CCCCCCCCCCCCCCCCCC(=O)OCC(COC(=O)CCCCCCCCCCCCCCCCC)OC(=O)CCCCCCCCCCCCCCCCC,891.500999999999,18.769099999999984,0.0,6.0,2.0,,,
4203,CC1C(C(C(C(O1)OC2C(C(C(OC2OC3C(C(COC3OC4CCC5(C(C4(C)C)CCC6(C5CC=C7C6(CCC8(C7CC(CC8)(C)C)C(=O)[O-])C)C)C)O)O)CO)O)O)O)O)O,896.1010000000003,1.038200000000006,8.0,16.0,3.0,,,
4204,CCC(=O)O[C@@H]1CC(=O)O[C@@H](C/C=C/C=C/[C@@H]([C@@H](C[C@@H]([C@@H]([C@H]1OC)O[C@H]2[C@@H]([C@H]([C@@H]([C@H](O2)C)O[C@H]3C[C@@]([C@H]([C@@H](O3)C)OC(=O)CC)(C)OC(=O)C)[NH+](C)C)O)CC=O)C)OC(=O)C)C,899.061,2.491900000000009,2.0,17.0,2.0,,,
4205,C[C@H]1/C=C/C=C/2\CO[C@H]3[C@@]2([C@@H](C=C([C@H]3O)C)C(=O)O[C@H]4C[C@@H](C/C=C(/[C@H]1O[C@H]5C[C@@H]([C@H]([C@@H](O5)C)O[C@H]6CC([C@H]([C@@H](O6)C)O)OC)OC)\C)O[C@]7(C4)C=C[C@@H]([C@H](O7)C8CCCCC8)C)O,899.128,5.911600000000007,3.0,14.0,3.0,,,
4206,C[C@H]1[C@@H]([C@H]([C@H]([C@@H](O1)O[C@@H]2[C@H](OC([C@@H]([C@H]2O)O)OC3[C@H]([C@H](CO[C@H]3O[C@H]4CC[C@]5([C@H]([C@]4(C)CO)CC[C@@]6([C@@H]5CC=C7[C@]6(CC[C@@]8([C@H]7CC(CC8)(C)C)C(=O)[O-])C)C)C)O)O)CO)O)O)O,912.1000000000001,0.010600000000007825,9.0,17.0,3.0,,,
4207,C[C@@H]1CC[C@H]2C[C@@H](/C(=C/C=C/C=C/[C@H](C[C@H](C(=O)[C@@H]([C@@H](/C(=C/[C@H](C(=O)C[C@H](OC(=O)[C@@H]3CCCCN3C(=O)C(=O)[C@@]1(O2)O)[C@H](C)C[C@@H]4CC[C@H]([C@@H](C4)OC)O)C)/C)O)OC)C)C)/C)OC,914.1870000000001,6.180600000000006,3.0,13.0,3.0,,,
4208,CC[C@H](C)[C@H]1C(=O)N[C@H](C(=O)N[C@H](C(=O)N[C@@H](CCCCCC(=O)N[C@H](C(=O)N1)Cc2ccc(cc2)O)C(=O)NCC(=O)N[C@@H](CC(C)C)C(=O)NCC(=O)N)CC(=O)N)CCC(=O)N,916.0469999999996,-3.241600000000007,12.0,12.0,3.0,,,
4209,CC(=O)NC1C(CC(OC1C(C(CO)OC2(CC(C(C(O2)C(C(CO)O)O)NC(=O)C)O)C(=O)[O-])O)(C(=O)[O-])OC3C(C(OC(C3O)OC4C(OC(C(C4O)O)O)CO)CO)O)O,922.7930000000008,-13.719000000000024,16.0,27.0,3.0,,,
4210,C[C@H]1/C=C/C=C/C=C/C=C/C=C/C=C/C=C/[C@@H](C[C@H]2[C@@H]([C@H](CC(O2)(C[C@H](C[C@H]([C@@H](CC[C@H](C[C@H](CC(=O)O[C@H]([C@@H]([C@@H]1O)C)C)O)O)O)O)O)O)O)C(=O)[O-])O[C@@H]3[C@@H]([C@@H]([C@H]([C@@H](O3)C)O)[NH3+])O,924.091000000001,-1.3397999999999917,11.0,17.0,3.0,,,
4211,C[C@H]1/C=C/C=C/C=C/C=C/C=C/C=C/C=C/[C@@H](C[C@H]2[C@@H]([C@H](C[C@](O2)(C[C@H](C[C@H]([C@@H](CC[C@H](C[C@H](CC(=O)O[C@H]([C@@H]([C@@H]1O)C)C)O)O)O)O)O)O)O)C(=O)[O-])O[C@H]3[C@H]([C@H]([C@@H]([C@H](O3)C)O)[NH3+])O,924.091000000001,-1.3397999999999917,11.0,17.0,3.0,,,
4212,C[C@]12CCC(C(C1CC[C@@]3(C2CC=C4[C@]3(CC[C@@]5([C@@H]4CC(CC5)(C)C)C(=O)O[C@H]6[C@@H]([C@H]([C@@H]([C@H](O6)CO)O)O)O)C)C)(C)C)O[C@@H]7[C@@H]([C@H]([C@@H]([C@H](O7)C(=O)[O-])O[C@H]8[C@@H]([C@H]([C@@H](O8)CO)O)O)O)O,926.0830000000007,-0.462799999999993,9.0,18.0,3.0,,,
4213,C[C@@H]1[C@H]([C@@H]([C@@H](C(O1)OC\2CC(C(C(CC(=O)CC(C(CCC(CC(CC(CC(=O)OC(C(C(C(/C=C/C=C/CC/C=C/C=C/C=C/C=C2)C)O)C)C)O)O)O)O)O)O)C(=O)[O-])O)O)[NH3+])O,926.1070000000008,-1.2731999999999917,11.0,17.0,3.0,,,
4214,C[N+]1(CCc2cc(c(cc2C1Cc3ccc(c(c3)OC)OC)OC)OC)CCC(=O)OCCCCCOC(=O)CC[N+]4(CCc5cc(c(cc5C4Cc6ccc(c(c6)OC)OC)OC)OC)C,929.1609999999998,8.065500000000009,0.0,12.0,3.0,,,
4215,C[N@@+]1(CCc2cc(c(cc2[C@H]1Cc3ccc(c(c3)OC)OC)OC)OC)CCC(=O)OCCCCCOC(=O)CC[N@+]4(CCc5cc(c(cc5[C@H]4Cc6ccc(c(c6)OC)OC)OC)OC)C,929.1609999999998,8.065500000000009,0.0,12.0,3.0,,,
4216,CCCCCCC(O)C/C=C/CCCCCCCC(=O)OCC(OC(=O)CCCCCCC/C=C/CC(O)CCCCCC)COC(=O)CCCCCCC/C=C/CC(O)CCCCCC,933.4499999999992,15.009499999999965,3.0,9.0,2.0,,,
4217,CC(C)(COP(=O)([O-])OP(=O)([O-])OC[C@@H]1[C@H]([C@H]([C@@H](O1)n2cnc3c2ncnc3N)O)OP(=O)([O-])[O-])[C@H](C(=O)NCCC(=O)NCCSC(=O)/C=C/c4ccc(c(c4)OC)O)O,939.68,-2.43569999999999,6.0,25.0,3.0,,,
4218,c1c(cc(c(c1O)O)O)C(=O)OC[C@@H]2[C@H]([C@@H]([C@H]([C@@H](O2)OC(=O)c3cc(c(c(c3)O)O)O)OC(=O)c4cc(c(c(c4)O)O)O)OC(=O)c5cc(c(c(c5)O)O)O)OC(=O)c6cc(c(c(c6)O)O)O,940.6810000000006,1.686100000000002,15.0,26.0,3.0,,,
4219,C[C@@H]1[C@H]([C@H](C[C@@H](O1)O[C@H]2CC[C@]3([C@@H](C2)CC[C@@H]4[C@@H]3C[C@H]([C@]5([C@@]4(CC[C@@H]5C6=CC(=O)OC6)O)C)O)C)O)O[C@H]7C[C@@H]([C@@H]([C@H](O7)C)O[C@H]8C[C@@H]([C@@H]([C@H](O8)C)O[C@H]9[C@@H]([C@H]([C@@H]([C@H](O9)CO)O)O)O)O)O,943.0900000000006,0.04230000000000744,9.0,19.0,3.0,,,
4220,c1c(cc(c(c1O)O)O)C(=O)O[C@H]2[C@H]3[C@@H]4[C@@H]([C@H](O2)COC(=O)c5cc(c(c(c5-c6c(cc(c(c6O)O)O)C(=O)O4)O)O)O)OC(=O)[C@H]([C@H]7c8c(cc(c(c8OC(=O)[C@H]7O)O)O)C(=O)O3)CC(=O)[O-],953.6560000000006,-1.3363999999999994,12.0,27.0,3.0,,,
4221,c1c(cc(c(c1O)O)O)C(=O)OC[C@@H]2[C@@H]3[C@@H]([C@H]([C@@H](O2)OC(=O)c4cc(c(c(c4)O)O)O)OC(=O)c5cc(c(c6c5[C@H]([C@@H](C(=O)O3)CC(=O)[O-])[C@@H](C(=O)O6)O)O)O)OC(=O)c7cc(c(c(c7)O)O)O,955.6720000000005,-1.316800000000001,12.0,27.0,3.0,,,
4222,C[C@]12CCC(C(C1CC[C@@]3(C2CC=C4[C@]3(CC[C@@]5([C@@H]4CC(CC5)(C)C)C(=O)O[C@H]6[C@@H]([C@H]([C@@H]([C@H](O6)CO)O)O)O)C)C)(C)C)O[C@H]7[C@@H]([C@H]([C@@H]([C@H](O7)C(=O)[O-])O)O)O[C@H]8[C@@H]([C@H]([C@@H]([C@H](O8)CO)O)O)O,956.1090000000007,-1.1018999999999917,10.0,19.0,3.0,,,
4223,C[C@@H]1CC[C@H]2C[C@@H](/C(=C/C=C/C=C\\[C@H](C[C@H](C(=O)[C@@H]([C@@H](/C(=C/[C@H](C(=O)C[C@H](OC(=O)[C@@H]3CCCCN3C(=O)C(=O)[C@@]1(O2)O)[C@H](C)C[C@@H]4CC[C@H]([C@@H](C4)OC)OCCO)C)/C)O)OC)C)C)/C)OC,958.24,6.197200000000008,3.0,14.0,3.0,,,
4224,c1c(cc(c(c1O)O)O)C(=O)O[C@H]2[C@@H]([C@@H]3[C@@H]([C@H](O2)COC(=O)c4cc(c(c(c4-c5c(cc(c(c5O)O)O)C(=O)O3)O)O)O)O)OC(=O)c6cc(c(c(c6C7[C@@H]8C(=O)O[C@]7(C(=O)O8)CC(=O)[O-])O)O)O,969.6550000000007,-1.8703999999999998,13.0,28.0,3.0,,,
4225,c1c2c(c-3cc(c(=O)c(c3oc2c(c(c1I)[O-])I)I)I)c4c(c(c(c(c4Cl)Cl)Cl)Cl)C(=O)[O-],971.6589999999997,7.033899999999999,0.0,5.0,2.0,,,
4226,c1c2c(c(c(c1[131I])[O-])[131I])Oc3c(cc(c(c3[131I])[O-])[131I])C24c5c(c(c(c(c5Cl)Cl)Cl)Cl)C(=O)O4,987.6674983999998,7.433800000000001,0.0,5.0,2.0,,,
4227,CC1CCC2(CCC3(C(=CCC4C3(CC(C5C4(CC(C(C5(C)CO)O)O)C)O)C)C2C1C)C)C(=O)OC6C(C(C(C(O6)COC7C(C(C(C(O7)CO)OC8C(C(C(C(O8)C)O)O)O)O)O)O)O)O,975.1320000000009,-2.0619999999999896,13.0,20.0,3.0,,,
4228,CCCCCCCCCCCCCCCC(=O)OC1C(C(C(C(C1OCC2C(C(C(C(O2)OC3CCC4(C5CCC6(C(C5CC=C4C3)CCC6C(C)CCC(CC)C(C)C)C)C)O)O)O)O)O)O)O,977.4149999999997,9.092199999999995,7.0,12.0,4.0,,,
4229,CCCC[C@H](C(=O)N[C@@H](CC(=O)[O-])C(=O)N[C@@H](Cc1ccccc1)C(=O)N)NC(=O)[C@H](Cc2c[nH]c3c2cccc3)NC(=O)CNC(=O)[C@H]([C@@H](C)O)NC(=O)[C@H](Cc4ccc(cc4)OS(=O)(=O)[O-])[NH3+],979.0590000000001,-3.618200000000005,10.0,14.0,3.0,,,
4230,CCC(C)C1C(=O)NC(C(=O)NC(C(=O)NC(CSSCC(C(=O)NC(C(=O)N1)Cc2ccc(cc2)O)[NH3+])C(=O)N3CCCC3C(=O)NC(CC(C)C)C(=O)NCC(=O)N)CC(=O)N)C(C)O,981.1889999999995,-4.210100000000009,12.0,14.0,3.0,,,
4231,C[C@@H]1[C@H]([C@H](C[C@@H](O1)O[C@H]2CC[C@]3([C@@H](C2)CC[C@@H]4[C@@H]3C[C@H]([C@]5([C@@]4(CC[C@@H]5C6=CC(=O)OC6)O)C)O)C)O)O[C@H]7C[C@@H]([C@@H]([C@H](O7)C)O[C@H]8C[C@@H]([C@@H]([C@H](O8)C)O[C@H]9[C@@H]([C@H]([C@@H]([C@H](O9)CO)O)O)O)OC(=O)C)O,985.1270000000005,0.6131000000000084,8.0,20.0,3.0,,,
4232,CC[C@H](C)[C@H]1C(=O)N[C@H](C(=O)N[C@H](C(=O)N[C@@H](CSSCCC(=O)N[C@H](C(=O)N1)Cc2ccc(cc2)O)C(=O)N3CCC[C@H]3C(=O)N[C@@H](CC(C)C)C(=O)NCC(=O)N)CC(=O)N)CCC(=O)N,992.1919999999993,-2.5458000000000007,11.0,14.0,3.0,,,
4233,CC[C@H](C)[C@H]1C(=O)NC(C(=O)N[C@H](C(=O)N[C@@H](CSSCCC(=O)N[C@@H](C(=O)N1)Cc2ccc(cc2)OCC)C(=O)N3CCC[C@H]3C(=O)N[C@@H](CCC[NH3+])C(=O)NCC(=O)N)CC(=O)N)[C@@H](C)O,995.2159999999993,-3.761400000000014,11.0,14.0,3.0,,,
4234,CC[C@H](C)[C@H]1C(=O)N[C@H](C(=O)N[C@H](C(=O)N[C@@H](CSSC[C@@H](C(=O)N[C@H](C(=O)N1)Cc2ccc(cc2)O)[NH3+])C(=O)N3CCC[C@H]3C(=O)N[C@@H](CC(C)C)C(=O)NCC(=O)N)CC(=O)N)CCC(=O)N,1008.2149999999992,-4.325400000000013,12.0,14.0,3.0,,,
4235,CC(C1C(=O)NC(CSSCC(C(=O)NC(C(=O)NC(C(=O)NC(C(=O)N1)CCCC[NH3+])Cc2c[nH]c3c2cccc3)Cc4ccccc4)NC(=O)C(Cc5ccccc5)[NH3+])C(=O)NC(CO)C(C)O)O,1021.2770000000002,-2.2390000000000003,13.0,12.0,3.0,,,
4236,CC[C@@H]1C(=O)N2CCC[C@H]2C(=O)N([C@H](C(=O)N3CC(C(=O)CC3C(=O)N[C@H](C(=O)O[C@@H]([C@@H](C(=O)N1)NC(=O)c4c(cccn4)O)C)c5ccccc5)CS[C@@H]6C[NH+]7CCC6CC7)Cc8ccc(cc8)N(C)C)C,1023.2469999999995,0.9064000000000121,5.0,13.0,2.0,,,
4237,C[C@H]1[C@H]([C@H]([C@@H]([C@@H](O1)O[C@H]2[C@@H]([C@H](OC([C@@H]2NC(=O)C)O)CO)O[C@H]3[C@@H]([C@H]([C@@H]([C@H](O3)CO)O[C@H]4[C@H]([C@H]([C@@H]([C@H](O4)CO[C@@H]5[C@H]([C@H]([C@@H]([C@H](O5)CO)O)O)O)O)O)O[C@H]6[C@@H]([C@H]([C@@H](CO6)O)O)O)O)NC(=O)C)O)O)O,1026.942000000001,-12.146100000000033,18.0,29.0,3.0,,,
4238,C[N+]1(CCc2cc(c(cc2[C@H]1Cc3cc(c(c(c3)OC)OC)OC)OC)OC)CCCOC(=O)CC/C=C/CCC(=O)OCCC[N+]4(CCc5cc(c(cc5[C@H]4Cc6cc(c(c(c6)OC)OC)OC)OC)OC)C,1029.2779999999996,9.029000000000003,0.0,14.0,3.0,,,
4239,C[C@@H]1CCC2C[C@@H](/C(=C/C=C/C=C/[C@H](C[C@H](C(=O)[C@@H]([C@@H](/C(=C/[C@H](C(=O)C[C@H](OC(=O)[C@@H]3CCCCN3C(=O)C(=O)[C@@]1(O2)O)[C@H](C)C[C@@H]4CC[C@H]([C@@H](C4)OC)OC(=O)C(C)(CO)CO)C)/C)O)OC)C)C)/C)OC,1030.3029999999999,5.722400000000007,4.0,16.0,3.0,,,
4240,C[N+]1(CCc2cc(c(c(c2[C@H]1Cc3cc(c(c(c3)OC)OC)OC)OC)OC)OC)CCCOC(=O)CCC(=O)OCCC[N+]4(CCc5cc(c(c(c5[C@@H]4Cc6cc(c(c(c6)OC)OC)OC)OC)OC)OC)C,1035.2379999999994,7.709800000000009,0.0,16.0,3.0,,,
4241,c1ccc(cc1)C[C@H]2C(=O)N[C@H](C(=O)N[C@H](C(=O)N[C@H](C(=O)N[C@@H](CSSC[C@@H](C(=O)N2)[NH3+])C(=O)N3CCC[C@H]3C(=O)N[C@@H](CCCC[NH3+])C(=O)NCC(=O)N)CC(=O)N)CCC(=O)N)Cc4ccccc4,1042.255999999999,-5.468300000000018,12.0,13.0,3.0,,,
4242,CCCCCCCCCCCCCCCC(=O)O[C@H]1CC(=C(C(C1)(C)C)/C=C/C(=C/C=C/C(=C/C=C/C=C(\C)/C=C/C=C(\C)/C=C/[C@H]2C(=C[C@@H](CC2(C)C)OC(=O)CCCCCCCCCCCCCCC)C)/C)/C)C,1045.7159999999988,22.467700000000015,0.0,4.0,2.0,,,
4243,CC1CCC2(C(C3C(O2)CC4(C3(CCC5C4CC=C6C5(CCC(C6)OC7C(C(C(C(O7)CO)OC8C(C(C(C(O8)CO)O)OC9C(C(C(CO9)O)O)O)OC2C(C(C(C(O2)CO)O)O)O)O)O)C)C)O)C)OC1,1049.1670000000008,-3.2352999999999827,13.0,23.0,3.0,,,
4244,C[C@H]1CC[C@@]2([C@H]([C@H]3[C@@H](O2)C[C@@H]4[C@@]3(CC[C@H]5[C@H]4CC[C@H]6[C@@]5(CC[C@@H](C6)O[C@H]7[C@@H]([C@H]([C@@H]([C@H](O7)CO[C@H]8[C@@H]([C@H]([C@@H]([C@H](O8)CO)O)O)O)O[C@H]9[C@@H]([C@@H]([C@H]([C@@H](O9)C)O)O)O)O)O[C@H]2[C@@H]([C@H]([C@@H]([C@H](O2)CO)O)O)O)C)C)C)OC1,1049.211000000001,-1.8817999999999826,12.0,22.0,3.0,,,
4245,CCc1c(c(c(c(c1Cl)[O-])Cl)O)C(=O)O[C@@H]2[C@H](O[C@H]([C@H]([C@H]2O)OC)OC/C/3=C\\C=C\\C[C@@H](/C(=C/[C@@H]([C@H](/C(=C/C(=C/C[C@H](OC3=O)[C@@H](C)O)/C)/C)O[C@H]4[C@H]([C@H]([C@@H](C(O4)(C)C)OC(=O)C(C)C)O)O)CC)/C)O)C,1057.0439999999999,5.602400000000008,6.0,18.0,4.0,,,
4246,c1ccc(cc1)CC2C(=O)NC(C(=O)NC(C(=O)NC(CSSCC(C(=O)NC(C(=O)N2)Cc3ccc(cc3)O)[NH3+])C(=O)N4CCCC4C(=O)NC(CCCC[NH3+])C(=O)NCC(=O)N)CC(=O)N)CCC(=O)N,1058.2549999999994,-5.76270000000002,13.0,14.0,3.0,,,
4247,c1ccc(cc1)C[C@H]2C(=O)N[C@H](C(=O)N[C@H](C(=O)N[C@@H](CSSCCC(=O)N[C@H](C(=O)N2)Cc3ccc(cc3)O)C(=O)N4CCC[C@H]4C(=O)N[C@H](CCCNC(=[NH2+])N)C(=O)NCC(=O)N)CC(=O)N)CCC(=O)N,1070.2459999999994,-5.951700000000021,14.0,14.0,3.0,,,
4248,c1c(cc(c(c1O)O)O)C(=O)O[C@H]2[C@@H]([C@@H]3[C@@H]([C@H](O2)COC(=O)c4cc(c(c(c4-c5c(cc(c(c5O)O)Oc6c(cc(c(c6O)O)O)C(=O)[O-])C(=O)O3)O)O)O)OC(=O)C7CC(=O)c8c7c9c(cc(c(c9O)O)O)c(=O)o8)O,1075.7350000000006,0.41480000000000233,15.0,30.0,3.0,,,
4249,Cc1c(cc2cc3c(c(c2c1O)[O-])C(=O)[C@H]([C@@H](C3)[C@@H](C(=O)[C@H]([C@@H](C)O)O)OC)O[C@H]4C[C@H]([C@@H]([C@H](O4)C)O)O[C@H]5C[C@H]([C@H]([C@H](O5)C)O)O[C@H]6C[C@]([C@@H]([C@H](O6)C)O)(C)O)O[C@H]7C[C@H]([C@@H]([C@H](O7)C)O)O[C@H]8C[C@H]([C@@H]([C@H](O8)C)O)O,1084.1480000000004,-0.8812799999999874,10.0,24.0,3.0,,,
4250,c1c2c3c4c5c(c(c(c4oc2=O)O)O)-c6c(cc(c(c6O)O)O)C(=O)O[C@@H]7[C@@H](COC(=O)c8cc(c(c(c8Oc(c1O)c3oc5=O)O)O)O)OC([C@H]9[C@H]7OC(=O)c1cc(c(c(c1-c1c(cc(c(c1O)O)O)C(=O)O9)O)O)O)O,1084.7220000000007,2.3783000000000096,16.0,30.0,3.0,,,
4251,c1c2c(c(c(c1O)O)O)-c3c4c5c6c(c(c(c(c6oc4=O)O)O)-c7c(cc(c(c7O)O)O)C(=O)O[C@@H]8[C@@H](COC2=O)O[C@@H]([C@H]9[C@H]8OC(=O)c1cc(c(c(c1-c1c(cc(c(c1O)O)O)C(=O)O9)O)O)O)O)c(=O)oc5c(c3O)O,1084.7220000000004,1.9586000000000086,17.0,30.0,3.0,,,
4252,c1ccc(cc1)CC2C(=O)NC(C(=O)NC(C(=O)NC(CSSCC(C(=O)NC(C(=O)N2)Cc3ccc(cc3)O)[NH3+])C(=O)N4CCCC4C(=O)NC(CCC[NH+]=C(N)N)C(=O)NCC(=O)N)CC(=O)N)CCC(=O)N,1086.2689999999996,-8.0407,15.0,14.0,3.0,,,
4253,CCC(C)CC(C)CCCCCCCCC(=O)N[C@H]1C[C@H]([C@H](NC(=O)[C@@H]2[C@H](CCN2C(=O)[C@@H](NC(=O)[C@@H](NC(=O)[C@@H]3C[C@H](CN3C(=O)[C@@H](NC1=O)[C@@H](C)O)O)[C@@H]([C@H](c4ccc(cc4)O)O)O)[C@@H](CC[NH3+])O)O)[NH2+]CCN)O,1095.3470000000007,-5.0549000000000195,16.0,16.0,3.0,,,
4254,C[C@H]([C@@H](C(=O)N)NC(=O)[C@@H]1CSSC[C@@H](C(=O)N[C@H](C(=O)N[C@@H](C(=O)N[C@H](C(=O)N[C@H](C(=O)N1)C(C)C)CCCC[NH3+])Cc2c[nH]c3c2cccc3)Cc4ccc(cc4)O)NC(=O)[C@@H](Cc5ccc6ccccc6c5)[NH3+])O,1098.3629999999996,-0.6120000000000122,13.0,12.0,3.0,,,
4255,C[C@@H]1[C@H]([C@@H]([C@@H](C(O1)OC2CC3C(C(CC(O3)(CC(CC(CC(CC(=O)CCCC(=O)CC(=O)OC(C(C=CC=CC=CC=CC=CC=CC=C2)C)C(C)CC(C)C(CC(=O)c4ccc(cc4)N)O)O)O)O)O)O)C(=O)[O-])O)[NH3+])O,1109.3170000000007,1.718300000000009,10.0,19.0,3.0,,,
4256,*C1[C@@H]([C@H]([C@@H]([C@H](O1)COS(=O)(=O)[O-])O[C@H]2[C@@H]([C@H]([C@@H]([C@H](O2)C(=O)[O-])O[C@@H]3[C@@H]([C@H]([C@@H]([C@H](O3)CO)O[C@H]4[C@@H]([C@H]([C@@H]([C@@H](O4)C(=O)[O-])O*)O)OS(=O)(=O)[O-])OS(=O)(=O)[O-])NS(=O)(=O)[O-])O)OS(=O)(=O)[O-])O)NC(=O)C,1109.8630000000007,-14.048700000000007,6.0,36.0,3.0,,,
4257,CC=C(C)C(=O)OC1C([C@@]2(C(C[C@@]3(C(=CCC4[C@]3(CCC5[C@@]4(CCC([C@]5(C)CO)OC6C(C(C(C(O6)C(=O)[O-])OC7C(C(C(C(O7)CO)O)O)O)O)OC8C(C(C(C(O8)CO)O)O)O)C)C)C2CC1(C)C)C)O)CO)OC(=O)C,1130.2610000000006,-2.6557999999999824,12.0,24.0,3.0,,,
4258,c1c(c(c(c(c1I)NC(=O)CCCCC(=O)Nc2c(cc(c(c2I)C(=O)[O-])I)I)I)C(=O)[O-])I,1137.7480000000003,4.178800000000001,2.0,6.0,1.0,,,
4259,CCCCCOc1ccc(cc1)c2ccc(cc2)c3ccc(cc3)C(=O)N[C@H]4C[C@H]([C@H](NC(=O)[C@@H]5[C@H]([C@H](CN5C(=O)[C@@H](NC(=O)[C@@H](NC(=O)[C@@H]6C[C@H](CN6C(=O)[C@@H](NC4=O)[C@@H](C)O)O)[C@@H]([C@H](c7ccc(cc7)O)O)O)[C@@H](C)O)C)O)O)O,1140.2540000000001,-0.9270999999999889,14.0,17.0,3.0,,,
4260,CSCCC(C(=O)NCC(=O)NC(Cc1c[nH]c2c1cccc2)C(=O)NC(CCSC)C(=O)NC(CC(=O)[O-])C(=O)NC(Cc3ccccc3)C(=O)N)NC(=O)C(Cc4ccc(cc4)OS(=O)(=O)[O-])NC(=O)C(CC(=O)[O-])[NH3+],1141.2740000000001,-5.058200000000019,10.0,18.0,3.0,,,
4261,C[Si](C)(C)OCC1C(C(C(C(O1)Oc2cc3c(c(=O)cc(o3)c4ccc(cc4)O[Si](C)(C)C)c(c2)O[Si](C)(C)C)OC5C(C(CO5)(CO[Si](C)(C)C)O[Si](C)(C)C)O[Si](C)(C)C)O[Si](C)(C)C)O[Si](C)(C)C,1141.9599999999994,12.686199999999983,0.0,14.0,3.0,,,
4262,CCC(C)CCCC(=O)N[C@@H](CC[NH3+])C(=O)N[C@@H]([C@@H](C)O)C(=O)N[C@@H](CC[NH3+])C(=O)N[C@H]1CCNC(=O)[C@@H](NC(=O)[C@@H](NC(=O)[C@@H](NC(=O)[C@@H](NC(=O)[C@H](NC(=O)[C@@H](NC1=O)CC[NH3+])CC(C)C)CC(C)C)CC[NH3+])CC[NH3+])[C@@H](C)O,1160.4949999999997,-9.41549999999994,18.0,13.0,3.0,,,
4263,Cc1c2cc3c(c(c([nH]3)cc4nc(cc5nc(cc(c1C(C)O)[nH]2)C(=C5CCC(=O)[O-])C)C(=C4C)CCC(=O)[O-])C)C(C)OC(C)c6c(c7cc8c(c(c([nH]8)cc9nc(cc1nc(cc6[nH]7)C(=C1CCC(=O)[O-])C)C(=C9C)CCC(=O)[O-])C)C(C)O)C,1175.3529999999992,8.965280000000002,6.0,15.0,4.0,,,
4264,CC(C)C[C@@H](C(=O)N[C@@H](CCCNC(=[NH2+])N)C(=O)N1CCC[C@H]1C(=O)NCC(=O)N)NC(=O)CNC(=O)[C@H](Cc2ccc(cc2)O)NC(=O)[C@H](CO)NC(=O)[C@H](Cc3c[nH]c4c3cccc4)NC(=O)[C@H](Cc5c[nH]cn5)NC(=O)[C@@H]6CCC(=O)N6,1183.3190000000004,-5.9974000000000345,17.0,14.0,3.0,,,
4265,C[C@H]1[C@@H]([C@H]([C@H]([C@@H](O1)O[C@H]2[C@@H](O[C@H]([C@@H]([C@@H]2O)O)O[C@@H]3[C@H](O[C@H]([C@@H]([C@H]3O)O[C@H]4[C@@H]([C@@H]([C@H]([C@@H](O4)C)O)O)O)OC5CCC6(C7CCC8(C(C7CC=C6C5)CC9C8[C@@H]([C@](O9)(CCC(C)CO[C@H]1[C@@H]([C@H]([C@@H]([C@H](O1)CO)O)O)O)O)C)C)C)CO)C)O)O)O,1195.3529999999994,-3.1278999999999866,15.0,26.0,3.0,,,
4266,CC[C@H]1C(=O)N(CC(=O)N([C@H](C(=O)N[C@H](C(=O)N([C@H](C(=O)N[C@H](C(=O)N[C@@H](C(=O)N([C@H](C(=O)N([C@H](C(=O)N([C@H](C(=O)N([C@H](C(=O)N1)[C@@H]([C@H](C)C/C=C/C)O)C)C(C)C)C)CC(C)C)C)CC(C)C)C)C)C)CC(C)C)C)C(C)C)CC(C)C)C)C,1202.6349999999982,3.2690000000000063,5.0,12.0,2.0,,,
4267,C[C@@H]1O[C@H]([C@@H]([C@@H]([C@H]1O)O)O)O[C@H]2[C@@H]([C@H]([C@@H](O[C@@H]2CO)OC[C@H]3O[C@H]([C@@H]([C@H]([C@@H]3O)O)O)OC(=O)[C@]45[C@H](C6=CC[C@H]7[C@]([C@@]6(CC4)C)(CC[C@@H]8[C@@]7(CC[C@@H]([C@]8(C)C)O[C@@H]9OC[C@@H]([C@@H]([C@H]9O[C@@H]1O[C@H]([C@@H]([C@H]([C@H]1O)O)O)C)O)O)C)C)C[C@@](CC5)(C)C)O)O,1205.3919999999996,-1.516799999999977,14.0,25.0,3.0,,,
4268,C[C@H]1[C@@H]([C@H]([C@H]([C@@H](O1)O[C@@H]2[C@H]([C@H](COC2O[C@H]3CC[C@@]4([C@H]5CC[C@@H]6[C@H]7[C@@](C[C@@H](O[C@@]78CC6([C@@]5(CC[C@H]4C3(C)C)C)CO8)C=C(C)C)(C)O)C)O)O[C@H]9[C@@H]([C@H]([C@@H]([C@H](O9)CO[C@H]1[C@@H]([C@H]([C@@H]([C@H](O1)CO)O)O)O)O)O)O[C@H]1[C@@H]([C@H]([C@@H](CO1)O)O)O)O)O)O,1207.3640000000012,-2.7181999999999933,14.0,26.0,3.0,,,
4269,CC[C@@H](C)CCCCC(=O)N[C@@H](CC[NH3+])C(=O)N[C@@H]([C@@H](C)O)C(=O)N[C@@H](CC[NH3+])C(=O)N[C@H]1CCNC(=O)[C@@H](NC(=O)[C@@H](NC(=O)[C@@H](NC(=O)[C@@H](NC(=O)[C@H](NC(=O)[C@@H](NC1=O)CC[NH3+])Cc2ccccc2)CC(C)C)CC[NH3+])CC[NH3+])[C@@H](C)O,1208.5389999999998,-8.828799999999944,18.0,13.0,3.0,,,
4270,CCC(C)CCCCC(=O)NC(CC[NH3+])C(=O)NC(C(C)O)C(=O)NC(CC[NH3+])C(=O)NC1CCNC(=O)C(NC(=O)C(NC(=O)C(NC(=O)C(NC(=O)C(NC(=O)C(NC1=O)CC[NH3+])Cc2ccccc2)CC(C)C)CC[NH3+])CC[NH3+])C(C)O,1208.5389999999998,-8.828799999999944,18.0,13.0,3.0,,,
4271,CCNC(=O)[C@@H]1CCCN1C(=O)[C@H](CCCNC(=[NH2+])N)NC(=O)[C@H](CC(C)C)NC(=O)[C@@H](CC(C)C)NC(=O)[C@H](Cc2ccc(cc2)O)NC(=O)[C@H](CO)NC(=O)[C@H](Cc3c[nH]c4c3cccc4)NC(=O)[C@H](Cc5cnc[nH]5)NC(=O)[C@@H]6CCC(=O)N6,1210.4290000000003,-3.0481000000000273,16.0,13.0,3.0,,,
4272,c1c(c(c(c(c1I)NC(=O)COCCOCCOCC(=O)Nc2c(cc(c(c2I)C(=O)[O-])I)I)I)C(=O)[O-])I,1213.7990000000004,2.6681999999999997,2.0,9.0,1.0,,,
4273,c1c(c(c(c(c1I)I)NC(=O)COCCOCCOCC(=O)Nc2c(c(cc(c2I)I)I)C(=O)[O-])C(=O)[O-])I,1213.7990000000002,2.6681999999999997,2.0,9.0,1.0,,,
4274,COCCOCCOCCOCCOCCOCCOCCOCCOCCOCCOCCOCCOCCOCCOCCOCCOCCOCCOCCOCCOCCOCCOCCOCCOCCOCCOCCO,1221.4729999999997,0.05669999999998049,1.0,28.0,2.0,,,
4275,c1ccc(cc1)C[C@H]2C(=O)N[C@H](C(=O)N[C@H](C(=O)N[C@@H](CSSC[C@@H](C(=O)N[C@H](C(=O)N2)Cc3ccc(cc3)O)NC(=O)CNC(=O)CNC(=O)C[NH3+])C(=O)N4CCC[C@H]4C(=O)N[C@@H](CCCC[NH3+])C(=O)NCC(=O)N)CC(=O)N)CCC(=O)N,1229.411,-8.414099999999982,16.0,17.0,3.0,,,
4276,CC(C)C[C@H]1C(=O)N[C@@H](C(=O)N2CCC[C@H]2C(=O)N[C@H](C(=O)N[C@@H](C(=O)[C@@H](NC(=O)[C@@H]([NH2+][C@H](C(=O)N[C@H](C(=O)N[C@H](C(=O)N1)CCC[NH3+])C(C)C)Cc3ccc(cc3)O)CCC(=O)[O-])CC(=O)N)Cc4ccccc4)Cc5ccccc5)Cc6ccccc6,1229.4669999999994,-1.9396000000000264,11.0,13.0,3.0,,,
4277,C/C=C(/C)\C(=O)O[C@H]1[C@@H]([C@@]2([C@@H](C[C@@]3(C(=CC[C@H]4[C@]3(CC[C@@H]5[C@@]4(CC[C@@H]([C@@]5(C)CO)O[C@H]6[C@@H]([C@H]([C@@H]([C@H](O6)C(=O)[O-])O)O[C@H]7[C@@H]([C@H]([C@H]([C@H](O7)CO)O)O)O)O[C@H]8[C@@H]([C@H]([C@H](CO8)O)O)O[C@H]9[C@@H]([C@H]([C@@H](CO9)O)O)O)C)C)[C@@H]2CC1(C)C)C)O)CO)OC(=O)C,1232.3500000000004,-3.553399999999992,13.0,27.0,3.0,,,
4278,CCNC(=O)[C@@H]1CCCN1C(=O)[C@H](CCC[NH+]=C(N)N)NC(=O)[C@H](CC(C)C)NC(=O)[C@@H](COC(C)(C)C)NC(=O)[C@H](Cc2ccc(cc2)O)NC(=O)[C@H](CO)NC(=O)[C@H](Cc3c[nH]c4c3cccc4)NC(=O)[C@H](Cc5cnc[nH]5)NC(=O)[C@@H]6CCC(=O)N6,1240.4550000000004,-3.58850000000003,16.0,14.0,3.0,,,
4279,CNC(=O)c1c(c(c(c(c1I)NC(=O)CCCCC(=O)Nc2c(c(c(c(c2I)C(=O)[O-])I)C(=O)NC)I)I)C(=O)[O-])I,1251.8520000000003,2.8980000000000006,4.0,8.0,1.0,,,
4280,Cc1ccc(c2c1oc-3c(c(=O)c(c(c3n2)C(=O)NC4C(OC(=O)C(N(C(=O)CN(C(=O)C5CCCN5C(=O)C(NC4=O)C(C)C)C)C)C(C)C)C)N)C)C(=O)NC6C(OC(=O)C(N(C(=O)CN(C(=O)C7CCCN7C(=O)C(NC6=O)C(C)C)C)C)C(C)C)C,1255.437999999999,0.7256400000000014,5.0,18.0,2.0,,,
4281,CC(=O)N(C)c1c(c(c(c(c1I)C(=O)NCC(=O)Nc2c(c(c(c(c2I)C(=O)[O-])I)C(=O)NCCO)I)I)C(=O)NC)I,1267.875,2.1106,5.0,8.0,1.0,,,
4282,CCCCCCCCCCCCCCCC(=O)N[C@@H](CSCC(COC(=O)CCCCCCCCCCCCCCC)OC(=O)CCCCCCCCCCCCCCC)C(=O)N[C@@H](CO)C(=O)N[C@@H](CO)C(=O)N[C@@H](CC(=O)N)C(=O)N[C@@H](C)C(=O)[O-],1268.8159999999991,9.672300000000007,8.0,15.0,4.0,,,
4283,CCCCCOc1ccc(cc1)c2cc(no2)c3ccc(cc3)C(=O)N[C@H]4C[C@H]([C@H](NC(=O)[C@@H]5[C@H]([C@H](CN5C(=O)[C@@H](NC(=O)[C@@H](NC(=O)[C@@H]6C[C@H](CN6C(=O)[C@@H](NC4=O)[C@@H](C)O)O)[C@@H]([C@H](c7ccc(c(c7)OS(=O)(=O)[O-])O)O)O)[C@@H](CC(=O)N)O)C)O)O)O,1269.2830000000004,-4.2446,15.0,24.0,3.0,,,
4284,CC(C)CC(C(=O)NC(CCC[NH+]=C(N)N)C(=O)N1CCCC1C(=O)NNC(=O)N)NC(=O)C(COC(C)(C)C)NC(=O)C(Cc2ccc(cc2)O)NC(=O)C(CO)NC(=O)C(Cc3c[nH]c4c3cccc4)NC(=O)C(Cc5cnc[nH]5)NC(=O)C6CCC(=O)N6,1270.4410000000003,-5.02510000000003,18.0,15.0,3.0,,,
4285,Cc1cc2c(cc1C)n(cn2)[C@@H]3[C@@H]([C@@H]([C@H](O3)CO)OP(=O)([O-])O[C@@H](C)CNC(=O)CC[C@@]4([C@H](C5[C@]6([C@@]([C@@H](C(=N6)/C(=C\7/[C@@]([C@@H](/C(=C/C8=N/C(=C(\C4=N5)/C)/[C@H](C8(C)C)CCC(=O)N)/N7)CCC(=O)N)(C)CC(=O)N)/C)CCC(=O)N)(C)CC(=O)N)C)CC(=O)N)C)O,1271.4449999999993,2.5312400000000044,10.0,20.0,3.0,,,
4286,Cc1cc2c(cc1C)n(cn2)[C@@H]3C(C([C@@H](O3)CO)OP(=O)([O-])OC(C)CNC(=O)CC[C@@]\4([C@H](C5[C@]6([C@@]([C@@H](C(=N6)/C(=C\7/[C@@]([C@@H](C(=N7)/C=C\8/C([C@@H](C(=N8)/C(=C4\[NH2+]5)/C)CCC(=O)N)(C)C)CCC(=O)N)(C)CC(=O)N)/C)CCC(=O)N)(C)CC(=O)N)C)CC(=O)N)C)O,1272.4529999999993,1.5050399999999946,10.0,19.0,3.0,,,
4287,Cc1cc2c(cc1C)n(cn2)C3C(C(C(O3)CO)OP(=O)([O-])OC(C)CNC(=O)CCC\4(C(C5C6(C(C(C(=N6)/C(=C\7/C(C(C(=N7)/C=C\8/C(C(C(=N8)/C(=C4\[NH2+]5)/C)CCC(=O)N)(C)C)CCC(=O)N)(C)CC(=O)N)/C)CCC(=O)N)(C)CC(=O)N)C)CC(=O)N)C)O,1272.4529999999993,1.5050399999999946,10.0,19.0,3.0,,,
4288,c1c(c(c(c(c1I)NC(=O)CCOCCOCCOCCOCCC(=O)Nc2c(cc(c(c2I)C(=O)[O-])I)I)I)C(=O)[O-])I,1285.9060000000004,3.4650000000000016,2.0,10.0,1.0,,,
4289,Cc1ccc(cc1NC(=O)c2cccc(c2)NC(=O)Nc3cccc(c3)C(=O)Nc4cc(ccc4C)C(=O)Nc5ccc(c6c5c(cc(c6)S(=O)(=O)[O-])S(=O)(=O)[O-])S(=O)(=O)[O-])C(=O)Nc7ccc(c8c7c(cc(c8)S(=O)(=O)[O-])S(=O)(=O)[O-])S(=O)(=O)[O-],1291.2540000000004,4.6876400000000045,6.0,23.0,3.0,,,
4290,c1ccc2c(c1)CC(N(C2)C(=O)[C@H](CO)NC(=O)[C@H](Cc3cccs3)NC(=O)CNC(=O)C4C[C@H](CN4C(=O)C5CCCN5C(=O)C(CCC[NH+]=C(N)N)NC(=O)[C@@H](CCC[NH+]=C(N)N)[NH3+])O)C(=O)N6[C@H]7CCCC[C@H]7CC6C(=O)N[C@@H](CCC[NH+]=C(N)N)C(=O)[O-],1307.572,-12.832699999999917,17.0,14.0,3.0,,,
4291,CC(C)C[C@@H](C(=O)N[C@@H](CCC[NH+]=C(N)N)C(=O)N1CCC[C@H]1C(=O)NCC(=O)N)NC(=O)[C@@H](Cc2c[nH]c3c2cccc3)NC(=O)[C@H](Cc4ccc(cc4)O)NC(=O)[C@H](CO)NC(=O)[C@H](Cc5c[nH]c6c5cccc6)NC(=O)[C@H](Cc7cnc[nH]7)NC(=O)[C@@H]8CCC(=O)N8,1312.4810000000007,-4.214200000000031,18.0,14.0,3.0,,,
4292,CC(C)CC(C(=O)NC(CCCNC(=[NH2+])N)C(=O)N1CCCC1C(=O)NCC(=O)N)NC(=O)C(Cc2ccc3ccccc3c2)NC(=O)C(Cc4ccc(cc4)O)NC(=O)C(CO)NC(=O)C(Cc5c[nH]c6c5cccc6)NC(=O)C(Cc7c[nH]cn7)NC(=O)C8CCC(=O)N8,1323.5040000000006,-3.232900000000029,17.0,14.0,3.0,,,
4293,CCNC(=O)[C@@H]1CCCN1C(=O)[C@H](CCCNC(=[NH2+])N)NC(=O)[C@H](CC(C)C)NC(=O)[C@@H](Cc2cn(cn2)Cc3ccccc3)NC(=O)[C@H](Cc4ccc(cc4)O)NC(=O)[C@H](CO)NC(=O)[C@H](Cc5c[nH]c6c5cccc6)NC(=O)[C@H](Cc7cnc[nH]7)NC(=O)[C@@H]8CCC(=O)N8,1324.5360000000005,-2.6067000000000293,16.0,15.0,3.0,,,
4294,C[C@H]([C@@H](C(=O)NCC(=O)N[C@@H](Cc1c[nH]c2c1cccc2)C(=O)N[C@@H](CCSC)C(=O)N[C@@H](CC(=O)[O-])C(=O)N[C@@H](Cc3ccccc3)C(=O)N)NC(=O)[C@H](Cc4ccc(cc4)OS(=O)(=O)[O-])NC(=O)[C@H](CC(=O)[O-])NC(=O)[C@H](CCC(=O)N)NC(=O)[C@@H]5CCC(=O)N5)O,1349.4020000000007,-7.527300000000017,14.0,22.0,3.0,,,
4295,Cc1cc2c(cc1C)N3C=N2[Co+]456(N7=C8[C@H](C(C7=CC9=N4C(=C(C1=N5[C@@]([C@@H]2N6C(=C8C)[C@@]([C@H]2CC(=O)N)(CCC(=O)NC[C@H](OP(=O)(O[C@@H]2[C@H](O[C@H]3[C@@H]2O)CO)[O-])C)C)([C@@]([C@@H]1CCC(=O)N)(C)CC(=O)N)C)C)[C@@]([C@@H]9CCC(=O)N)(C)CC(=O)N)(C)C)CCC(=O)N)O,,,,,,,,
4296,Cc1cc2c(cc1C)N3C=N2[Co]456(N7=C8[C@H](C(C7=CC9=N4C(=C(C1=N5[C@@]([C@@H]2N6C(=C8C)[C@@]([C@H]2CC(=O)N)(CCC(=O)NC[C@H](OP(=O)(O[C@@H]2[C@H](O[C@H]3[C@@H]2O)CO)O)C)C)([C@@]([C@@H]1CCC(=O)N)(C)CC(=O)N)C)C)[C@@]([C@@H]9CCC(=O)N)(C)CC(=O)N)(C)C)CCC(=O)N)C#N,,,,,,,,
4297,CC(C1C(=O)NC(CSSCC(C(=O)NC(C(=O)NC(C(=O)NC(C(=O)N1)CCCC[NH3+])Cc2c[nH]c3c2cccc3)Cc4ccccc4)NC(=O)C(Cc5ccccc5)NC(=O)CN(CCN(CC[NH+](CC(=O)[O-])CC(=O)[O-])CC(=O)[O-])CC(=O)[O-])C(=O)NC(CO)C(C)O)O,1392.579,-10.876199999999981,14.0,23.0,3.0,,,
4298,Cc1c(nc(nc1N)[C@H](CC(=O)N)[NH2+]C[C@@H](C(=O)N)N)C(=O)N[C@@H]([C@H](c2c[nH]cn2)O[C@H]3[C@H]([C@H]([C@@H]([C@@H](O3)CO)O)O)O[C@@H]4[C@H]([C@H]([C@@H]([C@H](O4)CO)O)OC(=O)N)O)C(=O)N[C@H](C)[C@H]([C@H](C)C(=O)N[C@@H]([C@@H](C)O)C(=O)NCCc5nc(cs5)c6nc(cs6)C(=O)NCCC[S+](C)C)O,1416.5840000000005,-8.72978000000001,20.0,30.0,3.0,,,
4299,C[C@H](C(=O)N)NC(=O)[C@@H]1CCCN1C(=O)[C@H](CCCC[NH2+]C(C)C)NC(=O)[C@H](CC(C)C)NC(=O)[C@@H](CC(=O)N)NC(=O)[C@H](Cc2ccc(cc2)O)N(C)C(=O)[C@H](CO)NC(=O)[C@@H](Cc3cccnc3)NC(=O)[C@@H](Cc4ccc(cc4)Cl)NC(=O)[C@@H](Cc5ccc6ccccc6c5)NC(=O)C,1417.0969999999998,0.14179999999997822,13.0,15.0,3.0,,,
4300,CC[C@H](C)[C@H]1C(=O)N[C@@H](C(=O)N[C@H](C(=O)N[C@@H](C(=O)N[C@H](C(=O)NCCCC[C@@H](C(=O)N[C@@H](C(=O)N1)CCC[NH3+])NC(=O)[C@H]([C@@H](C)CC)NC(=O)[C@@H](CCC(=O)[O-])NC(=O)[C@H](CC(C)C)NC(=O)C2CSC(=N2)C(C(C)CC)[NH3+])CC(=O)N)CC(=O)[O-])Cc3cnc[nH]3)Cc4ccccc4,1422.7199999999998,-5.780599999999979,15.0,19.0,3.0,,,
4301,CCC(C)C1C(=O)NC(C(=O)NC(C(=O)NC(C(=O)NC(C(=O)NCCCCC(C(=O)NC(C(=O)N1)CCC[NH3+])NC(=O)C(C(C)CC)NC(=O)C(CCC(=O)[O-])NC(=O)C(CC(C)C)NC(=O)C2CSC(=N2)C(C(C)CC)[NH3+])CC(=O)N)CC(=O)[O-])CC3C=NC=[NH+]3)Cc4ccccc4,1423.7279999999998,-7.794399999999975,15.0,19.0,3.0,,,
4302,C[C@H](C(=O)N)NC(=O)[C@@H]1CCCN1C(=O)[C@H](CCCNC(=[NH2+])N)NC(=O)[C@H](CC(C)C)NC(=O)[C@@H](CCCNC(=O)N)NC(=O)[C@H](Cc2ccc(cc2)O)NC(=O)[C@H](CO)NC(=O)[C@@H](Cc3cccnc3)NC(=O)[C@@H](Cc4ccc(cc4)Cl)NC(=O)[C@@H](Cc5ccc6ccccc6c5)NC(=O)C,1432.0719999999997,-2.3258000000000303,17.0,15.0,3.0,,,
4303,C([C@@H]1[C@H]([C@@H]([C@H]([C@@H](O1)O[C@]2([C@H]([C@@H]([C@H](O2)OS(=O)(=O)O[Al](O)O)OS(=O)(=O)O[Al](O)O)OS(=O)(=O)O[Al](O)O)COS(=O)(=O)O[Al](O)O)OS(=O)(=O)O[Al](O)O)OS(=O)(=O)O[Al](O)O)OS(=O)(=O)O[Al](O)O)OS(=O)(=O)O[Al](O)O,1448.686000000001,-19.396500000000024,16.0,51.0,3.0,,,
4304,C[C@H]1[C@H]([C@@](C[C@@H](O1)O[C@@H]2[C@H]([C@@H]([C@H](O[C@H]2Oc3c4cc5cc3Oc6ccc(cc6Cl)[C@H]([C@H](C(=O)N[C@H](C(=O)N[C@H]5C(=O)N[C@@H]7c8ccc(c(c8)-c9c(cc(cc9O)O)[C@H](NC(=O)[C@H]([C@@H](c1ccc(c(c1)Cl)O4)O)NC7=O)C(=O)[O-])O)CC(=O)N)NC(=O)[C@@H](CC(C)C)[NH2+]C)O)CO)O)O)(C)[NH3+])O,1450.2790000000005,-2.971500000000004,18.0,24.0,3.0,,,
4305,CO[C@@H]1[C@@H]([C@H]([C@@H]([C@H](O1)COS(=O)(=O)[O-])O[C@H]2[C@@H]([C@H]([C@@H]([C@@H](O2)C(=O)[O-])O[C@@H]3[C@@H]([C@H]([C@@H]([C@H](O3)COS(=O)(=O)[O-])O[C@H]4[C@@H]([C@H]([C@@H]([C@H](O4)C(=O)[O-])O[C@@H]5[C@@H]([C@H]([C@@H]([C@H](O5)COS(=O)(=O)[O-])O)O)NS(=O)(=O)[O-])O)O)OS(=O)(=O)[O-])NS(=O)(=O)[O-])O)OS(=O)(=O)[O-])O)NS(=O)(=O)[O-],1498.1930000000013,-19.160299999999967,9.0,49.0,3.0,,,
4306,CC(=O)N(CC(CN(c1c(c(c(c(c1I)C(=O)NCC(CO)O)I)C(=O)NCC(CO)O)I)C(=O)C)O)c2c(c(c(c(c2I)C(=O)NCC(CO)O)I)C(=O)NCC(CO)O)I,1550.1880000000006,-1.5868999999999964,13.0,15.0,3.0,,,
4307,c1c(cc(c(c1O)O)O)C(=O)O[C@H]2[C@H]([C@@H](O[C@H]3[C@@H]2OC(=O)c4cc(c(c(c4-c5c(cc(c(c5O)O)Oc6c(cc(c(c6O)O)O)C(=O)O[C@@H]7[C@H]([C@H]8[C@@H](COC(=O)c9cc(c(c(c9-c1c(cc(c(c1O)O)O)C(=O)O8)O)O)O)O[C@H]7O)OC(=O)c1cc(c(c(c1)O)O)O)C(=O)OC3)O)O)O)OC(=O)c1cc(c(c(c1)O)O)O)O,1571.104000000001,1.770100000000018,25.0,44.0,3.0,,,
4308,CCNC(=[NH+]CCCC[C@H](C(=O)N[C@@H](CC(C)C)C(=O)N[C@@H](CCCC[NH+]=C(NCC)NCC)C(=O)N1CCC[C@H]1C(=O)N[C@H](C)C(=O)N)NC(=O)[C@H](Cc2ccc(cc2)O)NC(=O)[C@H](CO)NC(=O)[C@@H](Cc3cccnc3)NC(=O)[C@@H](Cc4ccc(cc4)Cl)NC(=O)[C@@H](Cc5ccc6ccccc6c5)NC(=O)C)NCC,1572.366,-1.5661000000000298,18.0,14.0,3.0,,,
4309,C[C@@H]1O[C@H]([C@@H]([C@@H]([C@H]1O)O)O)O[C@@H]2[C@H]([C@@H](O[C@@H]([C@@H]2OC(=O)/C=C/c3ccc(cc3)OC)C)OC(=O)[C@]45[C@H](C6=CC[C@@H]7[C@@]8([C@H]([C@@]([C@H]([C@H](C8)O)O[C@@H]9O[C@@H]([C@H]([C@@H]([C@H]9O)O)O)CO)(C(=O)[O-])C)CC[C@]7([C@@]6(CC4)CO)C)C)C[C@@](CC5)(C)C)O[C@@H]1O[C@H]([C@@H]([C@H]([C@H]1O)O)O[C@@H]1OC[C@H]([C@@H]([C@H]1O)O)O[C@@H]1O[C@@H]([C@@H]([C@@H]([C@H]1O)O)O)CO)C,1572.6780000000003,-4.718900000000015,17.0,35.0,3.0,,,
4310,CC[C@H](C)[C@@H](C(=O)NCC(=O)N[C@@H](Cc1ccccc1)C(=O)N[C@@H](CCC(=O)[O-])C(=O)N[C@@H](C(C)C)C(=O)N[C@@H](CCC(=O)N)C(=O)N[C@@H](CCC(=O)[O-])C(=O)N[C@@H](CCC(=O)[O-])C(=O)[O-])NC(=O)[C@H]([C@@H](C)O)NC(=O)[C@H](C)NC(=O)[C@H](CCCCNC(=O)CCCC[C@@H]2CCSS2)NC(=O)[C@H](CC(=O)[O-])NC(=O)C,1590.7740000000003,-9.452899999999971,15.0,27.0,3.0,,,
4311,CCCCCCCCCC(=O)N[C@@H](Cc1c[nH]c2c1cccc2)C(=O)N[C@H](CC(=O)N)C(=O)N[C@@H](CC(=O)[O-])C(=O)N[C@H]3[C@H](OC(=O)[C@@H](NC(=O)[C@@H](NC(=O)[C@H](NC(=O)CNC(=O)[C@@H](NC(=O)[C@H](NC(=O)[C@@H](NC(=O)[C@@H](NC(=O)CNC3=O)CCC[NH3+])CC(=O)[O-])C)CC(=O)[O-])CO)[C@H](C)CC(=O)[O-])CC(=O)c4ccccc4N)C,1617.6690000000006,-11.677399999999922,18.0,27.0,3.0,,,
4312,CN(c1c(c(c(c(c1I)C(=O)NC(CO)C(CO)O)I)C(=O)NC(CO)C(CO)O)I)C(=O)CC(=O)N(C)c2c(c(c(c(c2I)C(=O)NC(CO)C(CO)O)I)C(=O)NC(CO)C(CO)O)I,1626.2390000000005,-3.8942999999999905,16.0,18.0,3.0,,,
4313,C[C@H](C(=O)N)NC(=O)[C@@H]1CCCN1C(=O)[C@H](CCCC[NH2+]C(C)C)NC(=O)[C@H](CC(C)C)NC(=O)[C@@H](Cc2ccc(cc2)NC(=O)N)NC(=O)[C@H](Cc3ccc(cc3)NC(=O)[C@@H]4CC(=O)NC(=O)N4)NC(=O)[C@H](CO)NC(=O)[C@@H](Cc5cccnc5)NC(=O)[C@@H](Cc6ccc(cc6)Cl)NC(=O)[C@@H](Cc7ccc8ccccc8c7)NC(=O)C,1633.2970000000003,0.48849999999997157,17.0,17.0,3.0,,,
4314,CCC(C)CCCCC(=O)NC(CC[NH2+]CS(=O)(=O)[O-])C(=O)NC(C(C)O)C(=O)NC(CC[NH2+]CS(=O)(=O)[O-])C(=O)NC1CCNC(=O)C(NC(=O)C(NC(=O)C(NC(=O)C(NC(=O)C(NC(=O)C(NC1=O)CC[NH2+]CS(=O)(=O)[O-])CC(C)C)CC(C)C)CC[NH2+]CS(=O)(=O)[O-])CC[NH2+]CS(=O)(=O)[O-])C(C)O,1639.9370000000006,-14.90439999999987,18.0,28.0,3.0,,,
4315,c1c(cc(c(c1O)O)O)C(=O)Oc2cc(cc(c2O)O)C(=O)OC[C@@H]3[C@H]([C@@H]([C@H]([C@@H](O3)OC(=O)c4cc(c(c(c4)OC(=O)c5cc(c(c(c5)O)O)O)O)O)OC(=O)c6cc(c(c(c6)OC(=O)c7cc(c(c(c7)O)O)O)O)O)OC(=O)c8cc(c(c(c8)OC(=O)c9cc(c(c(c9)O)O)O)O)O)OC(=O)c1cc(c(c(c1)OC(=O)c1cc(c(c(c1)O)O)O)O)O,1701.2060000000008,4.838100000000011,25.0,46.0,3.0,,,
4316,c1c(cc(c(c1O)O)O)C(=O)Oc2cc(cc(c2O)O)C(=O)OC[C@@H]3[C@H]([C@@H]([C@H]([C@H](O3)OC(=O)c4cc(c(c(c4)OC(=O)c5cc(c(c(c5)O)O)O)O)O)OC(=O)c6cc(c(c(c6)OC(=O)c7cc(c(c(c7)O)O)O)O)O)OC(=O)c8cc(c(c(c8)OC(=O)c9cc(c(c(c9)O)O)O)O)O)OC(=O)c1cc(c(c(c1)OC(=O)c1cc(c(c(c1)O)O)O)O)O,1701.2060000000008,4.838100000000011,25.0,46.0,3.0,,,
4317,c1c(cc(c(c1O)O)O)C(=O)OC2C(OC(=O)c3cc(c(c(c3Oc4cc5c(c(c4O)O)-c6c(cc(c(c6O)O)O)C(=O)OC7C(COC5=O)OC(C(C7OC(=O)c8cc(c(c(c8)O)O)O)OC(=O)c9cc(c(c(c9Oc1cc3c(c(c1O)O)-c1c(cc(c(c1O)O)O)C(=O)OCC(C2OC3=O)O)O)O)O)OC(=O)c1cc(c(c(c1)O)O)O)O)O)O)C=O,1721.1930000000011,2.9943000000000097,26.0,48.0,3.0,,,
4318,CCCCCCCCCCNCC[NH2+][C@]1(C[C@@H](O[C@H]([C@H]1O)C)O[C@@H]2[C@H]([C@@H]([C@H](O[C@H]2Oc3c4cc5cc3Oc6ccc(cc6Cl)[C@H]([C@H](C(=O)N[C@H](C(=O)N[C@H]5C(=O)N[C@@H]7c8ccc(c(c8)-c9c(cc(c(c9O)C[NH2+]CP(=O)([O-])[O-])O)[C@H](NC(=O)[C@H]([C@@H](c1ccc(c(c1)Cl)O4)O)NC7=O)C(=O)[O-])O)CC(=O)N)NC(=O)[C@@H](CC(C)C)[NH2+]C)O)CO)O)O)C,1755.6580000000004,-2.9851000000000214,20.0,28.0,3.0,,,
4319,C[C@@H](C(=O)N[C@H](CC(C)C)C(=O)N[C@@H](C)C(=O)N[C@H](C(C)C)C(=O)N[C@@H](C(C)C)C(=O)N[C@@H](C(C)C)C(=O)N[C@@H](Cc1c[nH]c2c1cccc2)C(=O)N[C@H](CC(C)C)C(=O)N[C@@H](Cc3c[nH]c4c3cccc4)C(=O)N[C@H](CC(C)C)C(=O)N[C@@H](Cc5c[nH]c6c5cccc6)C(=O)N[C@H](CC(C)C)C(=O)N[C@@H](Cc7c[nH]c8c7cccc8)C(=O)NCCO)NC(=O)CNC(=O)[C@H](C(C)C)NC=O,1882.332,4.3722999999999805,21.0,17.0,3.0,,,
4320,CCCCCCCCCCCCCCCC(=O)O[C@@H](CCCCCCCCCCC)CC(=O)N[C@@H]1[C@H]([C@@H]([C@H](O[C@@H]1O)CO[C@H]2[C@@H]([C@H]([C@@H]([C@H](O2)CO)OP(=O)([O-])[O-])OC(=O)C[C@H](CCCCCCCCCCC)OC(=O)CCCCCCCCCCCCC)NC(=O)C[C@H](CCCCCCCCCCC)OC(=O)CCCCCCCCCCC)O)OC(=O)C[C@H](CCCCCCCCCCC)O,1954.8150000000016,25.249000000000045,6.0,23.0,4.0,,,
4321,Cc1c(cc2cc1Oc3cc(ccc3O)C(C(=O)NC4C(c5ccc(cc5)Oc6cc7cc(c6OC8C(C(C(C(O8)COC9C(C(C(C(O9)C)O)O)O)O)O)OC1C(C(C(C(O1)CO)O)O)OC1C(C(C(CO1)O)O)O)Oc1ccc(cc1)C(C1C(=O)NC(c3cc(cc(c3-c3cc(ccc3O)C(C(=O)N1)NC(=O)C7NC(=O)C2NC4=O)OC1C(C(C(C(O1)CO)O)O)O)O)C(=O)OC)OC1CC(C(C(O1)C)O)[NH3+])O)[NH3+])O,2069.953000000001,-7.934980000000044,29.0,44.0,3.0,,,
4322,CC[C@H](C)[C@@H](C(=O)N1CCC[C@H]1C(=O)N[C@@H](CCC(=O)[O-])C(=O)N[C@@H](CCC(=O)[O-])C(=O)N[C@@H](Cc2ccc(cc2)O)C(=O)N[C@@H](CC(C)C)C(=O)[O-])NC(=O)[C@H](CCC(=O)[O-])NC(=O)[C@H](CCC(=O)[O-])NC(=O)[C@H](Cc3ccccc3)NC(=O)[C@H](CC(=O)[O-])NC(=O)CNC(=O)[C@H](CC(=O)N)NC(=O)CNC(=O)CNC(=O)CNC(=O)CNC(=O)[C@@H]4CCCN4C(=O)[C@H](CCCNC(=[NH2+])N)NC(=O)[C@@H]5CCCN5C(=O)[C@@H](Cc6ccccc6)[NH3+],2176.2850000000008,-18.66110000000001,22.0,33.0,3.0,,,
4323,CC(=O)N[C@@H]1[C@H]([C@H]([C@H](O[C@H]1O)CO)OS(=O)(=O)[O-])O[C@H]2[C@@H]([C@H]([C@@H]([C@H](O2)C(=O)[O-])O[C@H]3[C@@H]([C@H]([C@H]([C@H](O3)CO)OS(=O)(=O)[O-])O[C@H]4[C@@H]([C@H]([C@@H]([C@H](O4)C(=O)[O-])O[C@H]5[C@@H]([C@H]([C@H]([C@H](O5)CO)OS(=O)(=O)[O-])O[C@H]6[C@@H]([C@H]([C@@H]([C@H](O6)C(=O)[O-])O[C@H]7[C@@H]([C@H]([C@H]([C@H](O7)CO)OS(=O)(=O)[O-])O[C@H]8[C@@H]([C@H]([C@@H]([C@H](O8)C(=O)[O-])O[C@H]9[C@@H]([C@H]([C@H]([C@H](O9)CO)OS(=O)(=O)[O-])O[C@H]1[C@@H]([C@H]([C@@H]([C@H](O1)C(=O)[O-])O)O)O)NC(=O)C)O)O)NC(=O)C)O)O)NC(=O)C)O)O)NC(=O)C)O)O,2304.844999999998,-30.87410000000011,22.0,71.0,3.0,,,
4324,c1c(cc(c(c1O)O)O)C(=O)O[C@H]2[C@H]3[C@H]([C@H]4[C@H](O2)COC(=O)c5cc(c(c(c5-c6c(c(c(c(c6O)O)O)Oc7cc(cc(c7O)O)C(=O)O[C@H]8[C@H]9[C@H]([C@H]1[C@H](O8)COC(=O)c2cc(c(c(c2-c2c(c(c(c(c2O)O)O)O[C@H]2[C@H]5[C@H]([C@H]6[C@H](O2)COC(=O)c2cc(c(c(c2-c2c(cc(c(c2O)O)O)C(=O)O6)O)O)O)OC(=O)c2cc(c(c(c2-c2c(cc(c(c2O)O)O)C(=O)O5)O)O)O)C(=O)O1)O)O)O)OC(=O)c1cc(c(c(c1-c1c(cc(c(c1O)O)O)C(=O)O9)O)O)O)C(=O)O4)O)O)O)OC(=O)c1cc(c(c(c1-c1c(cc(c(c1O)O)O)C(=O)O3)O)O)O,2653.809999999992,4.759399999999962,41.0,74.0,3.0,,,
